2025-08-04 16:43:17,864 - ConfigManager_development - INFO - Initialized DataConfig for environment: development
2025-08-04 16:43:17,864 - ConfigManager_development - INFO - Initialized LeagueConfig for environment: development
2025-08-04 16:43:17,864 - ConfigManager_development - INFO - Initialized ModelConfig for environment: development
2025-08-04 16:43:17,864 - ConfigManager_development - INFO - Initialized PositionConfig for environment: development
2025-08-04 16:43:17,864 - ConfigManager_development - INFO - Initialized ScoringConfig for environment: development
2025-08-04 16:43:17,864 - ConfigManager_development - INFO - All configuration classes initialized successfully
2025-08-04 16:43:17,865 - ConfigManager_development - INFO - Configuration consistency validation passed
2025-08-04 16:43:17,865 - ConfigManager_development - INFO - Configuration manager initialized for environment: development
2025-08-04 16:43:17,878 - src.feature_engineering - INFO - Opportunity metrics components loaded successfully
2025-08-04 16:43:17,887 - src.feature_engineering - INFO - Position-specific feature engineering loaded successfully
2025-08-04 16:43:17,940 - src.feature_engineering - INFO - Matchup intelligence components loaded successfully
2025-08-04 16:55:45,381 - ConfigManager_development - INFO - Initialized DataConfig for environment: development
2025-08-04 16:55:45,381 - ConfigManager_development - INFO - Initialized LeagueConfig for environment: development
2025-08-04 16:55:45,381 - ConfigManager_development - INFO - Initialized ModelConfig for environment: development
2025-08-04 16:55:45,381 - ConfigManager_development - INFO - Initialized PositionConfig for environment: development
2025-08-04 16:55:45,381 - ConfigManager_development - INFO - Initialized ScoringConfig for environment: development
2025-08-04 16:55:45,381 - ConfigManager_development - INFO - All configuration classes initialized successfully
2025-08-04 16:55:45,382 - ConfigManager_development - INFO - Configuration consistency validation passed
2025-08-04 16:55:45,382 - ConfigManager_development - INFO - Configuration manager initialized for environment: development
2025-08-04 16:55:45,382 - src.data_acquisition - INFO - Fetching and saving player statistics for seasons 2010 to 2024
2025-08-04 16:55:45,382 - src.data_acquisition - INFO - Processing season 2010...
2025-08-04 16:55:45,382 - src.data_acquisition - INFO - Fetching player statistics for 2010 season for positions: ['QB', 'RB', 'WR', 'TE', 'K']
2025-08-04 16:55:45,833 - src.data_acquisition - INFO - Fetching play-by-play data for 2010 season...
2025-08-04 16:55:47,483 - src.data_storage - INFO - Created player_name column from 'name' for 46892 players
2025-08-04 16:55:47,483 - src.data_acquisition - INFO - Loaded 46892 play-by-play records for 2010
2025-08-04 16:55:47,611 - src.data_acquisition - INFO - Calculated advanced receiving metrics for 441 players
2025-08-04 16:55:47,611 - src.data_acquisition - INFO - Fetching snap count data for 2010 season...
2025-08-04 16:55:47,611 - src.data_acquisition - WARNING - Could not fetch snap count data for 2010: Data not available before 2012.
2025-08-04 16:55:48,178 - src.data_acquisition - INFO - Successfully fetched raw data for 2010 season
2025-08-04 16:55:48,196 - src.data_storage - INFO - Created player_name column for 610 players
2025-08-04 16:55:48,196 - src.data_acquisition - INFO - Merging play-by-play data: 441 players with advanced metrics
2025-08-04 16:55:48,197 - src.data_acquisition - INFO - Successfully merged play-by-play data
2025-08-04 16:55:48,198 - src.data_acquisition - INFO - Successfully merged stats for 2010 season. Total players: 524
2025-08-04 16:55:48,240 - src.data_acquisition - INFO - Successfully saved player statistics for 2010 season to /Users/jihoonsong/Documents/projects/fantasy_draft_engine/data/raw/player_season_2010.parquet
2025-08-04 16:55:48,240 - src.data_acquisition - INFO - Completed processing for season 2010
2025-08-04 16:55:48,240 - src.data_acquisition - INFO - Processing season 2011...
2025-08-04 16:55:48,240 - src.data_acquisition - INFO - Fetching player statistics for 2011 season for positions: ['QB', 'RB', 'WR', 'TE', 'K']
2025-08-04 16:55:48,670 - src.data_acquisition - INFO - Fetching play-by-play data for 2011 season...
2025-08-04 16:55:50,315 - src.data_storage - INFO - Created player_name column from 'name' for 47448 players
2025-08-04 16:55:50,315 - src.data_acquisition - INFO - Loaded 47448 play-by-play records for 2011
2025-08-04 16:55:50,438 - src.data_acquisition - INFO - Calculated advanced receiving metrics for 464 players
2025-08-04 16:55:50,438 - src.data_acquisition - INFO - Fetching snap count data for 2011 season...
2025-08-04 16:55:50,438 - src.data_acquisition - WARNING - Could not fetch snap count data for 2011: Data not available before 2012.
2025-08-04 16:55:50,972 - src.data_acquisition - INFO - Successfully fetched raw data for 2011 season
2025-08-04 16:55:50,991 - src.data_storage - INFO - Created player_name column for 607 players
2025-08-04 16:55:50,991 - src.data_acquisition - INFO - Merging play-by-play data: 464 players with advanced metrics
2025-08-04 16:55:50,992 - src.data_acquisition - INFO - Successfully merged play-by-play data
2025-08-04 16:55:50,993 - src.data_acquisition - INFO - Successfully merged stats for 2011 season. Total players: 527
2025-08-04 16:55:51,033 - src.data_acquisition - INFO - Successfully saved player statistics for 2011 season to /Users/jihoonsong/Documents/projects/fantasy_draft_engine/data/raw/player_season_2011.parquet
2025-08-04 16:55:51,033 - src.data_acquisition - INFO - Completed processing for season 2011
2025-08-04 16:55:51,033 - src.data_acquisition - INFO - Processing season 2012...
2025-08-04 16:55:51,033 - src.data_acquisition - INFO - Fetching player statistics for 2012 season for positions: ['QB', 'RB', 'WR', 'TE', 'K']
2025-08-04 16:55:51,391 - src.data_acquisition - INFO - Fetching play-by-play data for 2012 season...
2025-08-04 16:55:52,996 - src.data_storage - INFO - Created player_name column from 'name' for 47834 players
2025-08-04 16:55:52,996 - src.data_acquisition - INFO - Loaded 47834 play-by-play records for 2012
2025-08-04 16:55:53,126 - src.data_acquisition - INFO - Calculated advanced receiving metrics for 476 players
2025-08-04 16:55:53,126 - src.data_acquisition - INFO - Fetching snap count data for 2012 season...
2025-08-04 16:55:53,358 - src.data_storage - INFO - Created player_name column from 'player' for 23737 players
2025-08-04 16:55:53,358 - src.data_acquisition - INFO - Loaded 23737 snap count records for 2012
2025-08-04 16:55:53,362 - src.data_acquisition - INFO - Calculated snap metrics for 1940 players
2025-08-04 16:55:53,833 - src.data_acquisition - INFO - Successfully fetched raw data for 2012 season
2025-08-04 16:55:53,850 - src.data_storage - INFO - Created player_name column for 627 players
2025-08-04 16:55:53,850 - src.data_acquisition - INFO - Merging play-by-play data: 476 players with advanced metrics
2025-08-04 16:55:53,852 - src.data_acquisition - INFO - Successfully merged play-by-play data
2025-08-04 16:55:53,852 - src.data_acquisition - INFO - Merging snap count data: 1940 players with snap metrics
2025-08-04 16:55:53,854 - src.data_acquisition - INFO - Successfully merged snap count data
2025-08-04 16:55:53,854 - src.data_acquisition - INFO - Successfully merged stats for 2012 season. Total players: 542
2025-08-04 16:55:53,895 - src.data_acquisition - INFO - Successfully saved player statistics for 2012 season to /Users/jihoonsong/Documents/projects/fantasy_draft_engine/data/raw/player_season_2012.parquet
2025-08-04 16:55:53,895 - src.data_acquisition - INFO - Completed processing for season 2012
2025-08-04 16:55:53,895 - src.data_acquisition - INFO - Processing season 2013...
2025-08-04 16:55:53,895 - src.data_acquisition - INFO - Fetching player statistics for 2013 season for positions: ['QB', 'RB', 'WR', 'TE', 'K']
2025-08-04 16:55:54,310 - src.data_acquisition - INFO - Fetching play-by-play data for 2013 season...
2025-08-04 16:55:55,880 - src.data_storage - INFO - Created player_name column from 'name' for 48158 players
2025-08-04 16:55:55,880 - src.data_acquisition - INFO - Loaded 48158 play-by-play records for 2013
2025-08-04 16:55:56,010 - src.data_acquisition - INFO - Calculated advanced receiving metrics for 471 players
2025-08-04 16:55:56,011 - src.data_acquisition - INFO - Fetching snap count data for 2013 season...
2025-08-04 16:55:56,247 - src.data_storage - INFO - Created player_name column from 'player' for 23797 players
2025-08-04 16:55:56,247 - src.data_acquisition - INFO - Loaded 23797 snap count records for 2013
2025-08-04 16:55:56,251 - src.data_acquisition - INFO - Calculated snap metrics for 1916 players
2025-08-04 16:55:56,717 - src.data_acquisition - INFO - Successfully fetched raw data for 2013 season
2025-08-04 16:55:56,733 - src.data_storage - INFO - Created player_name column for 614 players
2025-08-04 16:55:56,733 - src.data_acquisition - INFO - Merging play-by-play data: 471 players with advanced metrics
2025-08-04 16:55:56,735 - src.data_acquisition - INFO - Successfully merged play-by-play data
2025-08-04 16:55:56,735 - src.data_acquisition - INFO - Merging snap count data: 1916 players with snap metrics
2025-08-04 16:55:56,736 - src.data_acquisition - INFO - Successfully merged snap count data
2025-08-04 16:55:56,737 - src.data_acquisition - INFO - Successfully merged stats for 2013 season. Total players: 537
2025-08-04 16:55:56,776 - src.data_acquisition - INFO - Successfully saved player statistics for 2013 season to /Users/jihoonsong/Documents/projects/fantasy_draft_engine/data/raw/player_season_2013.parquet
2025-08-04 16:55:56,776 - src.data_acquisition - INFO - Completed processing for season 2013
2025-08-04 16:55:56,776 - src.data_acquisition - INFO - Processing season 2014...
2025-08-04 16:55:56,776 - src.data_acquisition - INFO - Fetching player statistics for 2014 season for positions: ['QB', 'RB', 'WR', 'TE', 'K']
2025-08-04 16:55:57,184 - src.data_acquisition - INFO - Fetching play-by-play data for 2014 season...
2025-08-04 16:55:58,818 - src.data_storage - INFO - Created player_name column from 'name' for 47629 players
2025-08-04 16:55:58,818 - src.data_acquisition - INFO - Loaded 47629 play-by-play records for 2014
2025-08-04 16:55:58,945 - src.data_acquisition - INFO - Calculated advanced receiving metrics for 476 players
2025-08-04 16:55:58,945 - src.data_acquisition - INFO - Fetching snap count data for 2014 season...
2025-08-04 16:55:59,162 - src.data_storage - INFO - Created player_name column from 'player' for 23864 players
2025-08-04 16:55:59,162 - src.data_acquisition - INFO - Loaded 23864 snap count records for 2014
2025-08-04 16:55:59,165 - src.data_acquisition - INFO - Calculated snap metrics for 1956 players
2025-08-04 16:55:59,735 - src.data_acquisition - INFO - Successfully fetched raw data for 2014 season
2025-08-04 16:55:59,753 - src.data_storage - INFO - Created player_name column for 609 players
2025-08-04 16:55:59,753 - src.data_acquisition - INFO - Merging play-by-play data: 476 players with advanced metrics
2025-08-04 16:55:59,754 - src.data_acquisition - INFO - Successfully merged play-by-play data
2025-08-04 16:55:59,755 - src.data_acquisition - INFO - Merging snap count data: 1956 players with snap metrics
2025-08-04 16:55:59,756 - src.data_acquisition - INFO - Successfully merged snap count data
2025-08-04 16:55:59,757 - src.data_acquisition - INFO - Successfully merged stats for 2014 season. Total players: 540
2025-08-04 16:55:59,796 - src.data_acquisition - INFO - Successfully saved player statistics for 2014 season to /Users/jihoonsong/Documents/projects/fantasy_draft_engine/data/raw/player_season_2014.parquet
2025-08-04 16:55:59,796 - src.data_acquisition - INFO - Completed processing for season 2014
2025-08-04 16:55:59,796 - src.data_acquisition - INFO - Processing season 2015...
2025-08-04 16:55:59,796 - src.data_acquisition - INFO - Fetching player statistics for 2015 season for positions: ['QB', 'RB', 'WR', 'TE', 'K']
2025-08-04 16:56:00,136 - src.data_acquisition - INFO - Fetching play-by-play data for 2015 season...
2025-08-04 16:56:01,734 - src.data_storage - INFO - Created player_name column from 'name' for 48122 players
2025-08-04 16:56:01,734 - src.data_acquisition - INFO - Loaded 48122 play-by-play records for 2015
2025-08-04 16:56:01,863 - src.data_acquisition - INFO - Calculated advanced receiving metrics for 474 players
2025-08-04 16:56:01,863 - src.data_acquisition - INFO - Fetching snap count data for 2015 season...
2025-08-04 16:56:02,068 - src.data_storage - INFO - Created player_name column from 'player' for 23842 players
2025-08-04 16:56:02,068 - src.data_acquisition - INFO - Loaded 23842 snap count records for 2015
2025-08-04 16:56:02,072 - src.data_acquisition - INFO - Calculated snap metrics for 1964 players
2025-08-04 16:56:02,710 - src.data_acquisition - INFO - Successfully fetched raw data for 2015 season
2025-08-04 16:56:02,728 - src.data_storage - INFO - Created player_name column for 626 players
2025-08-04 16:56:02,728 - src.data_acquisition - INFO - Merging play-by-play data: 474 players with advanced metrics
2025-08-04 16:56:02,729 - src.data_acquisition - INFO - Successfully merged play-by-play data
2025-08-04 16:56:02,730 - src.data_acquisition - INFO - Merging snap count data: 1964 players with snap metrics
2025-08-04 16:56:02,731 - src.data_acquisition - INFO - Successfully merged snap count data
2025-08-04 16:56:02,732 - src.data_acquisition - INFO - Successfully merged stats for 2015 season. Total players: 568
2025-08-04 16:56:02,774 - src.data_acquisition - INFO - Successfully saved player statistics for 2015 season to /Users/jihoonsong/Documents/projects/fantasy_draft_engine/data/raw/player_season_2015.parquet
2025-08-04 16:56:02,774 - src.data_acquisition - INFO - Completed processing for season 2015
2025-08-04 16:56:02,774 - src.data_acquisition - INFO - Processing season 2016...
2025-08-04 16:56:02,774 - src.data_acquisition - INFO - Fetching player statistics for 2016 season for positions: ['QB', 'RB', 'WR', 'TE', 'K']
2025-08-04 16:56:03,183 - src.data_acquisition - INFO - Fetching play-by-play data for 2016 season...
2025-08-04 16:56:05,162 - src.data_storage - INFO - Created player_name column from 'name' for 47651 players
2025-08-04 16:56:05,162 - src.data_acquisition - INFO - Loaded 47651 play-by-play records for 2016
2025-08-04 16:56:05,300 - src.data_acquisition - INFO - Calculated advanced receiving metrics for 478 players
2025-08-04 16:56:05,300 - src.data_acquisition - INFO - Fetching snap count data for 2016 season...
2025-08-04 16:56:05,552 - src.data_storage - INFO - Created player_name column from 'player' for 23890 players
2025-08-04 16:56:05,553 - src.data_acquisition - INFO - Loaded 23890 snap count records for 2016
2025-08-04 16:56:05,557 - src.data_acquisition - INFO - Calculated snap metrics for 1983 players
2025-08-04 16:56:06,080 - src.data_acquisition - INFO - Successfully fetched raw data for 2016 season
2025-08-04 16:56:06,097 - src.data_storage - INFO - Created player_name column for 592 players
2025-08-04 16:56:06,097 - src.data_acquisition - INFO - Merging play-by-play data: 478 players with advanced metrics
2025-08-04 16:56:06,098 - src.data_acquisition - INFO - Successfully merged play-by-play data
2025-08-04 16:56:06,098 - src.data_acquisition - INFO - Merging snap count data: 1983 players with snap metrics
2025-08-04 16:56:06,100 - src.data_acquisition - INFO - Successfully merged snap count data
2025-08-04 16:56:06,100 - src.data_acquisition - INFO - Successfully merged stats for 2016 season. Total players: 565
2025-08-04 16:56:06,143 - src.data_acquisition - INFO - Successfully saved player statistics for 2016 season to /Users/jihoonsong/Documents/projects/fantasy_draft_engine/data/raw/player_season_2016.parquet
2025-08-04 16:56:06,143 - src.data_acquisition - INFO - Completed processing for season 2016
2025-08-04 16:56:06,143 - src.data_acquisition - INFO - Processing season 2017...
2025-08-04 16:56:06,143 - src.data_acquisition - INFO - Fetching player statistics for 2017 season for positions: ['QB', 'RB', 'WR', 'TE', 'K']
2025-08-04 16:56:06,540 - src.data_acquisition - INFO - Fetching play-by-play data for 2017 season...
2025-08-04 16:56:08,539 - src.data_storage - INFO - Created player_name column from 'name' for 47245 players
2025-08-04 16:56:08,539 - src.data_acquisition - INFO - Loaded 47245 play-by-play records for 2017
2025-08-04 16:56:08,676 - src.data_acquisition - INFO - Calculated advanced receiving metrics for 471 players
2025-08-04 16:56:08,676 - src.data_acquisition - INFO - Fetching snap count data for 2017 season...
2025-08-04 16:56:08,902 - src.data_storage - INFO - Created player_name column from 'player' for 23862 players
2025-08-04 16:56:08,902 - src.data_acquisition - INFO - Loaded 23862 snap count records for 2017
2025-08-04 16:56:08,906 - src.data_acquisition - INFO - Calculated snap metrics for 1998 players
2025-08-04 16:56:09,586 - src.data_acquisition - INFO - Successfully fetched raw data for 2017 season
2025-08-04 16:56:09,604 - src.data_storage - INFO - Created player_name column for 587 players
2025-08-04 16:56:09,604 - src.data_acquisition - INFO - Merging play-by-play data: 471 players with advanced metrics
2025-08-04 16:56:09,605 - src.data_acquisition - INFO - Successfully merged play-by-play data
2025-08-04 16:56:09,606 - src.data_acquisition - INFO - Merging snap count data: 1998 players with snap metrics
2025-08-04 16:56:09,608 - src.data_acquisition - INFO - Successfully merged snap count data
2025-08-04 16:56:09,609 - src.data_acquisition - INFO - Successfully merged stats for 2017 season. Total players: 553
2025-08-04 16:56:09,652 - src.data_acquisition - INFO - Successfully saved player statistics for 2017 season to /Users/jihoonsong/Documents/projects/fantasy_draft_engine/data/raw/player_season_2017.parquet
2025-08-04 16:56:09,652 - src.data_acquisition - INFO - Completed processing for season 2017
2025-08-04 16:56:09,653 - src.data_acquisition - INFO - Processing season 2018...
2025-08-04 16:56:09,653 - src.data_acquisition - INFO - Fetching player statistics for 2018 season for positions: ['QB', 'RB', 'WR', 'TE', 'K']
2025-08-04 16:56:10,017 - src.data_acquisition - INFO - Fetching play-by-play data for 2018 season...
2025-08-04 16:56:12,043 - src.data_storage - INFO - Created player_name column from 'name' for 47109 players
2025-08-04 16:56:12,043 - src.data_acquisition - INFO - Loaded 47109 play-by-play records for 2018
2025-08-04 16:56:12,179 - src.data_acquisition - INFO - Calculated advanced receiving metrics for 504 players
2025-08-04 16:56:12,179 - src.data_acquisition - INFO - Fetching snap count data for 2018 season...
2025-08-04 16:56:12,405 - src.data_storage - INFO - Created player_name column from 'player' for 23877 players
2025-08-04 16:56:12,405 - src.data_acquisition - INFO - Loaded 23877 snap count records for 2018
2025-08-04 16:56:12,409 - src.data_acquisition - INFO - Calculated snap metrics for 2011 players
2025-08-04 16:56:12,962 - src.data_acquisition - INFO - Successfully fetched raw data for 2018 season
2025-08-04 16:56:12,982 - src.data_storage - INFO - Created player_name column for 612 players
2025-08-04 16:56:12,982 - src.data_acquisition - INFO - Merging play-by-play data: 504 players with advanced metrics
2025-08-04 16:56:12,983 - src.data_acquisition - INFO - Successfully merged play-by-play data
2025-08-04 16:56:12,984 - src.data_acquisition - INFO - Merging snap count data: 2011 players with snap metrics
2025-08-04 16:56:12,985 - src.data_acquisition - INFO - Successfully merged snap count data
2025-08-04 16:56:12,986 - src.data_acquisition - INFO - Successfully merged stats for 2018 season. Total players: 570
2025-08-04 16:56:13,030 - src.data_acquisition - INFO - Successfully saved player statistics for 2018 season to /Users/jihoonsong/Documents/projects/fantasy_draft_engine/data/raw/player_season_2018.parquet
2025-08-04 16:56:13,030 - src.data_acquisition - INFO - Completed processing for season 2018
2025-08-04 16:56:13,030 - src.data_acquisition - INFO - Processing season 2019...
2025-08-04 16:56:13,030 - src.data_acquisition - INFO - Fetching player statistics for 2019 season for positions: ['QB', 'RB', 'WR', 'TE', 'K']
2025-08-04 16:56:13,429 - src.data_acquisition - INFO - Fetching play-by-play data for 2019 season...
2025-08-04 16:56:15,505 - src.data_storage - INFO - Created player_name column from 'name' for 47260 players
2025-08-04 16:56:15,505 - src.data_acquisition - INFO - Loaded 47260 play-by-play records for 2019
2025-08-04 16:56:15,640 - src.data_acquisition - INFO - Calculated advanced receiving metrics for 494 players
2025-08-04 16:56:15,640 - src.data_acquisition - INFO - Fetching snap count data for 2019 season...
2025-08-04 16:56:15,888 - src.data_storage - INFO - Created player_name column from 'player' for 23862 players
2025-08-04 16:56:15,889 - src.data_acquisition - INFO - Loaded 23862 snap count records for 2019
2025-08-04 16:56:15,901 - src.data_acquisition - INFO - Calculated snap metrics for 2021 players
2025-08-04 16:56:16,403 - src.data_acquisition - INFO - Successfully fetched raw data for 2019 season
2025-08-04 16:56:16,420 - src.data_storage - INFO - Created player_name column for 613 players
2025-08-04 16:56:16,420 - src.data_acquisition - INFO - Merging play-by-play data: 494 players with advanced metrics
2025-08-04 16:56:16,422 - src.data_acquisition - INFO - Successfully merged play-by-play data
2025-08-04 16:56:16,422 - src.data_acquisition - INFO - Merging snap count data: 2021 players with snap metrics
2025-08-04 16:56:16,424 - src.data_acquisition - INFO - Successfully merged snap count data
2025-08-04 16:56:16,424 - src.data_acquisition - INFO - Successfully merged stats for 2019 season. Total players: 569
2025-08-04 16:56:16,468 - src.data_acquisition - INFO - Successfully saved player statistics for 2019 season to /Users/jihoonsong/Documents/projects/fantasy_draft_engine/data/raw/player_season_2019.parquet
2025-08-04 16:56:16,468 - src.data_acquisition - INFO - Completed processing for season 2019
2025-08-04 16:56:16,468 - src.data_acquisition - INFO - Processing season 2020...
2025-08-04 16:56:16,468 - src.data_acquisition - INFO - Fetching player statistics for 2020 season for positions: ['QB', 'RB', 'WR', 'TE', 'K']
2025-08-04 16:56:16,846 - src.data_acquisition - INFO - Fetching play-by-play data for 2020 season...
2025-08-04 16:56:18,841 - src.data_storage - INFO - Created player_name column from 'name' for 47705 players
2025-08-04 16:56:18,841 - src.data_acquisition - INFO - Loaded 47705 play-by-play records for 2020
2025-08-04 16:56:18,978 - src.data_acquisition - INFO - Calculated advanced receiving metrics for 512 players
2025-08-04 16:56:18,978 - src.data_acquisition - INFO - Fetching snap count data for 2020 season...
2025-08-04 16:56:19,185 - src.data_storage - INFO - Created player_name column from 'player' for 24999 players
2025-08-04 16:56:19,185 - src.data_acquisition - INFO - Loaded 24999 snap count records for 2020
2025-08-04 16:56:19,189 - src.data_acquisition - INFO - Calculated snap metrics for 2188 players
2025-08-04 16:56:19,693 - src.data_acquisition - INFO - Successfully fetched raw data for 2020 season
2025-08-04 16:56:19,712 - src.data_storage - INFO - Created player_name column for 634 players
2025-08-04 16:56:19,712 - src.data_acquisition - INFO - Merging play-by-play data: 512 players with advanced metrics
2025-08-04 16:56:19,713 - src.data_acquisition - INFO - Successfully merged play-by-play data
2025-08-04 16:56:19,713 - src.data_acquisition - INFO - Merging snap count data: 2188 players with snap metrics
2025-08-04 16:56:19,715 - src.data_acquisition - INFO - Successfully merged snap count data
2025-08-04 16:56:19,716 - src.data_acquisition - INFO - Successfully merged stats for 2020 season. Total players: 595
2025-08-04 16:56:19,760 - src.data_acquisition - INFO - Successfully saved player statistics for 2020 season to /Users/jihoonsong/Documents/projects/fantasy_draft_engine/data/raw/player_season_2020.parquet
2025-08-04 16:56:19,760 - src.data_acquisition - INFO - Completed processing for season 2020
2025-08-04 16:56:19,760 - src.data_acquisition - INFO - Processing season 2021...
2025-08-04 16:56:19,760 - src.data_acquisition - INFO - Fetching player statistics for 2021 season for positions: ['QB', 'RB', 'WR', 'TE', 'K']
2025-08-04 16:56:20,175 - src.data_acquisition - INFO - Fetching play-by-play data for 2021 season...
2025-08-04 16:56:22,203 - src.data_storage - INFO - Created player_name column from 'name' for 49922 players
2025-08-04 16:56:22,203 - src.data_acquisition - INFO - Loaded 49922 play-by-play records for 2021
2025-08-04 16:56:22,346 - src.data_acquisition - INFO - Calculated advanced receiving metrics for 517 players
2025-08-04 16:56:22,346 - src.data_acquisition - INFO - Fetching snap count data for 2021 season...
2025-08-04 16:56:22,635 - src.data_storage - INFO - Created player_name column from 'player' for 26457 players
2025-08-04 16:56:22,635 - src.data_acquisition - INFO - Loaded 26457 snap count records for 2021
2025-08-04 16:56:22,643 - src.data_acquisition - INFO - Calculated snap metrics for 2287 players
2025-08-04 16:56:23,146 - src.data_acquisition - INFO - Successfully fetched raw data for 2021 season
2025-08-04 16:56:23,163 - src.data_storage - INFO - Created player_name column for 655 players
2025-08-04 16:56:23,163 - src.data_acquisition - INFO - Merging play-by-play data: 517 players with advanced metrics
2025-08-04 16:56:23,165 - src.data_acquisition - INFO - Successfully merged play-by-play data
2025-08-04 16:56:23,165 - src.data_acquisition - INFO - Merging snap count data: 2287 players with snap metrics
2025-08-04 16:56:23,167 - src.data_acquisition - INFO - Successfully merged snap count data
2025-08-04 16:56:23,168 - src.data_acquisition - INFO - Successfully merged stats for 2021 season. Total players: 612
2025-08-04 16:56:23,215 - src.data_acquisition - INFO - Successfully saved player statistics for 2021 season to /Users/jihoonsong/Documents/projects/fantasy_draft_engine/data/raw/player_season_2021.parquet
2025-08-04 16:56:23,215 - src.data_acquisition - INFO - Completed processing for season 2021
2025-08-04 16:56:23,215 - src.data_acquisition - INFO - Processing season 2022...
2025-08-04 16:56:23,215 - src.data_acquisition - INFO - Fetching player statistics for 2022 season for positions: ['QB', 'RB', 'WR', 'TE', 'K']
2025-08-04 16:56:23,549 - src.data_acquisition - INFO - Fetching play-by-play data for 2022 season...
2025-08-04 16:56:25,525 - src.data_storage - INFO - Created player_name column from 'name' for 49434 players
2025-08-04 16:56:25,525 - src.data_acquisition - INFO - Loaded 49434 play-by-play records for 2022
2025-08-04 16:56:25,664 - src.data_acquisition - INFO - Calculated advanced receiving metrics for 497 players
2025-08-04 16:56:25,664 - src.data_acquisition - INFO - Fetching snap count data for 2022 season...
2025-08-04 16:56:25,880 - src.data_storage - INFO - Created player_name column from 'player' for 26340 players
2025-08-04 16:56:25,880 - src.data_acquisition - INFO - Loaded 26340 snap count records for 2022
2025-08-04 16:56:25,885 - src.data_acquisition - INFO - Calculated snap metrics for 2183 players
2025-08-04 16:56:26,401 - src.data_acquisition - INFO - Successfully fetched raw data for 2022 season
2025-08-04 16:56:26,420 - src.data_storage - INFO - Created player_name column for 619 players
2025-08-04 16:56:26,420 - src.data_acquisition - INFO - Merging play-by-play data: 497 players with advanced metrics
2025-08-04 16:56:26,421 - src.data_acquisition - INFO - Successfully merged play-by-play data
2025-08-04 16:56:26,422 - src.data_acquisition - INFO - Merging snap count data: 2183 players with snap metrics
2025-08-04 16:56:26,423 - src.data_acquisition - INFO - Successfully merged snap count data
2025-08-04 16:56:26,424 - src.data_acquisition - INFO - Successfully merged stats for 2022 season. Total players: 589
2025-08-04 16:56:26,470 - src.data_acquisition - INFO - Successfully saved player statistics for 2022 season to /Users/jihoonsong/Documents/projects/fantasy_draft_engine/data/raw/player_season_2022.parquet
2025-08-04 16:56:26,471 - src.data_acquisition - INFO - Completed processing for season 2022
2025-08-04 16:56:26,471 - src.data_acquisition - INFO - Processing season 2023...
2025-08-04 16:56:26,471 - src.data_acquisition - INFO - Fetching player statistics for 2023 season for positions: ['QB', 'RB', 'WR', 'TE', 'K']
2025-08-04 16:56:26,773 - src.data_acquisition - INFO - Fetching play-by-play data for 2023 season...
2025-08-04 16:56:28,826 - src.data_storage - INFO - Created player_name column from 'name' for 49665 players
2025-08-04 16:56:28,826 - src.data_acquisition - INFO - Loaded 49665 play-by-play records for 2023
2025-08-04 16:56:28,966 - src.data_acquisition - INFO - Calculated advanced receiving metrics for 477 players
2025-08-04 16:56:28,966 - src.data_acquisition - INFO - Fetching snap count data for 2023 season...
2025-08-04 16:56:29,257 - src.data_storage - INFO - Created player_name column from 'player' for 26513 players
2025-08-04 16:56:29,257 - src.data_acquisition - INFO - Loaded 26513 snap count records for 2023
2025-08-04 16:56:29,262 - src.data_acquisition - INFO - Calculated snap metrics for 2138 players
2025-08-04 16:56:29,777 - src.data_acquisition - INFO - Successfully fetched raw data for 2023 season
2025-08-04 16:56:29,795 - src.data_storage - INFO - Created player_name column for 588 players
2025-08-04 16:56:29,795 - src.data_acquisition - INFO - Merging play-by-play data: 477 players with advanced metrics
2025-08-04 16:56:29,797 - src.data_acquisition - INFO - Successfully merged play-by-play data
2025-08-04 16:56:29,797 - src.data_acquisition - INFO - Merging snap count data: 2138 players with snap metrics
2025-08-04 16:56:29,798 - src.data_acquisition - INFO - Successfully merged snap count data
2025-08-04 16:56:29,799 - src.data_acquisition - INFO - Successfully merged stats for 2023 season. Total players: 559
2025-08-04 16:56:29,845 - src.data_acquisition - INFO - Successfully saved player statistics for 2023 season to /Users/jihoonsong/Documents/projects/fantasy_draft_engine/data/raw/player_season_2023.parquet
2025-08-04 16:56:29,845 - src.data_acquisition - INFO - Completed processing for season 2023
2025-08-04 16:56:29,845 - src.data_acquisition - INFO - Processing season 2024...
2025-08-04 16:56:29,845 - src.data_acquisition - INFO - Fetching player statistics for 2024 season for positions: ['QB', 'RB', 'WR', 'TE', 'K']
2025-08-04 16:56:30,210 - src.data_acquisition - INFO - Fetching play-by-play data for 2024 season...
2025-08-04 16:56:31,832 - src.data_storage - INFO - Created player_name column from 'name' for 49492 players
2025-08-04 16:56:31,832 - src.data_acquisition - INFO - Loaded 49492 play-by-play records for 2024
2025-08-04 16:56:31,963 - src.data_acquisition - INFO - Calculated advanced receiving metrics for 486 players
2025-08-04 16:56:31,963 - src.data_acquisition - INFO - Fetching snap count data for 2024 season...
2025-08-04 16:56:32,153 - src.data_storage - INFO - Created player_name column from 'player' for 26600 players
2025-08-04 16:56:32,153 - src.data_acquisition - INFO - Loaded 26600 snap count records for 2024
2025-08-04 16:56:32,157 - src.data_acquisition - INFO - Calculated snap metrics for 2186 players
2025-08-04 16:56:32,688 - src.data_acquisition - INFO - Successfully fetched raw data for 2024 season
2025-08-04 16:56:32,705 - src.data_storage - INFO - Created player_name column for 607 players
2025-08-04 16:56:32,705 - src.data_acquisition - INFO - Merging play-by-play data: 486 players with advanced metrics
2025-08-04 16:56:32,706 - src.data_acquisition - INFO - Successfully merged play-by-play data
2025-08-04 16:56:32,706 - src.data_acquisition - INFO - Merging snap count data: 2186 players with snap metrics
2025-08-04 16:56:32,708 - src.data_acquisition - INFO - Successfully merged snap count data
2025-08-04 16:56:32,708 - src.data_acquisition - INFO - Successfully merged stats for 2024 season. Total players: 569
2025-08-04 16:56:32,749 - src.data_acquisition - INFO - Successfully saved player statistics for 2024 season to /Users/jihoonsong/Documents/projects/fantasy_draft_engine/data/raw/player_season_2024.parquet
2025-08-04 16:56:32,749 - src.data_acquisition - INFO - Completed processing for season 2024
2025-08-04 16:56:32,749 - src.data_acquisition - INFO - Completed fetching and saving player statistics for all seasons. Saved 15 files.
2025-08-04 17:03:11,451 - src.data_storage - INFO - Loading raw data for 2024 season from /Users/jihoonsong/Documents/projects/fantasy_draft_engine/data/raw/player_season_2024.parquet
2025-08-04 17:03:11,456 - current_data_pipeline - INFO - ✅ Loaded existing enhanced 2024 data: 569 records with advanced features
2025-08-04 17:03:11,456 - current_data_pipeline - INFO - 📊 PBP Features: 14 features - ['completions', 'passing_air_yards', 'passing_epa']...
2025-08-04 17:03:11,456 - current_data_pipeline - INFO - 📊 Snap Features: 4 features - ['total_offense_snaps', 'avg_offense_snap_pct', 'total_defense_snaps']...
2025-08-04 17:03:11,456 - current_data_pipeline - INFO - 📊 Basic Features: 5 features - ['carries', 'rushing_yards', 'receptions']...
2025-08-04 17:03:11,456 - current_data_pipeline - INFO - Fetching current roster assignments for 2024
2025-08-04 17:03:11,826 - current_data_pipeline - INFO - Successfully loaded 3215 current roster assignments
2025-08-04 17:03:11,827 - current_data_pipeline - INFO - ✅ Austin Ekeler: WAS RB
2025-08-04 17:03:11,828 - current_data_pipeline - INFO - ✅ Christian McCaffrey: SF RB
2025-08-04 17:03:11,829 - current_data_pipeline - INFO - ✅ Justin Jefferson: MIN WR
2025-08-04 17:03:11,830 - current_data_pipeline - INFO - Filtered rosters to 129 QB players
2025-08-04 17:03:11,830 - current_data_pipeline - INFO - Updating data with current team assignments
2025-08-04 17:03:11,832 - current_data_pipeline - INFO - ✅ Merge preserved all players: 569 → 569
2025-08-04 17:03:11,833 - current_data_pipeline - INFO - Cleaned up 4 suffix columns: ['position_old', 'player_name_old', 'player_name_current']...
2025-08-04 17:03:11,833 - current_data_pipeline - INFO - 🔍 Roster matching: 569/569 players have current roster data
2025-08-04 17:03:11,833 - current_data_pipeline - INFO - ✅ Team assignment update successful for 569 players
2025-08-04 17:03:11,834 - current_data_pipeline - INFO - Position filter: 78 QB players
2025-08-04 17:03:11,834 - current_data_pipeline - INFO - 🔧 Applying advanced feature engineering to 78 QB players
2025-08-04 17:03:11,834 - current_data_pipeline - INFO - 🧮 Adding calculated features to bridge ML feature gap
2025-08-04 17:03:11,834 - current_data_pipeline - INFO - 📊 Calculating per-game metrics using games
2025-08-04 17:03:11,839 - current_data_pipeline - INFO - ✅ Added 39 calculated features
2025-08-04 17:03:11,839 - current_data_pipeline - INFO - ✅ Applied calculated features (per-game metrics and efficiency ratios)
2025-08-04 17:03:11,839 - current_data_pipeline - INFO - 📈 Adding lagged features from 2023 season
2025-08-04 17:03:11,840 - current_data_pipeline - INFO - Loading 2023 season data for lagged features
2025-08-04 17:03:11,840 - src.data_storage - INFO - Loading raw data for 2023 season from /Users/jihoonsong/Documents/projects/fantasy_draft_engine/data/raw/player_season_2023.parquet
2025-08-04 17:03:11,844 - current_data_pipeline - INFO - Loaded 559 players from 2023 season
2025-08-04 17:03:11,846 - current_data_pipeline - INFO - Merging 18 lagged features with current data
2025-08-04 17:03:11,850 - current_data_pipeline - INFO - ✅ Added 26 lagged features (18 direct + 8 derived)
2025-08-04 17:03:11,850 - current_data_pipeline - INFO - 📊 Lagged data matched for 42/78 players
2025-08-04 17:03:11,850 - current_data_pipeline - INFO - ✅ Applied lagged features from previous season
2025-08-04 17:03:11,850 - src.features.opportunity_metrics - INFO - Enhancing existing opportunity metrics
2025-08-04 17:03:11,850 - src.features.opportunity_metrics - INFO - Found existing opportunity metrics: ['receiving_air_yards', 'target_share', 'air_yards_share', 'wopr_x', 'wopr_y']
2025-08-04 17:03:11,850 - src.features.opportunity_metrics - INFO - Air yards related columns: ['passing_air_yards', 'receiving_air_yards', 'air_yards_share', 'air_yards_per_target', 'total_air_yards']
2025-08-04 17:03:11,850 - src.features.opportunity_metrics - INFO - Calculated aDOT from existing air yards data
2025-08-04 17:03:11,851 - src.features.opportunity_metrics - INFO - Calculated enhanced WOPR from existing metrics
2025-08-04 17:03:11,851 - src.features.opportunity_metrics - INFO - Calculating red zone opportunities
2025-08-04 17:03:11,851 - src.features.opportunity_metrics - INFO - Loading play-by-play data for 2024
2025-08-04 17:03:13,373 - src.data_storage - INFO - Created player_name column from 'name' for 49492 players
2025-08-04 17:03:13,494 - src.features.opportunity_metrics - INFO - Loaded 17748 passing plays with column mapping
2025-08-04 17:03:13,495 - src.features.opportunity_metrics - INFO - Using columns - play_type: play_type, air_yards: air_yards, receiver: receiver_player_name
2025-08-04 17:03:13,526 - src.features.opportunity_metrics - INFO - Calculated red zone opportunities for 78 players
2025-08-04 17:03:13,529 - src.features.opportunity_metrics - INFO - Enhanced opportunity metrics for 78 players
2025-08-04 17:03:13,529 - current_data_pipeline - INFO - ✅ Applied opportunity metrics enhancement
2025-08-04 17:03:13,529 - src.features.usage_analytics - INFO - Calculating all usage analytics
2025-08-04 17:03:13,530 - src.features.usage_analytics - INFO - Calculating snap count metrics
2025-08-04 17:03:13,530 - src.features.usage_analytics - INFO - Loading snap count data for 2024
2025-08-04 17:03:13,674 - src.data_storage - INFO - Created player_name column from 'player' for 26600 players
2025-08-04 17:03:13,674 - src.features.usage_analytics - INFO - Loaded snap counts for 26600 player-week records
2025-08-04 17:03:13,674 - src.features.usage_analytics - INFO - Available snap data columns: ['game_id', 'pfr_game_id', 'season', 'game_type', 'week', 'player', 'pfr_player_id', 'position', 'team', 'opponent', 'offense_snaps', 'offense_pct', 'defense_snaps', 'defense_pct', 'st_snaps', 'st_pct', 'player_name']
2025-08-04 17:03:13,674 - src.features.usage_analytics - INFO - Snap data column mapping - snaps: offense_snaps, pct: offense_pct, player: player_name, team: team
2025-08-04 17:03:13,679 - src.features.usage_analytics - INFO - Calculating snaps per game using games column: games
2025-08-04 17:03:13,683 - src.features.usage_analytics - INFO - Successfully merged snap data using columns: ['player_name', 'team', 'total_snaps', 'avg_snap_share', 'snaps_per_game']
2025-08-04 17:03:13,684 - src.features.usage_analytics - INFO - Added snap metrics for 78 players
2025-08-04 17:03:13,684 - src.features.usage_analytics - INFO - Calculating usage efficiency metrics
2025-08-04 17:03:13,685 - src.features.usage_analytics - INFO - Calculated usage efficiency metrics for 78 players
2025-08-04 17:03:13,685 - src.features.usage_analytics - INFO - Calculating advanced route participation metrics
2025-08-04 17:03:15,092 - src.data_storage - INFO - Created player_name column from 'name' for 49492 players
2025-08-04 17:03:15,260 - src.features.usage_analytics - INFO - Calculated advanced route participation for 78 players
2025-08-04 17:03:15,279 - src.features.usage_analytics - INFO - Calculating situational usage metrics
2025-08-04 17:03:15,344 - src.features.usage_analytics - INFO - Calculated situational usage for 78 players
2025-08-04 17:03:15,349 - src.features.usage_analytics - INFO - Completed all usage analytics for 78 players
2025-08-04 17:03:15,349 - current_data_pipeline - INFO - ✅ Applied usage analytics enhancement
2025-08-04 17:03:15,349 - current_data_pipeline - INFO - 🎯 Applying position-specific feature engineering for QB
2025-08-04 17:03:15,350 - ColumnMapper - INFO - Column mapping: 9 found, 1 missing
2025-08-04 17:03:15,350 - QBFeatureEngineer_QB - INFO - Engineering features for 78 QB records
2025-08-04 17:03:15,350 - ColumnMapper - INFO - Column mapping: 9 found, 1 missing
2025-08-04 17:03:15,351 - ColumnMapper - INFO - Column mapping: 11 found, 7 missing
2025-08-04 17:03:15,351 - ColumnMapper - INFO - Column mapping: 10 found, 0 missing
2025-08-04 17:03:15,351 - ColumnMapper - INFO - Column mapping: 5 found, 1 missing
2025-08-04 17:03:15,352 - ColumnMapper - INFO - Column mapping: 5 found, 1 missing
2025-08-04 17:03:15,352 - QBFeatureEngineer_QB - INFO - QB feature engineering completed successfully
2025-08-04 17:03:15,353 - current_data_pipeline - INFO - ✅ Applied QB-specific feature engineering
2025-08-04 17:03:15,353 - current_data_pipeline - INFO - 🔢 Final feature count: 177 features for ML prediction
2025-08-04 17:03:15,355 - current_data_pipeline - INFO - ✅ Created enhanced current inference dataset: 78 records with advanced features
2025-08-04 17:07:32,025 - src.data_storage - INFO - Loading raw data for 2024 season from /Users/jihoonsong/Documents/projects/fantasy_draft_engine/data/raw/player_season_2024.parquet
2025-08-04 17:07:32,030 - current_data_pipeline - INFO - ✅ Loaded existing enhanced 2024 data: 569 records with advanced features
2025-08-04 17:07:32,030 - current_data_pipeline - INFO - 📊 PBP Features: 14 features - ['completions', 'passing_air_yards', 'passing_epa']...
2025-08-04 17:07:32,030 - current_data_pipeline - INFO - 📊 Snap Features: 4 features - ['total_offense_snaps', 'avg_offense_snap_pct', 'total_defense_snaps']...
2025-08-04 17:07:32,030 - current_data_pipeline - INFO - 📊 Basic Features: 5 features - ['carries', 'rushing_yards', 'receptions']...
2025-08-04 17:07:32,030 - current_data_pipeline - INFO - Fetching current roster assignments for 2024
2025-08-04 17:07:32,408 - current_data_pipeline - INFO - Successfully loaded 3215 current roster assignments
2025-08-04 17:07:32,409 - current_data_pipeline - INFO - ✅ Austin Ekeler: WAS RB
2025-08-04 17:07:32,409 - current_data_pipeline - INFO - ✅ Christian McCaffrey: SF RB
2025-08-04 17:07:32,410 - current_data_pipeline - INFO - ✅ Justin Jefferson: MIN WR
2025-08-04 17:07:32,411 - current_data_pipeline - INFO - Filtered rosters to 129 QB players
2025-08-04 17:07:32,411 - current_data_pipeline - INFO - Updating data with current team assignments
2025-08-04 17:07:32,413 - current_data_pipeline - INFO - ✅ Merge preserved all players: 569 → 569
2025-08-04 17:07:32,414 - current_data_pipeline - INFO - Cleaned up 4 suffix columns: ['position_old', 'player_name_old', 'player_name_current']...
2025-08-04 17:07:32,414 - current_data_pipeline - INFO - 🔍 Roster matching: 569/569 players have current roster data
2025-08-04 17:07:32,414 - current_data_pipeline - INFO - ✅ Team assignment update successful for 569 players
2025-08-04 17:07:32,415 - current_data_pipeline - INFO - Position filter: 78 QB players
2025-08-04 17:07:32,415 - current_data_pipeline - INFO - 🔧 Applying advanced feature engineering to 78 QB players
2025-08-04 17:07:32,415 - current_data_pipeline - INFO - 🧮 Adding calculated features to bridge ML feature gap
2025-08-04 17:07:32,415 - current_data_pipeline - INFO - 📊 Calculating per-game metrics using games
2025-08-04 17:07:32,419 - current_data_pipeline - INFO - ✅ Added 39 calculated features
2025-08-04 17:07:32,419 - current_data_pipeline - INFO - ✅ Applied calculated features (per-game metrics and efficiency ratios)
2025-08-04 17:07:32,419 - current_data_pipeline - INFO - 📈 Adding lagged features from 2023 season
2025-08-04 17:07:32,420 - current_data_pipeline - INFO - Loading 2023 season data for lagged features
2025-08-04 17:07:32,420 - src.data_storage - INFO - Loading raw data for 2023 season from /Users/jihoonsong/Documents/projects/fantasy_draft_engine/data/raw/player_season_2023.parquet
2025-08-04 17:07:32,424 - current_data_pipeline - INFO - Loaded 559 players from 2023 season
2025-08-04 17:07:32,426 - current_data_pipeline - INFO - Merging 18 lagged features with current data
2025-08-04 17:07:32,429 - current_data_pipeline - INFO - ✅ Added 26 lagged features (18 direct + 8 derived)
2025-08-04 17:07:32,430 - current_data_pipeline - INFO - 📊 Lagged data matched for 42/78 players
2025-08-04 17:07:32,430 - current_data_pipeline - INFO - ✅ Applied lagged features from previous season
2025-08-04 17:07:32,430 - src.features.opportunity_metrics - INFO - Enhancing existing opportunity metrics
2025-08-04 17:07:32,430 - src.features.opportunity_metrics - INFO - Found existing opportunity metrics: ['receiving_air_yards', 'target_share', 'air_yards_share', 'wopr_x', 'wopr_y']
2025-08-04 17:07:32,430 - src.features.opportunity_metrics - INFO - Air yards related columns: ['passing_air_yards', 'receiving_air_yards', 'air_yards_share', 'air_yards_per_target', 'total_air_yards']
2025-08-04 17:07:32,430 - src.features.opportunity_metrics - INFO - Calculated aDOT from existing air yards data
2025-08-04 17:07:32,430 - src.features.opportunity_metrics - INFO - Calculated enhanced WOPR from existing metrics
2025-08-04 17:07:32,430 - src.features.opportunity_metrics - INFO - Calculating red zone opportunities
2025-08-04 17:07:32,430 - src.features.opportunity_metrics - INFO - Loading play-by-play data for 2024
2025-08-04 17:07:33,794 - src.data_storage - INFO - Created player_name column from 'name' for 49492 players
2025-08-04 17:07:33,918 - src.features.opportunity_metrics - INFO - Loaded 17748 passing plays with column mapping
2025-08-04 17:07:33,918 - src.features.opportunity_metrics - INFO - Using columns - play_type: play_type, air_yards: air_yards, receiver: receiver_player_name
2025-08-04 17:07:33,949 - src.features.opportunity_metrics - INFO - Calculated red zone opportunities for 78 players
2025-08-04 17:07:33,952 - src.features.opportunity_metrics - INFO - Enhanced opportunity metrics for 78 players
2025-08-04 17:07:33,952 - current_data_pipeline - INFO - ✅ Applied opportunity metrics enhancement
2025-08-04 17:07:33,952 - src.features.usage_analytics - INFO - Calculating all usage analytics
2025-08-04 17:07:33,953 - src.features.usage_analytics - INFO - Calculating snap count metrics
2025-08-04 17:07:33,953 - src.features.usage_analytics - INFO - Loading snap count data for 2024
2025-08-04 17:07:34,097 - src.data_storage - INFO - Created player_name column from 'player' for 26600 players
2025-08-04 17:07:34,097 - src.features.usage_analytics - INFO - Loaded snap counts for 26600 player-week records
2025-08-04 17:07:34,097 - src.features.usage_analytics - INFO - Available snap data columns: ['game_id', 'pfr_game_id', 'season', 'game_type', 'week', 'player', 'pfr_player_id', 'position', 'team', 'opponent', 'offense_snaps', 'offense_pct', 'defense_snaps', 'defense_pct', 'st_snaps', 'st_pct', 'player_name']
2025-08-04 17:07:34,097 - src.features.usage_analytics - INFO - Snap data column mapping - snaps: offense_snaps, pct: offense_pct, player: player_name, team: team
2025-08-04 17:07:34,102 - src.features.usage_analytics - INFO - Calculating snaps per game using games column: games
2025-08-04 17:07:34,106 - src.features.usage_analytics - INFO - Successfully merged snap data using columns: ['player_name', 'team', 'total_snaps', 'avg_snap_share', 'snaps_per_game']
2025-08-04 17:07:34,106 - src.features.usage_analytics - INFO - Added snap metrics for 78 players
2025-08-04 17:07:34,106 - src.features.usage_analytics - INFO - Calculating usage efficiency metrics
2025-08-04 17:07:34,108 - src.features.usage_analytics - INFO - Calculated usage efficiency metrics for 78 players
2025-08-04 17:07:34,108 - src.features.usage_analytics - INFO - Calculating advanced route participation metrics
2025-08-04 17:07:35,483 - src.data_storage - INFO - Created player_name column from 'name' for 49492 players
2025-08-04 17:07:35,647 - src.features.usage_analytics - INFO - Calculated advanced route participation for 78 players
2025-08-04 17:07:35,666 - src.features.usage_analytics - INFO - Calculating situational usage metrics
2025-08-04 17:07:35,731 - src.features.usage_analytics - INFO - Calculated situational usage for 78 players
2025-08-04 17:07:35,736 - src.features.usage_analytics - INFO - Completed all usage analytics for 78 players
2025-08-04 17:07:35,736 - current_data_pipeline - INFO - ✅ Applied usage analytics enhancement
2025-08-04 17:07:35,736 - current_data_pipeline - INFO - 🎯 Applying position-specific feature engineering for QB
2025-08-04 17:07:35,736 - ColumnMapper - INFO - Column mapping: 9 found, 1 missing
2025-08-04 17:07:35,737 - QBFeatureEngineer_QB - INFO - Engineering features for 78 QB records
2025-08-04 17:07:35,737 - ColumnMapper - INFO - Column mapping: 9 found, 1 missing
2025-08-04 17:07:35,738 - ColumnMapper - INFO - Column mapping: 11 found, 7 missing
2025-08-04 17:07:35,738 - ColumnMapper - INFO - Column mapping: 10 found, 0 missing
2025-08-04 17:07:35,738 - ColumnMapper - INFO - Column mapping: 5 found, 1 missing
2025-08-04 17:07:35,739 - ColumnMapper - INFO - Column mapping: 5 found, 1 missing
2025-08-04 17:07:35,739 - QBFeatureEngineer_QB - INFO - QB feature engineering completed successfully
2025-08-04 17:07:35,740 - current_data_pipeline - INFO - ✅ Applied QB-specific feature engineering
2025-08-04 17:07:35,740 - current_data_pipeline - INFO - 🔢 Final feature count: 177 features for ML prediction
2025-08-04 17:07:35,742 - current_data_pipeline - INFO - ✅ Created enhanced current inference dataset: 78 records with advanced features
2025-08-04 17:07:36,123 - current_data_pipeline - INFO - Creating enhanced current inference dataset for RB
2025-08-04 17:07:36,123 - current_data_pipeline - INFO - Fetching enhanced current season performance data for 2024
2025-08-04 17:07:36,123 - src.data_storage - INFO - Loading raw data for 2024 season from /Users/jihoonsong/Documents/projects/fantasy_draft_engine/data/raw/player_season_2024.parquet
2025-08-04 17:07:36,128 - current_data_pipeline - INFO - ✅ Loaded existing enhanced 2024 data: 569 records with advanced features
2025-08-04 17:07:36,128 - current_data_pipeline - INFO - 📊 PBP Features: 14 features - ['completions', 'passing_air_yards', 'passing_epa']...
2025-08-04 17:07:36,128 - current_data_pipeline - INFO - 📊 Snap Features: 4 features - ['total_offense_snaps', 'avg_offense_snap_pct', 'total_defense_snaps']...
2025-08-04 17:07:36,128 - current_data_pipeline - INFO - 📊 Basic Features: 5 features - ['carries', 'rushing_yards', 'receptions']...
2025-08-04 17:07:36,128 - current_data_pipeline - INFO - Fetching current roster assignments for 2024
2025-08-04 17:07:36,513 - current_data_pipeline - INFO - Successfully loaded 3215 current roster assignments
2025-08-04 17:07:36,514 - current_data_pipeline - INFO - ✅ Austin Ekeler: WAS RB
2025-08-04 17:07:36,514 - current_data_pipeline - INFO - ✅ Christian McCaffrey: SF RB
2025-08-04 17:07:36,515 - current_data_pipeline - INFO - ✅ Justin Jefferson: MIN WR
2025-08-04 17:07:36,516 - current_data_pipeline - INFO - Filtered rosters to 233 RB players
2025-08-04 17:07:36,516 - current_data_pipeline - INFO - Updating data with current team assignments
2025-08-04 17:07:36,518 - current_data_pipeline - INFO - ✅ Merge preserved all players: 569 → 569
2025-08-04 17:07:36,519 - current_data_pipeline - INFO - Cleaned up 4 suffix columns: ['position_old', 'player_name_old', 'player_name_current']...
2025-08-04 17:07:36,519 - current_data_pipeline - INFO - 🔍 Roster matching: 569/569 players have current roster data
2025-08-04 17:07:36,519 - current_data_pipeline - INFO - ✅ Team assignment update successful for 569 players
2025-08-04 17:07:36,520 - current_data_pipeline - INFO - Position filter: 145 RB players
2025-08-04 17:07:36,520 - current_data_pipeline - INFO - 🔧 Applying advanced feature engineering to 145 RB players
2025-08-04 17:07:36,520 - current_data_pipeline - INFO - 🧮 Adding calculated features to bridge ML feature gap
2025-08-04 17:07:36,520 - current_data_pipeline - INFO - 📊 Calculating per-game metrics using games
2025-08-04 17:07:36,525 - current_data_pipeline - INFO - ✅ Added 39 calculated features
2025-08-04 17:07:36,525 - current_data_pipeline - INFO - ✅ Applied calculated features (per-game metrics and efficiency ratios)
2025-08-04 17:07:36,525 - current_data_pipeline - INFO - 📈 Adding lagged features from 2023 season
2025-08-04 17:07:36,525 - current_data_pipeline - INFO - Loading 2023 season data for lagged features
2025-08-04 17:07:36,525 - src.data_storage - INFO - Loading raw data for 2023 season from /Users/jihoonsong/Documents/projects/fantasy_draft_engine/data/raw/player_season_2023.parquet
2025-08-04 17:07:36,530 - current_data_pipeline - INFO - Loaded 559 players from 2023 season
2025-08-04 17:07:36,531 - current_data_pipeline - INFO - Merging 18 lagged features with current data
2025-08-04 17:07:36,535 - current_data_pipeline - INFO - ✅ Added 26 lagged features (18 direct + 8 derived)
2025-08-04 17:07:36,535 - current_data_pipeline - INFO - 📊 Lagged data matched for 84/145 players
2025-08-04 17:07:36,536 - current_data_pipeline - INFO - ✅ Applied lagged features from previous season
2025-08-04 17:07:36,536 - src.features.opportunity_metrics - INFO - Enhancing existing opportunity metrics
2025-08-04 17:07:36,536 - src.features.opportunity_metrics - INFO - Found existing opportunity metrics: ['receiving_air_yards', 'target_share', 'air_yards_share', 'wopr_x', 'wopr_y']
2025-08-04 17:07:36,536 - src.features.opportunity_metrics - INFO - Air yards related columns: ['passing_air_yards', 'receiving_air_yards', 'air_yards_share', 'air_yards_per_target', 'total_air_yards']
2025-08-04 17:07:36,536 - src.features.opportunity_metrics - INFO - Calculated aDOT from existing air yards data
2025-08-04 17:07:36,536 - src.features.opportunity_metrics - INFO - Calculated enhanced WOPR from existing metrics
2025-08-04 17:07:36,536 - src.features.opportunity_metrics - INFO - Calculating red zone opportunities
2025-08-04 17:07:36,536 - src.features.opportunity_metrics - INFO - Loading play-by-play data for 2024
2025-08-04 17:07:37,929 - src.data_storage - INFO - Created player_name column from 'name' for 49492 players
2025-08-04 17:07:38,053 - src.features.opportunity_metrics - INFO - Loaded 17748 passing plays with column mapping
2025-08-04 17:07:38,053 - src.features.opportunity_metrics - INFO - Using columns - play_type: play_type, air_yards: air_yards, receiver: receiver_player_name
2025-08-04 17:07:38,085 - src.features.opportunity_metrics - INFO - Calculated red zone opportunities for 145 players
2025-08-04 17:07:38,088 - src.features.opportunity_metrics - INFO - Enhanced opportunity metrics for 145 players
2025-08-04 17:07:38,088 - current_data_pipeline - INFO - ✅ Applied opportunity metrics enhancement
2025-08-04 17:07:38,088 - src.features.usage_analytics - INFO - Calculating all usage analytics
2025-08-04 17:07:38,088 - src.features.usage_analytics - INFO - Calculating snap count metrics
2025-08-04 17:07:38,089 - src.features.usage_analytics - INFO - Loading snap count data for 2024
2025-08-04 17:07:38,222 - src.data_storage - INFO - Created player_name column from 'player' for 26600 players
2025-08-04 17:07:38,222 - src.features.usage_analytics - INFO - Loaded snap counts for 26600 player-week records
2025-08-04 17:07:38,222 - src.features.usage_analytics - INFO - Available snap data columns: ['game_id', 'pfr_game_id', 'season', 'game_type', 'week', 'player', 'pfr_player_id', 'position', 'team', 'opponent', 'offense_snaps', 'offense_pct', 'defense_snaps', 'defense_pct', 'st_snaps', 'st_pct', 'player_name']
2025-08-04 17:07:38,222 - src.features.usage_analytics - INFO - Snap data column mapping - snaps: offense_snaps, pct: offense_pct, player: player_name, team: team
2025-08-04 17:07:38,227 - src.features.usage_analytics - INFO - Calculating snaps per game using games column: games
2025-08-04 17:07:38,230 - src.features.usage_analytics - INFO - Successfully merged snap data using columns: ['player_name', 'team', 'total_snaps', 'avg_snap_share', 'snaps_per_game']
2025-08-04 17:07:38,231 - src.features.usage_analytics - INFO - Added snap metrics for 145 players
2025-08-04 17:07:38,231 - src.features.usage_analytics - INFO - Calculating usage efficiency metrics
2025-08-04 17:07:38,232 - src.features.usage_analytics - INFO - Calculated usage efficiency metrics for 145 players
2025-08-04 17:07:38,232 - src.features.usage_analytics - INFO - Calculating advanced route participation metrics
2025-08-04 17:07:39,626 - src.data_storage - INFO - Created player_name column from 'name' for 49492 players
2025-08-04 17:07:39,794 - src.features.usage_analytics - INFO - Calculated advanced route participation for 145 players
2025-08-04 17:07:39,812 - src.features.usage_analytics - INFO - Calculating situational usage metrics
2025-08-04 17:07:39,877 - src.features.usage_analytics - INFO - Calculated situational usage for 145 players
2025-08-04 17:07:39,881 - src.features.usage_analytics - INFO - Completed all usage analytics for 145 players
2025-08-04 17:07:39,882 - current_data_pipeline - INFO - ✅ Applied usage analytics enhancement
2025-08-04 17:07:39,882 - current_data_pipeline - INFO - 🎯 Applying position-specific feature engineering for RB
2025-08-04 17:07:39,885 - ColumnMapper - INFO - Column mapping: 5 found, 1 missing
2025-08-04 17:07:39,886 - ColumnMapper - INFO - Column mapping: 10 found, 1 missing
2025-08-04 17:07:39,886 - RBFeatureEngineer_RB - INFO - Engineering features for 145 RB records
2025-08-04 17:07:39,886 - ColumnMapper - INFO - Column mapping: 5 found, 1 missing
2025-08-04 17:07:39,886 - ColumnMapper - INFO - Column mapping: 10 found, 1 missing
2025-08-04 17:07:39,887 - ColumnMapper - INFO - Column mapping: 11 found, 7 missing
2025-08-04 17:07:39,887 - ColumnMapper - INFO - Column mapping: 5 found, 1 missing
2025-08-04 17:07:39,887 - ColumnMapper - INFO - Column mapping: 10 found, 1 missing
2025-08-04 17:07:39,889 - RBFeatureEngineer_RB - INFO - RB feature engineering completed successfully
2025-08-04 17:07:39,891 - current_data_pipeline - INFO - ✅ Applied RB-specific feature engineering
2025-08-04 17:07:39,891 - current_data_pipeline - INFO - 🔢 Final feature count: 190 features for ML prediction
2025-08-04 17:07:39,894 - current_data_pipeline - INFO - ✅ Created enhanced current inference dataset: 145 records with advanced features
2025-08-04 17:07:39,909 - src.ensemble_model - INFO - 📂 Loading ensemble model from /Users/jihoonsong/Documents/projects/fantasy_draft_engine/saved_models/RB_ensemble_model.joblib
2025-08-04 17:07:39,927 - src.ensemble_model - INFO - 🤖 ENSEMBLE MODEL INITIALIZATION: RB
2025-08-04 17:07:39,927 - src.ensemble_model - INFO - ============================================================
2025-08-04 17:07:39,927 - src.ensemble_model - INFO - ✅ RandomForest hyperparameters for RB:
2025-08-04 17:07:39,927 - src.ensemble_model - INFO -    n_estimators: 300
2025-08-04 17:07:39,927 - src.ensemble_model - INFO -    max_depth: 12
2025-08-04 17:07:39,927 - src.ensemble_model - INFO -    min_samples_split: 8
2025-08-04 17:07:39,927 - src.ensemble_model - INFO -    min_samples_leaf: 2
2025-08-04 17:07:39,927 - src.ensemble_model - INFO -    max_features: 0.8
2025-08-04 17:07:39,927 - src.ensemble_model - INFO -    bootstrap: True
2025-08-04 17:07:39,928 - src.ensemble_model - INFO -    oob_score: True
2025-08-04 17:07:39,928 - src.ensemble_model - INFO -    random_state: 42
2025-08-04 17:07:39,928 - src.ensemble_model - INFO -    n_jobs: -1
2025-08-04 17:07:39,928 - src.ensemble_model - INFO - ✅ LightGBM hyperparameters for RB:
2025-08-04 17:07:39,928 - src.ensemble_model - INFO -    objective: regression_l1
2025-08-04 17:07:39,928 - src.ensemble_model - INFO -    metric: rmse
2025-08-04 17:07:39,928 - src.ensemble_model - INFO -    boosting_type: gbdt
2025-08-04 17:07:39,928 - src.ensemble_model - INFO -    n_estimators: 1000
2025-08-04 17:07:39,928 - src.ensemble_model - INFO -    learning_rate: 0.1
2025-08-04 17:07:39,928 - src.ensemble_model - INFO -    num_leaves: 96
2025-08-04 17:07:39,928 - src.ensemble_model - INFO -    max_depth: 10
2025-08-04 17:07:39,928 - src.ensemble_model - INFO -    min_data_in_leaf: 25
2025-08-04 17:07:39,928 - src.ensemble_model - INFO -    feature_fraction: 0.75
2025-08-04 17:07:39,928 - src.ensemble_model - INFO -    bagging_fraction: 0.8
2025-08-04 17:07:39,928 - src.ensemble_model - INFO -    bagging_freq: 1
2025-08-04 17:07:39,928 - src.ensemble_model - INFO -    lambda_l1: 0.2
2025-08-04 17:07:39,928 - src.ensemble_model - INFO -    lambda_l2: 0.1
2025-08-04 17:07:39,928 - src.ensemble_model - INFO -    min_gain_to_split: 0.02
2025-08-04 17:07:39,928 - src.ensemble_model - INFO -    verbose: -1
2025-08-04 17:07:39,928 - src.ensemble_model - INFO -    n_jobs: -1
2025-08-04 17:07:39,928 - src.ensemble_model - INFO -    seed: 42
2025-08-04 17:07:39,928 - src.ensemble_model - INFO -    force_col_wise: True
2025-08-04 17:07:39,928 - src.ensemble_model - INFO - ✅ Ensemble model initialized for RB
2025-08-04 17:07:39,928 - src.ensemble_model - INFO -    RandomForest: RandomForestRegressor
2025-08-04 17:07:39,928 - src.ensemble_model - INFO -    LightGBM: LGBMRegressor
2025-08-04 17:07:39,928 - src.ensemble_model - INFO -    Dynamic weighting: DynamicEnsembleWeighter
2025-08-04 17:07:39,928 - src.ensemble_model - INFO - ✅ Ensemble model loaded successfully for RB
2025-08-04 17:07:39,928 - src.ensemble_model - INFO -    Created: 2025-08-03T22:49:24.829261
2025-08-04 17:07:39,928 - src.ensemble_model - INFO -    Trained: True
2025-08-04 17:07:39,991 - current_data_pipeline - INFO - Creating enhanced current inference dataset for WR
2025-08-04 17:07:39,991 - current_data_pipeline - INFO - Fetching enhanced current season performance data for 2024
2025-08-04 17:07:39,991 - src.data_storage - INFO - Loading raw data for 2024 season from /Users/jihoonsong/Documents/projects/fantasy_draft_engine/data/raw/player_season_2024.parquet
2025-08-04 17:07:39,997 - current_data_pipeline - INFO - ✅ Loaded existing enhanced 2024 data: 569 records with advanced features
2025-08-04 17:07:39,997 - current_data_pipeline - INFO - 📊 PBP Features: 14 features - ['completions', 'passing_air_yards', 'passing_epa']...
2025-08-04 17:07:39,997 - current_data_pipeline - INFO - 📊 Snap Features: 4 features - ['total_offense_snaps', 'avg_offense_snap_pct', 'total_defense_snaps']...
2025-08-04 17:07:39,997 - current_data_pipeline - INFO - 📊 Basic Features: 5 features - ['carries', 'rushing_yards', 'receptions']...
2025-08-04 17:07:39,997 - current_data_pipeline - INFO - Fetching current roster assignments for 2024
2025-08-04 17:07:40,396 - current_data_pipeline - INFO - Successfully loaded 3215 current roster assignments
2025-08-04 17:07:40,397 - current_data_pipeline - INFO - ✅ Austin Ekeler: WAS RB
2025-08-04 17:07:40,397 - current_data_pipeline - INFO - ✅ Christian McCaffrey: SF RB
2025-08-04 17:07:40,398 - current_data_pipeline - INFO - ✅ Justin Jefferson: MIN WR
2025-08-04 17:07:40,399 - current_data_pipeline - INFO - Filtered rosters to 419 WR players
2025-08-04 17:07:40,399 - current_data_pipeline - INFO - Updating data with current team assignments
2025-08-04 17:07:40,401 - current_data_pipeline - INFO - ✅ Merge preserved all players: 569 → 569
2025-08-04 17:07:40,402 - current_data_pipeline - INFO - Cleaned up 4 suffix columns: ['position_old', 'player_name_old', 'player_name_current']...
2025-08-04 17:07:40,403 - current_data_pipeline - INFO - 🔍 Roster matching: 569/569 players have current roster data
2025-08-04 17:07:40,403 - current_data_pipeline - INFO - ✅ Team assignment update successful for 569 players
2025-08-04 17:07:40,403 - current_data_pipeline - INFO - Position filter: 227 WR players
2025-08-04 17:07:40,403 - current_data_pipeline - INFO - 🔧 Applying advanced feature engineering to 227 WR players
2025-08-04 17:07:40,403 - current_data_pipeline - INFO - 🧮 Adding calculated features to bridge ML feature gap
2025-08-04 17:07:40,403 - current_data_pipeline - INFO - 📊 Calculating per-game metrics using games
2025-08-04 17:07:40,407 - current_data_pipeline - INFO - ✅ Added 39 calculated features
2025-08-04 17:07:40,408 - current_data_pipeline - INFO - ✅ Applied calculated features (per-game metrics and efficiency ratios)
2025-08-04 17:07:40,408 - current_data_pipeline - INFO - 📈 Adding lagged features from 2023 season
2025-08-04 17:07:40,408 - current_data_pipeline - INFO - Loading 2023 season data for lagged features
2025-08-04 17:07:40,408 - src.data_storage - INFO - Loading raw data for 2023 season from /Users/jihoonsong/Documents/projects/fantasy_draft_engine/data/raw/player_season_2023.parquet
2025-08-04 17:07:40,413 - current_data_pipeline - INFO - Loaded 559 players from 2023 season
2025-08-04 17:07:40,414 - current_data_pipeline - INFO - Merging 18 lagged features with current data
2025-08-04 17:07:40,418 - current_data_pipeline - INFO - ✅ Added 26 lagged features (18 direct + 8 derived)
2025-08-04 17:07:40,419 - current_data_pipeline - INFO - 📊 Lagged data matched for 123/227 players
2025-08-04 17:07:40,419 - current_data_pipeline - INFO - ✅ Applied lagged features from previous season
2025-08-04 17:07:40,419 - src.features.opportunity_metrics - INFO - Enhancing existing opportunity metrics
2025-08-04 17:07:40,419 - src.features.opportunity_metrics - INFO - Found existing opportunity metrics: ['receiving_air_yards', 'target_share', 'air_yards_share', 'wopr_x', 'wopr_y']
2025-08-04 17:07:40,419 - src.features.opportunity_metrics - INFO - Air yards related columns: ['passing_air_yards', 'receiving_air_yards', 'air_yards_share', 'air_yards_per_target', 'total_air_yards']
2025-08-04 17:07:40,419 - src.features.opportunity_metrics - INFO - Calculated aDOT from existing air yards data
2025-08-04 17:07:40,419 - src.features.opportunity_metrics - INFO - Calculated enhanced WOPR from existing metrics
2025-08-04 17:07:40,419 - src.features.opportunity_metrics - INFO - Calculating red zone opportunities
2025-08-04 17:07:40,419 - src.features.opportunity_metrics - INFO - Loading play-by-play data for 2024
2025-08-04 17:07:41,900 - src.data_storage - INFO - Created player_name column from 'name' for 49492 players
2025-08-04 17:07:42,024 - src.features.opportunity_metrics - INFO - Loaded 17748 passing plays with column mapping
2025-08-04 17:07:42,024 - src.features.opportunity_metrics - INFO - Using columns - play_type: play_type, air_yards: air_yards, receiver: receiver_player_name
2025-08-04 17:07:42,057 - src.features.opportunity_metrics - INFO - Calculated red zone opportunities for 227 players
2025-08-04 17:07:42,060 - src.features.opportunity_metrics - INFO - Enhanced opportunity metrics for 227 players
2025-08-04 17:07:42,060 - current_data_pipeline - INFO - ✅ Applied opportunity metrics enhancement
2025-08-04 17:07:42,060 - src.features.usage_analytics - INFO - Calculating all usage analytics
2025-08-04 17:07:42,060 - src.features.usage_analytics - INFO - Calculating snap count metrics
2025-08-04 17:07:42,060 - src.features.usage_analytics - INFO - Loading snap count data for 2024
2025-08-04 17:07:42,215 - src.data_storage - INFO - Created player_name column from 'player' for 26600 players
2025-08-04 17:07:42,215 - src.features.usage_analytics - INFO - Loaded snap counts for 26600 player-week records
2025-08-04 17:07:42,215 - src.features.usage_analytics - INFO - Available snap data columns: ['game_id', 'pfr_game_id', 'season', 'game_type', 'week', 'player', 'pfr_player_id', 'position', 'team', 'opponent', 'offense_snaps', 'offense_pct', 'defense_snaps', 'defense_pct', 'st_snaps', 'st_pct', 'player_name']
2025-08-04 17:07:42,215 - src.features.usage_analytics - INFO - Snap data column mapping - snaps: offense_snaps, pct: offense_pct, player: player_name, team: team
2025-08-04 17:07:42,221 - src.features.usage_analytics - INFO - Calculating snaps per game using games column: games
2025-08-04 17:07:42,225 - src.features.usage_analytics - INFO - Successfully merged snap data using columns: ['player_name', 'team', 'total_snaps', 'avg_snap_share', 'snaps_per_game']
2025-08-04 17:07:42,225 - src.features.usage_analytics - INFO - Added snap metrics for 227 players
2025-08-04 17:07:42,225 - src.features.usage_analytics - INFO - Calculating usage efficiency metrics
2025-08-04 17:07:42,226 - src.features.usage_analytics - INFO - Calculated usage efficiency metrics for 227 players
2025-08-04 17:07:42,226 - src.features.usage_analytics - INFO - Calculating advanced route participation metrics
2025-08-04 17:07:43,617 - src.data_storage - INFO - Created player_name column from 'name' for 49492 players
2025-08-04 17:07:43,783 - src.features.usage_analytics - INFO - Calculated advanced route participation for 227 players
2025-08-04 17:07:43,801 - src.features.usage_analytics - INFO - Calculating situational usage metrics
2025-08-04 17:07:43,869 - src.features.usage_analytics - INFO - Calculated situational usage for 227 players
2025-08-04 17:07:43,874 - src.features.usage_analytics - INFO - Completed all usage analytics for 227 players
2025-08-04 17:07:43,874 - current_data_pipeline - INFO - ✅ Applied usage analytics enhancement
2025-08-04 17:07:43,874 - current_data_pipeline - INFO - 🎯 Applying position-specific feature engineering for WR
2025-08-04 17:07:43,878 - ColumnMapper - INFO - Column mapping: 10 found, 1 missing
2025-08-04 17:07:43,878 - WRFeatureEngineer_WR - INFO - Engineering features for 227 WR records
2025-08-04 17:07:43,878 - ColumnMapper - INFO - Column mapping: 10 found, 1 missing
2025-08-04 17:07:43,879 - ColumnMapper - INFO - Column mapping: 11 found, 7 missing
2025-08-04 17:07:43,879 - ColumnMapper - INFO - Column mapping: 10 found, 1 missing
2025-08-04 17:07:43,882 - WRFeatureEngineer_WR - INFO - WR feature engineering completed successfully
2025-08-04 17:07:43,884 - current_data_pipeline - INFO - ✅ Applied WR-specific feature engineering
2025-08-04 17:07:43,884 - current_data_pipeline - INFO - 🔢 Final feature count: 191 features for ML prediction
2025-08-04 17:07:43,888 - current_data_pipeline - INFO - ✅ Created enhanced current inference dataset: 227 records with advanced features
2025-08-04 17:07:43,903 - src.ensemble_model - INFO - 📂 Loading ensemble model from /Users/jihoonsong/Documents/projects/fantasy_draft_engine/saved_models/WR_ensemble_model.joblib
2025-08-04 17:07:43,964 - current_data_pipeline - INFO - Creating enhanced current inference dataset for TE
2025-08-04 17:07:43,964 - current_data_pipeline - INFO - Fetching enhanced current season performance data for 2024
2025-08-04 17:07:43,964 - src.data_storage - INFO - Loading raw data for 2024 season from /Users/jihoonsong/Documents/projects/fantasy_draft_engine/data/raw/player_season_2024.parquet
2025-08-04 17:07:43,969 - current_data_pipeline - INFO - ✅ Loaded existing enhanced 2024 data: 569 records with advanced features
2025-08-04 17:07:43,969 - current_data_pipeline - INFO - 📊 PBP Features: 14 features - ['completions', 'passing_air_yards', 'passing_epa']...
2025-08-04 17:07:43,969 - current_data_pipeline - INFO - 📊 Snap Features: 4 features - ['total_offense_snaps', 'avg_offense_snap_pct', 'total_defense_snaps']...
2025-08-04 17:07:43,969 - current_data_pipeline - INFO - 📊 Basic Features: 5 features - ['carries', 'rushing_yards', 'receptions']...
2025-08-04 17:07:43,969 - current_data_pipeline - INFO - Fetching current roster assignments for 2024
2025-08-04 17:07:44,369 - current_data_pipeline - INFO - Successfully loaded 3215 current roster assignments
2025-08-04 17:07:44,370 - current_data_pipeline - INFO - ✅ Austin Ekeler: WAS RB
2025-08-04 17:07:44,371 - current_data_pipeline - INFO - ✅ Christian McCaffrey: SF RB
2025-08-04 17:07:44,372 - current_data_pipeline - INFO - ✅ Justin Jefferson: MIN WR
2025-08-04 17:07:44,373 - current_data_pipeline - INFO - Filtered rosters to 215 TE players
2025-08-04 17:07:44,373 - current_data_pipeline - INFO - Updating data with current team assignments
2025-08-04 17:07:44,375 - current_data_pipeline - INFO - ✅ Merge preserved all players: 569 → 569
2025-08-04 17:07:44,376 - current_data_pipeline - INFO - Cleaned up 4 suffix columns: ['position_old', 'player_name_old', 'player_name_current']...
2025-08-04 17:07:44,376 - current_data_pipeline - INFO - 🔍 Roster matching: 569/569 players have current roster data
2025-08-04 17:07:44,376 - current_data_pipeline - INFO - ✅ Team assignment update successful for 569 players
2025-08-04 17:07:44,376 - current_data_pipeline - INFO - Position filter: 119 TE players
2025-08-04 17:07:44,377 - current_data_pipeline - INFO - 🔧 Applying advanced feature engineering to 119 TE players
2025-08-04 17:07:44,377 - current_data_pipeline - INFO - 🧮 Adding calculated features to bridge ML feature gap
2025-08-04 17:07:44,377 - current_data_pipeline - INFO - 📊 Calculating per-game metrics using games
2025-08-04 17:07:44,381 - current_data_pipeline - INFO - ✅ Added 39 calculated features
2025-08-04 17:07:44,381 - current_data_pipeline - INFO - ✅ Applied calculated features (per-game metrics and efficiency ratios)
2025-08-04 17:07:44,381 - current_data_pipeline - INFO - 📈 Adding lagged features from 2023 season
2025-08-04 17:07:44,381 - current_data_pipeline - INFO - Loading 2023 season data for lagged features
2025-08-04 17:07:44,381 - src.data_storage - INFO - Loading raw data for 2023 season from /Users/jihoonsong/Documents/projects/fantasy_draft_engine/data/raw/player_season_2023.parquet
2025-08-04 17:07:44,386 - current_data_pipeline - INFO - Loaded 559 players from 2023 season
2025-08-04 17:07:44,387 - current_data_pipeline - INFO - Merging 18 lagged features with current data
2025-08-04 17:07:44,391 - current_data_pipeline - INFO - ✅ Added 26 lagged features (18 direct + 8 derived)
2025-08-04 17:07:44,392 - current_data_pipeline - INFO - 📊 Lagged data matched for 74/119 players
2025-08-04 17:07:44,392 - current_data_pipeline - INFO - ✅ Applied lagged features from previous season
2025-08-04 17:07:44,392 - src.features.opportunity_metrics - INFO - Enhancing existing opportunity metrics
2025-08-04 17:07:44,392 - src.features.opportunity_metrics - INFO - Found existing opportunity metrics: ['receiving_air_yards', 'target_share', 'air_yards_share', 'wopr_x', 'wopr_y']
2025-08-04 17:07:44,392 - src.features.opportunity_metrics - INFO - Air yards related columns: ['passing_air_yards', 'receiving_air_yards', 'air_yards_share', 'air_yards_per_target', 'total_air_yards']
2025-08-04 17:07:44,392 - src.features.opportunity_metrics - INFO - Calculated aDOT from existing air yards data
2025-08-04 17:07:44,392 - src.features.opportunity_metrics - INFO - Calculated enhanced WOPR from existing metrics
2025-08-04 17:07:44,392 - src.features.opportunity_metrics - INFO - Calculating red zone opportunities
2025-08-04 17:07:44,392 - src.features.opportunity_metrics - INFO - Loading play-by-play data for 2024
2025-08-04 17:07:45,801 - src.data_storage - INFO - Created player_name column from 'name' for 49492 players
2025-08-04 17:07:45,926 - src.features.opportunity_metrics - INFO - Loaded 17748 passing plays with column mapping
2025-08-04 17:07:45,926 - src.features.opportunity_metrics - INFO - Using columns - play_type: play_type, air_yards: air_yards, receiver: receiver_player_name
2025-08-04 17:07:45,960 - src.features.opportunity_metrics - INFO - Calculated red zone opportunities for 119 players
2025-08-04 17:07:45,963 - src.features.opportunity_metrics - INFO - Enhanced opportunity metrics for 119 players
2025-08-04 17:07:45,963 - current_data_pipeline - INFO - ✅ Applied opportunity metrics enhancement
2025-08-04 17:07:45,963 - src.features.usage_analytics - INFO - Calculating all usage analytics
2025-08-04 17:07:45,964 - src.features.usage_analytics - INFO - Calculating snap count metrics
2025-08-04 17:07:45,964 - src.features.usage_analytics - INFO - Loading snap count data for 2024
2025-08-04 17:07:46,112 - src.data_storage - INFO - Created player_name column from 'player' for 26600 players
2025-08-04 17:07:46,112 - src.features.usage_analytics - INFO - Loaded snap counts for 26600 player-week records
2025-08-04 17:07:46,112 - src.features.usage_analytics - INFO - Available snap data columns: ['game_id', 'pfr_game_id', 'season', 'game_type', 'week', 'player', 'pfr_player_id', 'position', 'team', 'opponent', 'offense_snaps', 'offense_pct', 'defense_snaps', 'defense_pct', 'st_snaps', 'st_pct', 'player_name']
2025-08-04 17:07:46,112 - src.features.usage_analytics - INFO - Snap data column mapping - snaps: offense_snaps, pct: offense_pct, player: player_name, team: team
2025-08-04 17:07:46,118 - src.features.usage_analytics - INFO - Calculating snaps per game using games column: games
2025-08-04 17:07:46,122 - src.features.usage_analytics - INFO - Successfully merged snap data using columns: ['player_name', 'team', 'total_snaps', 'avg_snap_share', 'snaps_per_game']
2025-08-04 17:07:46,122 - src.features.usage_analytics - INFO - Added snap metrics for 119 players
2025-08-04 17:07:46,122 - src.features.usage_analytics - INFO - Calculating usage efficiency metrics
2025-08-04 17:07:46,124 - src.features.usage_analytics - INFO - Calculated usage efficiency metrics for 119 players
2025-08-04 17:07:46,124 - src.features.usage_analytics - INFO - Calculating advanced route participation metrics
2025-08-04 17:07:47,537 - src.data_storage - INFO - Created player_name column from 'name' for 49492 players
2025-08-04 17:07:47,708 - src.features.usage_analytics - INFO - Calculated advanced route participation for 119 players
2025-08-04 17:07:47,727 - src.features.usage_analytics - INFO - Calculating situational usage metrics
2025-08-04 17:07:47,792 - src.features.usage_analytics - INFO - Calculated situational usage for 119 players
2025-08-04 17:07:47,797 - src.features.usage_analytics - INFO - Completed all usage analytics for 119 players
2025-08-04 17:07:47,797 - current_data_pipeline - INFO - ✅ Applied usage analytics enhancement
2025-08-04 17:07:47,797 - current_data_pipeline - INFO - 🎯 Applying position-specific feature engineering for TE
2025-08-04 17:07:47,800 - ColumnMapper - INFO - Column mapping: 10 found, 1 missing
2025-08-04 17:07:47,800 - TEFeatureEngineer_TE - INFO - Engineering features for 119 TE records
2025-08-04 17:07:47,801 - ColumnMapper - INFO - Column mapping: 10 found, 1 missing
2025-08-04 17:07:47,801 - ColumnMapper - INFO - Column mapping: 11 found, 7 missing
2025-08-04 17:07:47,801 - ColumnMapper - INFO - Column mapping: 10 found, 1 missing
2025-08-04 17:07:47,804 - TEFeatureEngineer_TE - INFO - TE feature engineering completed successfully
2025-08-04 17:07:47,806 - current_data_pipeline - INFO - ✅ Applied TE-specific feature engineering
2025-08-04 17:07:47,806 - current_data_pipeline - INFO - 🔢 Final feature count: 188 features for ML prediction
2025-08-04 17:07:47,808 - current_data_pipeline - INFO - ✅ Created enhanced current inference dataset: 119 records with advanced features
2025-08-04 17:07:47,824 - src.ensemble_model - INFO - 📂 Loading ensemble model from /Users/jihoonsong/Documents/projects/fantasy_draft_engine/saved_models/TE_ensemble_model.joblib
2025-08-04 17:07:47,867 - current_data_pipeline - INFO - Creating enhanced current inference dataset for K
2025-08-04 17:07:47,867 - current_data_pipeline - INFO - Fetching enhanced current season performance data for 2024
2025-08-04 17:07:47,867 - src.data_storage - INFO - Loading raw data for 2024 season from /Users/jihoonsong/Documents/projects/fantasy_draft_engine/data/raw/player_season_2024.parquet
2025-08-04 17:07:47,872 - current_data_pipeline - INFO - ✅ Loaded existing enhanced 2024 data: 569 records with advanced features
2025-08-04 17:07:47,872 - current_data_pipeline - INFO - 📊 PBP Features: 14 features - ['completions', 'passing_air_yards', 'passing_epa']...
2025-08-04 17:07:47,872 - current_data_pipeline - INFO - 📊 Snap Features: 4 features - ['total_offense_snaps', 'avg_offense_snap_pct', 'total_defense_snaps']...
2025-08-04 17:07:47,872 - current_data_pipeline - INFO - 📊 Basic Features: 5 features - ['carries', 'rushing_yards', 'receptions']...
2025-08-04 17:07:47,872 - current_data_pipeline - INFO - Fetching current roster assignments for 2024
2025-08-04 17:07:48,268 - current_data_pipeline - INFO - Successfully loaded 3215 current roster assignments
2025-08-04 17:07:48,269 - current_data_pipeline - INFO - ✅ Austin Ekeler: WAS RB
2025-08-04 17:07:48,269 - current_data_pipeline - INFO - ✅ Christian McCaffrey: SF RB
2025-08-04 17:07:48,270 - current_data_pipeline - INFO - ✅ Justin Jefferson: MIN WR
2025-08-04 17:07:48,271 - current_data_pipeline - INFO - Filtered rosters to 53 K players
2025-08-04 17:07:48,271 - current_data_pipeline - INFO - Updating data with current team assignments
2025-08-04 17:07:48,273 - current_data_pipeline - INFO - ✅ Merge preserved all players: 569 → 569
2025-08-04 17:07:48,274 - current_data_pipeline - INFO - Cleaned up 4 suffix columns: ['position_old', 'player_name_old', 'player_name_current']...
2025-08-04 17:07:48,274 - current_data_pipeline - INFO - 🔍 Roster matching: 569/569 players have current roster data
2025-08-04 17:07:48,274 - current_data_pipeline - INFO - ✅ Team assignment update successful for 569 players
2025-08-04 17:07:48,275 - current_data_pipeline - INFO - Position filter: 0 K players
2025-08-04 17:07:48,275 - current_data_pipeline - INFO - 🔧 Applying advanced feature engineering to 0 K players
2025-08-04 17:07:48,275 - current_data_pipeline - INFO - 🧮 Adding calculated features to bridge ML feature gap
2025-08-04 17:07:48,275 - current_data_pipeline - INFO - ✅ Applied calculated features (per-game metrics and efficiency ratios)
2025-08-04 17:07:48,275 - current_data_pipeline - INFO - 📈 Adding lagged features from 2023 season
2025-08-04 17:07:48,275 - current_data_pipeline - INFO - ✅ Applied lagged features from previous season
2025-08-04 17:07:48,275 - src.features.opportunity_metrics - INFO - Enhancing existing opportunity metrics
2025-08-04 17:07:48,275 - src.features.opportunity_metrics - INFO - Found existing opportunity metrics: ['receiving_air_yards', 'target_share', 'air_yards_share', 'wopr_x', 'wopr_y']
2025-08-04 17:07:48,275 - src.features.opportunity_metrics - INFO - Air yards related columns: ['passing_air_yards', 'receiving_air_yards', 'air_yards_share', 'air_yards_per_target', 'total_air_yards']
2025-08-04 17:07:48,275 - src.features.opportunity_metrics - INFO - Calculated aDOT from existing air yards data
2025-08-04 17:07:48,275 - src.features.opportunity_metrics - INFO - Calculated enhanced WOPR from existing metrics
2025-08-04 17:07:48,275 - src.features.opportunity_metrics - INFO - Calculating red zone opportunities
2025-08-04 17:07:48,275 - src.features.opportunity_metrics - INFO - Loading play-by-play data for 2024
2025-08-04 17:07:49,683 - src.data_storage - INFO - Created player_name column from 'name' for 49492 players
2025-08-04 17:07:49,811 - src.features.opportunity_metrics - INFO - Loaded 17748 passing plays with column mapping
2025-08-04 17:07:49,811 - src.features.opportunity_metrics - INFO - Using columns - play_type: play_type, air_yards: air_yards, receiver: receiver_player_name
2025-08-04 17:07:49,841 - src.features.opportunity_metrics - INFO - Calculated red zone opportunities for 0 players
2025-08-04 17:07:49,844 - src.features.opportunity_metrics - INFO - Enhanced opportunity metrics for 0 players
2025-08-04 17:07:49,844 - current_data_pipeline - INFO - ✅ Applied opportunity metrics enhancement
2025-08-04 17:07:49,844 - src.features.usage_analytics - INFO - Calculating all usage analytics
2025-08-04 17:07:49,844 - src.features.usage_analytics - INFO - Calculating snap count metrics
2025-08-04 17:07:49,844 - src.features.usage_analytics - INFO - Loading snap count data for 2024
2025-08-04 17:07:50,006 - src.data_storage - INFO - Created player_name column from 'player' for 26600 players
2025-08-04 17:07:50,006 - src.features.usage_analytics - INFO - Loaded snap counts for 26600 player-week records
2025-08-04 17:07:50,006 - src.features.usage_analytics - INFO - Available snap data columns: ['game_id', 'pfr_game_id', 'season', 'game_type', 'week', 'player', 'pfr_player_id', 'position', 'team', 'opponent', 'offense_snaps', 'offense_pct', 'defense_snaps', 'defense_pct', 'st_snaps', 'st_pct', 'player_name']
2025-08-04 17:07:50,006 - src.features.usage_analytics - INFO - Snap data column mapping - snaps: offense_snaps, pct: offense_pct, player: player_name, team: team
2025-08-04 17:07:50,011 - src.features.usage_analytics - INFO - Calculating snaps per game using games column: games
2025-08-04 17:07:50,015 - src.features.usage_analytics - INFO - Successfully merged snap data using columns: ['player_name', 'team', 'total_snaps', 'avg_snap_share', 'snaps_per_game']
2025-08-04 17:07:50,015 - src.features.usage_analytics - INFO - Added snap metrics for 0 players
2025-08-04 17:07:50,015 - src.features.usage_analytics - INFO - Calculating usage efficiency metrics
2025-08-04 17:07:50,017 - src.features.usage_analytics - INFO - Calculated usage efficiency metrics for 0 players
2025-08-04 17:07:50,017 - src.features.usage_analytics - INFO - Calculating advanced route participation metrics
2025-08-04 17:07:51,470 - src.data_storage - INFO - Created player_name column from 'name' for 49492 players
2025-08-04 17:07:51,639 - src.features.usage_analytics - INFO - Calculated advanced route participation for 0 players
2025-08-04 17:07:51,657 - src.features.usage_analytics - INFO - Calculating situational usage metrics
2025-08-04 17:07:51,726 - src.features.usage_analytics - INFO - Calculated situational usage for 0 players
2025-08-04 17:07:51,731 - src.features.usage_analytics - INFO - Completed all usage analytics for 0 players
2025-08-04 17:07:51,731 - current_data_pipeline - INFO - ✅ Applied usage analytics enhancement
2025-08-04 17:07:51,731 - current_data_pipeline - INFO - 🎯 Applying position-specific feature engineering for K
2025-08-04 17:07:51,733 - KFeatureEngineer_K - INFO - Engineering features for 0 K records
2025-08-04 17:07:51,733 - KFeatureEngineer_K - WARNING - Empty DataFrame provided for K feature engineering
2025-08-04 17:07:51,733 - current_data_pipeline - WARNING - ⚠️ Position-specific feature engineering failed for K
2025-08-04 17:07:51,733 - current_data_pipeline - INFO - 🔢 Final feature count: 103 features for ML prediction
2025-08-04 17:07:51,734 - current_data_pipeline - INFO - ✅ Created enhanced current inference dataset: 0 records with advanced features
2025-08-04 17:07:51,751 - feature_engineering - INFO - 🏗️ FEATURE ENGINEERING START: 2023 → 2024
2025-08-04 17:07:51,751 - feature_engineering - INFO - ================================================================================
2025-08-04 17:07:51,751 - feature_engineering - INFO - 📊 Configuration:
2025-08-04 17:07:51,751 - feature_engineering - INFO -    Target season: 2023
2025-08-04 17:07:51,751 - feature_engineering - INFO -    Prediction season: 2024
2025-08-04 17:07:51,751 - feature_engineering - INFO -    Matchup intelligence: False
2025-08-04 17:07:51,751 - feature_engineering - INFO -    Position-specific features: True
2025-08-04 17:07:51,751 - feature_engineering - INFO -    Weeks ahead SOS: 4
2025-08-04 17:07:51,751 - feature_engineering - INFO -    Historical seasons: [2022, 2023]
2025-08-04 17:07:51,751 - feature_engineering - INFO - ================================================================================
2025-08-04 17:07:51,751 - src.data_storage - INFO - Loading raw data for 2024 season from /Users/jihoonsong/Documents/projects/fantasy_draft_engine/data/raw/player_season_2024.parquet
2025-08-04 17:07:51,757 - feature_engineering - INFO - Successfully loaded actuals data for 2024 to create target variable.
2025-08-04 17:07:51,757 - src.data_storage - INFO - Loading raw data for 2022 season from /Users/jihoonsong/Documents/projects/fantasy_draft_engine/data/raw/player_season_2022.parquet
2025-08-04 17:07:51,761 - src.data_storage - INFO - Loading raw data for 2023 season from /Users/jihoonsong/Documents/projects/fantasy_draft_engine/data/raw/player_season_2023.parquet
2025-08-04 17:07:51,766 - feature_engineering - INFO - Converted 'birth_date' column to datetime for season 2023 in current_season_df
2025-08-04 17:07:51,766 - feature_engineering - INFO - 🔧 COMPREHENSIVE DATA ENHANCEMENT: Adding missing columns for enhanced features
2025-08-04 17:07:51,766 - src.current_data_pipeline - INFO - Fetching current roster assignments for 2023
2025-08-04 17:07:52,133 - src.current_data_pipeline - INFO - Successfully loaded 3089 current roster assignments
2025-08-04 17:07:52,134 - src.current_data_pipeline - INFO - ✅ Austin Ekeler: LAC RB
2025-08-04 17:07:52,134 - src.current_data_pipeline - INFO - ✅ Christian McCaffrey: SF RB
2025-08-04 17:07:52,135 - src.current_data_pipeline - INFO - ✅ Justin Jefferson: MIN WR
2025-08-04 17:07:52,136 - feature_engineering - INFO - ✅ Loaded 3089 roster entries for data enhancement
2025-08-04 17:07:52,136 - feature_engineering - INFO -    Will add position → position
2025-08-04 17:07:52,136 - feature_engineering - INFO -    Will add current_team → team
2025-08-04 17:07:52,136 - feature_engineering - INFO -    Will add player_name → player_name
2025-08-04 17:07:52,136 - feature_engineering - INFO - 🔗 Merging roster data: ['player_id', 'position', 'current_team', 'player_name']
2025-08-04 17:07:52,139 - feature_engineering - INFO -    ✅ Standardized 'current_team' → 'team'
2025-08-04 17:07:52,139 - feature_engineering - INFO -    ➕ Added default column 'draftround' = 7
2025-08-04 17:07:52,139 - feature_engineering - INFO -    ➕ Added default column 'draft_club' = UNK
2025-08-04 17:07:52,139 - feature_engineering - INFO -    ➕ Added default column 'height' = 72
2025-08-04 17:07:52,139 - feature_engineering - INFO -    ➕ Added default column 'weight' = 200
2025-08-04 17:07:52,139 - feature_engineering - INFO -    ➕ Added default column 'college' = Unknown
2025-08-04 17:07:52,140 - feature_engineering - INFO -    ✅ Extracted first_name and last_name from player_name
2025-08-04 17:07:52,140 - feature_engineering - INFO -    🎯 Filtered to fantasy positions: 559 players
2025-08-04 17:07:52,140 - feature_engineering - INFO -    📊 Position breakdown: {'WR': 212, 'RB': 149, 'TE': 115, 'QB': 83}
2025-08-04 17:07:52,140 - feature_engineering - INFO - ✅ COMPREHENSIVE ENHANCEMENT COMPLETE
2025-08-04 17:07:52,140 - feature_engineering - INFO -    Final data shape: (559, 88)
2025-08-04 17:07:52,141 - feature_engineering - INFO -    Available teams: ['ARI', 'ATL', 'BAL', 'BUF', 'CAR', 'CHI', 'CIN', 'CLE', 'DAL', 'DEN', 'DET', 'GB', 'HOU', 'IND', 'JAX', 'KC', 'LA', 'LAC', 'LV', 'MIA', 'MIN', 'NE', 'NO', 'NYG', 'NYJ', 'PHI', 'PIT', 'SEA', 'SF', 'TB', 'TEN', 'WAS']
2025-08-04 17:07:52,141 - feature_engineering - INFO -    Available positions: ['QB', 'RB', 'TE', 'WR']
2025-08-04 17:07:52,141 - feature_engineering - INFO - ✅ Data validation passed - required columns present: ['position', 'games', 'player_id']
2025-08-04 17:07:52,141 - feature_engineering - INFO -    Data shape: (559, 88)
2025-08-04 17:07:52,141 - feature_engineering - INFO -    Available positions: ['QB', 'RB', 'TE', 'WR']
2025-08-04 17:07:52,141 - feature_engineering - INFO - Calculating per-game statistics
2025-08-04 17:07:52,147 - feature_engineering - INFO - Calculating efficiency metrics
2025-08-04 17:07:52,151 - feature_engineering - INFO - Calculating team-level aggregates
2025-08-04 17:07:52,153 - feature_engineering - INFO - Calculating usage metrics
2025-08-04 17:07:52,156 - feature_engineering - INFO - Creating lagged features from previous season
2025-08-04 17:07:52,159 - feature_engineering - INFO - Handling rookies for prediction
2025-08-04 17:07:52,168 - feature_engineering - INFO - Identified 0 rookies for 2024 season
2025-08-04 17:07:52,172 - feature_engineering - INFO - Handling players with minimal data (less than 4 games)
2025-08-04 17:07:52,173 - feature_engineering - INFO - Applied baseline FPPG of 1.0 to 32 QB players with minimal data
2025-08-04 17:07:52,173 - feature_engineering - INFO - Applied baseline FPPG of 1.0 to 46 RB players with minimal data
2025-08-04 17:07:52,173 - feature_engineering - INFO - Applied baseline FPPG of 1.0 to 74 WR players with minimal data
2025-08-04 17:07:52,173 - feature_engineering - INFO - Applied baseline FPPG of 1.0 to 35 TE players with minimal data
2025-08-04 17:07:52,173 - feature_engineering - INFO - Applied baseline FPPG of 1.0 to 0 K players with minimal data
2025-08-04 17:07:52,173 - feature_engineering - INFO - 🎯 STEP 9: Adding Opportunity Metrics
2025-08-04 17:07:52,174 - feature_engineering - INFO -    Adding opportunity metrics for 149 RB players
2025-08-04 17:07:52,174 - src.features.opportunity_metrics - INFO - Enhancing existing opportunity metrics
2025-08-04 17:07:52,174 - src.features.opportunity_metrics - INFO - Found existing opportunity metrics: ['receiving_air_yards', 'target_share', 'air_yards_share', 'wopr_x', 'wopr_y']
2025-08-04 17:07:52,174 - src.features.opportunity_metrics - INFO - Air yards related columns: ['passing_air_yards', 'receiving_air_yards', 'air_yards_share', 'air_yards_per_target', 'total_air_yards']
2025-08-04 17:07:52,174 - src.features.opportunity_metrics - INFO - Calculated aDOT from existing air yards data
2025-08-04 17:07:52,174 - src.features.opportunity_metrics - INFO - Calculated enhanced WOPR from existing metrics
2025-08-04 17:07:52,174 - src.features.opportunity_metrics - INFO - Calculating red zone opportunities
2025-08-04 17:07:52,174 - src.features.opportunity_metrics - INFO - Loading play-by-play data for 2023
2025-08-04 17:07:54,361 - src.data_storage - INFO - Created player_name column from 'name' for 49665 players
2025-08-04 17:07:54,501 - src.features.opportunity_metrics - INFO - Loaded 18373 passing plays with column mapping
2025-08-04 17:07:54,501 - src.features.opportunity_metrics - INFO - Using columns - play_type: play_type, air_yards: air_yards, receiver: receiver_player_name
2025-08-04 17:07:54,536 - src.features.opportunity_metrics - INFO - Calculated red zone opportunities for 149 players
2025-08-04 17:07:54,539 - src.features.opportunity_metrics - INFO - Enhanced opportunity metrics for 149 players
2025-08-04 17:07:54,555 - feature_engineering - INFO -    ✅ Added 4 opportunity metrics for RB: ['target_share', 'air_yards_share', 'adot', 'red_zone_opportunities']
2025-08-04 17:07:54,555 - feature_engineering - INFO -    Adding opportunity metrics for 212 WR players
2025-08-04 17:07:54,556 - src.features.opportunity_metrics - INFO - Enhancing existing opportunity metrics
2025-08-04 17:07:54,556 - src.features.opportunity_metrics - INFO - Found existing opportunity metrics: ['receiving_air_yards', 'target_share', 'air_yards_share', 'wopr_x', 'wopr_y']
2025-08-04 17:07:54,556 - src.features.opportunity_metrics - INFO - Air yards related columns: ['passing_air_yards', 'receiving_air_yards', 'air_yards_share', 'air_yards_per_target', 'total_air_yards']
2025-08-04 17:07:54,556 - src.features.opportunity_metrics - INFO - Enhanced opportunity metrics for 212 players
2025-08-04 17:07:54,562 - feature_engineering - INFO -    ✅ Added 4 opportunity metrics for WR: ['target_share', 'air_yards_share', 'adot', 'red_zone_opportunities']
2025-08-04 17:07:54,562 - feature_engineering - INFO -    Adding opportunity metrics for 115 TE players
2025-08-04 17:07:54,563 - src.features.opportunity_metrics - INFO - Enhancing existing opportunity metrics
2025-08-04 17:07:54,563 - src.features.opportunity_metrics - INFO - Found existing opportunity metrics: ['receiving_air_yards', 'target_share', 'air_yards_share', 'wopr_x', 'wopr_y']
2025-08-04 17:07:54,563 - src.features.opportunity_metrics - INFO - Air yards related columns: ['passing_air_yards', 'receiving_air_yards', 'air_yards_share', 'air_yards_per_target', 'total_air_yards']
2025-08-04 17:07:54,563 - src.features.opportunity_metrics - INFO - Enhanced opportunity metrics for 115 players
2025-08-04 17:07:54,569 - feature_engineering - INFO -    ✅ Added 4 opportunity metrics for TE: ['target_share', 'air_yards_share', 'adot', 'red_zone_opportunities']
2025-08-04 17:07:54,569 - feature_engineering - INFO - ✅ Opportunity metrics integration complete
2025-08-04 17:07:54,569 - feature_engineering - INFO - 📊 STEP 10: Adding Usage Analytics
2025-08-04 17:07:54,569 - feature_engineering - INFO -    Adding usage analytics for 34 RB players
2025-08-04 17:07:54,569 - src.features.usage_analytics - INFO - Calculating all usage analytics
2025-08-04 17:07:54,569 - src.features.usage_analytics - INFO - Calculating snap count metrics
2025-08-04 17:07:54,569 - src.features.usage_analytics - INFO - Loading snap count data for 2024
2025-08-04 17:07:54,776 - src.data_storage - INFO - Created player_name column from 'player' for 26600 players
2025-08-04 17:07:54,776 - src.features.usage_analytics - INFO - Loaded snap counts for 26600 player-week records
2025-08-04 17:07:54,776 - src.features.usage_analytics - INFO - Available snap data columns: ['game_id', 'pfr_game_id', 'season', 'game_type', 'week', 'player', 'pfr_player_id', 'position', 'team', 'opponent', 'offense_snaps', 'offense_pct', 'defense_snaps', 'defense_pct', 'st_snaps', 'st_pct', 'player_name']
2025-08-04 17:07:54,776 - src.features.usage_analytics - INFO - Snap data column mapping - snaps: offense_snaps, pct: offense_pct, player: player_name, team: team
2025-08-04 17:07:54,785 - src.features.usage_analytics - INFO - Calculating snaps per game using games column: games
2025-08-04 17:07:54,788 - src.features.usage_analytics - INFO - Successfully merged snap data using columns: ['player_name', 'team', 'total_snaps', 'avg_snap_share', 'snaps_per_game']
2025-08-04 17:07:54,789 - src.features.usage_analytics - INFO - Added snap metrics for 34 players
2025-08-04 17:07:54,789 - src.features.usage_analytics - INFO - Calculating usage efficiency metrics
2025-08-04 17:07:54,790 - src.features.usage_analytics - INFO - Calculated usage efficiency metrics for 34 players
2025-08-04 17:07:54,790 - src.features.usage_analytics - INFO - Calculating advanced route participation metrics
2025-08-04 17:07:56,386 - src.data_storage - INFO - Created player_name column from 'name' for 49492 players
2025-08-04 17:07:56,556 - src.features.usage_analytics - INFO - Calculated advanced route participation for 34 players
2025-08-04 17:07:56,576 - src.features.usage_analytics - INFO - Calculating situational usage metrics
2025-08-04 17:07:56,638 - src.features.usage_analytics - INFO - Calculated situational usage for 34 players
2025-08-04 17:07:56,643 - src.features.usage_analytics - INFO - Completed all usage analytics for 34 players
2025-08-04 17:07:56,700 - feature_engineering - INFO -    ✅ Added 3 usage metrics for RB: ['targets_per_snap', 'route_participation', 'high_value_touches']
2025-08-04 17:07:56,700 - feature_engineering - INFO -    Adding usage analytics for 212 WR players
2025-08-04 17:07:56,701 - src.features.usage_analytics - INFO - Calculating all usage analytics
2025-08-04 17:07:56,701 - src.features.usage_analytics - INFO - Calculating snap count metrics
2025-08-04 17:07:56,701 - src.features.usage_analytics - INFO - Available snap data columns: ['game_id', 'pfr_game_id', 'season', 'game_type', 'week', 'player', 'pfr_player_id', 'position', 'team', 'opponent', 'offense_snaps', 'offense_pct', 'defense_snaps', 'defense_pct', 'st_snaps', 'st_pct', 'player_name']
2025-08-04 17:07:56,701 - src.features.usage_analytics - INFO - Snap data column mapping - snaps: offense_snaps, pct: offense_pct, player: player_name, team: team
2025-08-04 17:07:56,705 - src.features.usage_analytics - INFO - Calculating snaps per game using games column: games
2025-08-04 17:07:56,707 - src.features.usage_analytics - INFO - Successfully merged snap data using columns: ['player_name', 'team', 'total_snaps', 'avg_snap_share', 'snaps_per_game']
2025-08-04 17:07:56,707 - src.features.usage_analytics - ERROR - Error calculating snap metrics: 'total_snaps'
2025-08-04 17:07:56,708 - src.features.usage_analytics - INFO - Calculating usage efficiency metrics
2025-08-04 17:07:56,708 - src.features.usage_analytics - INFO - Calculated usage efficiency metrics for 212 players
2025-08-04 17:07:56,708 - src.features.usage_analytics - INFO - Calculating advanced route participation metrics
2025-08-04 17:07:56,743 - src.features.usage_analytics - INFO - Calculated advanced route participation for 212 players
2025-08-04 17:07:56,743 - src.features.usage_analytics - INFO - Calculating situational usage metrics
2025-08-04 17:07:56,785 - src.features.usage_analytics - ERROR - Error calculating situational usage: 'red_zone_usage'
2025-08-04 17:07:56,791 - src.features.usage_analytics - INFO - Completed all usage analytics for 212 players
2025-08-04 17:07:56,808 - feature_engineering - INFO -    ✅ Added 3 usage metrics for WR: ['targets_per_snap', 'route_participation', 'high_value_touches']
2025-08-04 17:07:56,808 - feature_engineering - INFO -    Adding usage analytics for 115 TE players
2025-08-04 17:07:56,808 - src.features.usage_analytics - INFO - Calculating all usage analytics
2025-08-04 17:07:56,808 - src.features.usage_analytics - INFO - Calculating snap count metrics
2025-08-04 17:07:56,808 - src.features.usage_analytics - INFO - Available snap data columns: ['game_id', 'pfr_game_id', 'season', 'game_type', 'week', 'player', 'pfr_player_id', 'position', 'team', 'opponent', 'offense_snaps', 'offense_pct', 'defense_snaps', 'defense_pct', 'st_snaps', 'st_pct', 'player_name']
2025-08-04 17:07:56,808 - src.features.usage_analytics - INFO - Snap data column mapping - snaps: offense_snaps, pct: offense_pct, player: player_name, team: team
2025-08-04 17:07:56,813 - src.features.usage_analytics - INFO - Calculating snaps per game using games column: games
2025-08-04 17:07:56,816 - src.features.usage_analytics - INFO - Successfully merged snap data using columns: ['player_name', 'team', 'total_snaps', 'avg_snap_share', 'snaps_per_game']
2025-08-04 17:07:56,816 - src.features.usage_analytics - ERROR - Error calculating snap metrics: 'total_snaps'
2025-08-04 17:07:56,816 - src.features.usage_analytics - INFO - Calculating usage efficiency metrics
2025-08-04 17:07:56,817 - src.features.usage_analytics - INFO - Calculated usage efficiency metrics for 115 players
2025-08-04 17:07:56,817 - src.features.usage_analytics - INFO - Calculating advanced route participation metrics
2025-08-04 17:07:56,851 - src.features.usage_analytics - INFO - Calculated advanced route participation for 115 players
2025-08-04 17:07:56,851 - src.features.usage_analytics - INFO - Calculating situational usage metrics
2025-08-04 17:07:56,892 - src.features.usage_analytics - ERROR - Error calculating situational usage: 'red_zone_usage'
2025-08-04 17:07:56,897 - src.features.usage_analytics - INFO - Completed all usage analytics for 115 players
2025-08-04 17:07:56,913 - feature_engineering - INFO -    ✅ Added 3 usage metrics for TE: ['targets_per_snap', 'route_participation', 'high_value_touches']
2025-08-04 17:07:56,913 - feature_engineering - INFO - ✅ Usage analytics integration complete
2025-08-04 17:07:56,913 - feature_engineering - INFO - 🔧 PHASE 2: Enhanced Position-Specific Features
2025-08-04 17:07:56,914 - feature_engineering - INFO - Applying enhanced QB feature engineering to 83 players
2025-08-04 17:07:56,914 - ColumnMapper - INFO - Column mapping: 9 found, 1 missing
2025-08-04 17:07:56,915 - QBFeatureEngineer_QB - INFO - Engineering features for 83 QB records
2025-08-04 17:07:56,915 - ColumnMapper - INFO - Column mapping: 9 found, 1 missing
2025-08-04 17:07:56,916 - ColumnMapper - INFO - Column mapping: 16 found, 2 missing
2025-08-04 17:07:56,916 - ColumnMapper - INFO - Column mapping: 10 found, 0 missing
2025-08-04 17:07:56,916 - ColumnMapper - INFO - Column mapping: 5 found, 1 missing
2025-08-04 17:07:56,917 - ColumnMapper - INFO - Column mapping: 5 found, 1 missing
2025-08-04 17:07:56,917 - QBFeatureEngineer_QB - INFO - QB feature engineering completed successfully
2025-08-04 17:07:56,917 - feature_engineering - INFO - Successfully enhanced QB features: 181 total columns
2025-08-04 17:07:56,917 - feature_engineering - INFO - Applying enhanced RB feature engineering to 6 players
2025-08-04 17:07:56,917 - src.data.feature_engineering.position.rb_features - INFO - 🏈 RB FEATURE ENGINEERING START
2025-08-04 17:07:56,917 - src.data.feature_engineering.position.rb_features - INFO - ============================================================
2025-08-04 17:07:56,917 - src.data.feature_engineering.position.rb_features - INFO - Processing 6 RB players
2025-08-04 17:07:56,917 - src.data.feature_engineering.position.rb_features - INFO - Input columns: 172
2025-08-04 17:07:56,917 - src.data.feature_engineering.position.rb_features - INFO - Available RB-relevant columns (67): ['passing_yards', 'sack_yards', 'passing_air_yards', 'passing_yards_after_catch', 'rushing_yards', 'rushing_tds', 'rushing_fumbles_x', 'rushing_fumbles_lost', 'rushing_first_downs', 'rushing_epa']...
2025-08-04 17:07:56,917 - src.data.feature_engineering.position.rb_features - INFO - 1️⃣ Calculating basic efficiency metrics...
2025-08-04 17:07:56,917 - src.data.feature_engineering.position.rb_features - INFO -    📊 Calculating RB efficiency metrics...
2025-08-04 17:07:56,918 - src.data.feature_engineering.position.rb_features - INFO -       Using 'rushing_yards' for rushing_yards
2025-08-04 17:07:56,918 - src.data.feature_engineering.position.rb_features - INFO -       Using 'carries' for carries
2025-08-04 17:07:56,918 - src.data.feature_engineering.position.rb_features - INFO -       Using 'receiving_yards' for receiving_yards
2025-08-04 17:07:56,918 - src.data.feature_engineering.position.rb_features - INFO -       Using 'receptions' for receptions
2025-08-04 17:07:56,918 - src.data.feature_engineering.position.rb_features - INFO -       Using 'rushing_tds' for rushing_tds
2025-08-04 17:07:56,918 - src.data.feature_engineering.position.rb_features - INFO -       ✅ Calculated catch_rate using targets
2025-08-04 17:07:56,918 - src.data.feature_engineering.position.rb_features - INFO -    ✅ RB efficiency metrics calculated successfully
2025-08-04 17:07:56,918 - src.data.feature_engineering.position.rb_features - INFO -    ✅ Efficiency metrics complete: 6 players retained
2025-08-04 17:07:56,918 - src.data.feature_engineering.position.rb_features - INFO - 2️⃣ Calculating per-game averages...
2025-08-04 17:07:56,919 - src.data.feature_engineering.position.rb_features - INFO -    ✅ Per-game metrics complete: 6 players retained
2025-08-04 17:07:56,920 - src.data.feature_engineering.position.rb_features - INFO - 3️⃣ Calculating usage metrics...
2025-08-04 17:07:56,920 - src.data.feature_engineering.position.rb_features - INFO -    ✅ Usage metrics complete: 6 players retained
2025-08-04 17:07:56,920 - src.data.feature_engineering.position.rb_features - INFO - 4️⃣ Adding opportunity metrics...
2025-08-04 17:07:56,920 - src.data.feature_engineering.position.rb_features - INFO - Adding opportunity metrics for RBs
2025-08-04 17:07:56,920 - src.features.opportunity_metrics - INFO - Enhancing existing opportunity metrics
2025-08-04 17:07:56,920 - src.features.opportunity_metrics - INFO - Found existing opportunity metrics: ['receiving_air_yards', 'target_share', 'air_yards_share', 'wopr_x', 'wopr_y']
2025-08-04 17:07:56,920 - src.features.opportunity_metrics - INFO - Air yards related columns: ['passing_air_yards', 'receiving_air_yards', 'air_yards_share', 'air_yards_per_target', 'total_air_yards']
2025-08-04 17:07:56,920 - src.features.opportunity_metrics - INFO - Enhanced opportunity metrics for 6 players
2025-08-04 17:07:56,922 - src.data.feature_engineering.position.rb_features - INFO - Successfully added opportunity metrics to 6 RB players
2025-08-04 17:07:56,922 - src.data.feature_engineering.position.rb_features - INFO -    ✅ Opportunity metrics complete: 6 players retained
2025-08-04 17:07:56,922 - src.data.feature_engineering.position.rb_features - INFO - 5️⃣ Adding usage analytics...
2025-08-04 17:07:56,922 - src.data.feature_engineering.position.rb_features - INFO - Adding usage analytics for RBs
2025-08-04 17:07:56,922 - src.features.usage_analytics - INFO - Calculating all usage analytics
2025-08-04 17:07:56,922 - src.features.usage_analytics - INFO - Calculating snap count metrics
2025-08-04 17:07:56,922 - src.features.usage_analytics - INFO - Loading snap count data for 2024
2025-08-04 17:07:57,062 - src.data_storage - INFO - Created player_name column from 'player' for 26600 players
2025-08-04 17:07:57,063 - src.features.usage_analytics - INFO - Loaded snap counts for 26600 player-week records
2025-08-04 17:07:57,063 - src.features.usage_analytics - INFO - Available snap data columns: ['game_id', 'pfr_game_id', 'season', 'game_type', 'week', 'player', 'pfr_player_id', 'position', 'team', 'opponent', 'offense_snaps', 'offense_pct', 'defense_snaps', 'defense_pct', 'st_snaps', 'st_pct', 'player_name']
2025-08-04 17:07:57,063 - src.features.usage_analytics - INFO - Snap data column mapping - snaps: offense_snaps, pct: offense_pct, player: player_name, team: team
2025-08-04 17:07:57,068 - src.features.usage_analytics - INFO - Calculating snaps per game using games column: games
2025-08-04 17:07:57,072 - src.features.usage_analytics - INFO - Successfully merged snap data using columns: ['player_name', 'team', 'total_snaps', 'avg_snap_share', 'snaps_per_game']
2025-08-04 17:07:57,072 - src.features.usage_analytics - ERROR - Error calculating snap metrics: 'total_snaps'
2025-08-04 17:07:57,072 - src.features.usage_analytics - INFO - Calculating usage efficiency metrics
2025-08-04 17:07:57,073 - src.features.usage_analytics - INFO - Calculated usage efficiency metrics for 6 players
2025-08-04 17:07:57,073 - src.features.usage_analytics - INFO - Calculating advanced route participation metrics
2025-08-04 17:07:58,516 - src.data_storage - INFO - Created player_name column from 'name' for 49492 players
2025-08-04 17:07:58,679 - src.features.usage_analytics - INFO - Calculated advanced route participation for 6 players
2025-08-04 17:07:58,697 - src.features.usage_analytics - INFO - Calculating situational usage metrics
2025-08-04 17:07:58,738 - src.features.usage_analytics - ERROR - Error calculating situational usage: 'red_zone_usage'
2025-08-04 17:07:58,742 - src.features.usage_analytics - INFO - Completed all usage analytics for 6 players
2025-08-04 17:07:58,743 - src.data.feature_engineering.position.rb_features - INFO - Successfully added usage analytics to 6 RB players
2025-08-04 17:07:58,752 - src.data.feature_engineering.position.rb_features - INFO -    ✅ Usage analytics complete: 6 players retained
2025-08-04 17:07:58,752 - src.data.feature_engineering.position.rb_features - INFO - 6️⃣ Calculating advanced RB metrics...
2025-08-04 17:07:58,755 - src.data.feature_engineering.position.rb_features - INFO -    ✅ Advanced metrics complete: 6 players retained
2025-08-04 17:07:58,755 - src.data.feature_engineering.position.rb_features - INFO - ✅ No RB players lost during feature engineering
2025-08-04 17:07:58,755 - src.data.feature_engineering.position.rb_features - INFO - 🏈 RB FEATURE ENGINEERING COMPLETE
2025-08-04 17:07:58,755 - src.data.feature_engineering.position.rb_features - INFO -    Final players: 6
2025-08-04 17:07:58,755 - src.data.feature_engineering.position.rb_features - INFO -    Final features: 201
2025-08-04 17:07:58,755 - src.data.feature_engineering.position.rb_features - INFO - ============================================================
2025-08-04 17:07:58,755 - feature_engineering - INFO - Successfully enhanced RB features: 201 total columns
2025-08-04 17:07:58,755 - feature_engineering - INFO - Applying enhanced WR feature engineering to 76 players
2025-08-04 17:07:58,756 - src.data.feature_engineering.position.wr_features - INFO - Engineering features for 76 WR players
2025-08-04 17:07:58,757 - src.data.feature_engineering.position.wr_features - INFO - Adding opportunity metrics for WRs
2025-08-04 17:07:58,757 - src.features.opportunity_metrics - INFO - Enhancing existing opportunity metrics
2025-08-04 17:07:58,757 - src.features.opportunity_metrics - INFO - Found existing opportunity metrics: ['receiving_air_yards', 'target_share', 'air_yards_share', 'wopr_x', 'wopr_y']
2025-08-04 17:07:58,757 - src.features.opportunity_metrics - INFO - Air yards related columns: ['passing_air_yards', 'receiving_air_yards', 'air_yards_share', 'air_yards_per_target', 'total_air_yards']
2025-08-04 17:07:58,757 - src.features.opportunity_metrics - INFO - Enhanced opportunity metrics for 76 players
2025-08-04 17:07:58,759 - src.data.feature_engineering.position.wr_features - INFO - Adding usage analytics for WRs
2025-08-04 17:07:58,759 - src.features.usage_analytics - INFO - Calculating all usage analytics
2025-08-04 17:07:58,759 - src.features.usage_analytics - INFO - Calculating snap count metrics
2025-08-04 17:07:58,759 - src.features.usage_analytics - INFO - Loading snap count data for 2024
2025-08-04 17:07:58,904 - src.data_storage - INFO - Created player_name column from 'player' for 26600 players
2025-08-04 17:07:58,904 - src.features.usage_analytics - INFO - Loaded snap counts for 26600 player-week records
2025-08-04 17:07:58,904 - src.features.usage_analytics - INFO - Available snap data columns: ['game_id', 'pfr_game_id', 'season', 'game_type', 'week', 'player', 'pfr_player_id', 'position', 'team', 'opponent', 'offense_snaps', 'offense_pct', 'defense_snaps', 'defense_pct', 'st_snaps', 'st_pct', 'player_name']
2025-08-04 17:07:58,904 - src.features.usage_analytics - INFO - Snap data column mapping - snaps: offense_snaps, pct: offense_pct, player: player_name, team: team
2025-08-04 17:07:58,910 - src.features.usage_analytics - INFO - Calculating snaps per game using games column: games
2025-08-04 17:07:58,913 - src.features.usage_analytics - INFO - Successfully merged snap data using columns: ['player_name', 'team', 'total_snaps', 'avg_snap_share', 'snaps_per_game']
2025-08-04 17:07:58,913 - src.features.usage_analytics - ERROR - Error calculating snap metrics: 'total_snaps'
2025-08-04 17:07:58,914 - src.features.usage_analytics - INFO - Calculating usage efficiency metrics
2025-08-04 17:07:58,915 - src.features.usage_analytics - INFO - Calculated usage efficiency metrics for 76 players
2025-08-04 17:07:58,915 - src.features.usage_analytics - INFO - Calculating advanced route participation metrics
2025-08-04 17:08:00,305 - src.data_storage - INFO - Created player_name column from 'name' for 49492 players
2025-08-04 17:08:00,469 - src.features.usage_analytics - INFO - Calculated advanced route participation for 76 players
2025-08-04 17:08:00,489 - src.features.usage_analytics - INFO - Calculating situational usage metrics
2025-08-04 17:08:00,529 - src.features.usage_analytics - ERROR - Error calculating situational usage: 'red_zone_usage'
2025-08-04 17:08:00,534 - src.features.usage_analytics - INFO - Completed all usage analytics for 76 players
2025-08-04 17:08:00,545 - src.data.feature_engineering.position.wr_features - INFO - Completed WR feature engineering with 189 total features
2025-08-04 17:08:00,545 - feature_engineering - INFO - Successfully enhanced WR features: 189 total columns
2025-08-04 17:08:00,545 - feature_engineering - INFO - Applying enhanced TE feature engineering to 19 players
2025-08-04 17:08:00,545 - src.data.feature_engineering.position.te_features - INFO - Engineering features for 19 TE players
2025-08-04 17:08:00,547 - src.data.feature_engineering.position.te_features - INFO - Adding opportunity metrics for TEs
2025-08-04 17:08:00,547 - src.features.opportunity_metrics - INFO - Enhancing existing opportunity metrics
2025-08-04 17:08:00,547 - src.features.opportunity_metrics - INFO - Found existing opportunity metrics: ['receiving_air_yards', 'target_share', 'air_yards_share', 'wopr_x', 'wopr_y']
2025-08-04 17:08:00,547 - src.features.opportunity_metrics - INFO - Air yards related columns: ['passing_air_yards', 'receiving_air_yards', 'air_yards_share', 'air_yards_per_target', 'total_air_yards']
2025-08-04 17:08:00,547 - src.features.opportunity_metrics - INFO - Enhanced opportunity metrics for 19 players
2025-08-04 17:08:00,549 - src.data.feature_engineering.position.te_features - INFO - Adding usage analytics for TEs
2025-08-04 17:08:00,549 - src.features.usage_analytics - INFO - Calculating all usage analytics
2025-08-04 17:08:00,549 - src.features.usage_analytics - INFO - Calculating snap count metrics
2025-08-04 17:08:00,549 - src.features.usage_analytics - INFO - Loading snap count data for 2024
2025-08-04 17:08:00,695 - src.data_storage - INFO - Created player_name column from 'player' for 26600 players
2025-08-04 17:08:00,695 - src.features.usage_analytics - INFO - Loaded snap counts for 26600 player-week records
2025-08-04 17:08:00,695 - src.features.usage_analytics - INFO - Available snap data columns: ['game_id', 'pfr_game_id', 'season', 'game_type', 'week', 'player', 'pfr_player_id', 'position', 'team', 'opponent', 'offense_snaps', 'offense_pct', 'defense_snaps', 'defense_pct', 'st_snaps', 'st_pct', 'player_name']
2025-08-04 17:08:00,695 - src.features.usage_analytics - INFO - Snap data column mapping - snaps: offense_snaps, pct: offense_pct, player: player_name, team: team
2025-08-04 17:08:00,701 - src.features.usage_analytics - INFO - Calculating snaps per game using games column: games
2025-08-04 17:08:00,704 - src.features.usage_analytics - INFO - Successfully merged snap data using columns: ['player_name', 'team', 'total_snaps', 'avg_snap_share', 'snaps_per_game']
2025-08-04 17:08:00,704 - src.features.usage_analytics - ERROR - Error calculating snap metrics: 'total_snaps'
2025-08-04 17:08:00,705 - src.features.usage_analytics - INFO - Calculating usage efficiency metrics
2025-08-04 17:08:00,706 - src.features.usage_analytics - INFO - Calculated usage efficiency metrics for 19 players
2025-08-04 17:08:00,706 - src.features.usage_analytics - INFO - Calculating advanced route participation metrics
2025-08-04 17:08:02,142 - src.data_storage - INFO - Created player_name column from 'name' for 49492 players
2025-08-04 17:08:02,306 - src.features.usage_analytics - INFO - Calculated advanced route participation for 19 players
2025-08-04 17:08:02,325 - src.features.usage_analytics - INFO - Calculating situational usage metrics
2025-08-04 17:08:02,366 - src.features.usage_analytics - ERROR - Error calculating situational usage: 'red_zone_usage'
2025-08-04 17:08:02,372 - src.features.usage_analytics - INFO - Completed all usage analytics for 19 players
2025-08-04 17:08:02,383 - src.data.feature_engineering.position.te_features - INFO - Completed TE feature engineering with 192 total features
2025-08-04 17:08:02,383 - feature_engineering - INFO - Successfully enhanced TE features: 192 total columns
2025-08-04 17:08:02,383 - feature_engineering - INFO - 🔄 POSITION-AWARE FEATURE COMBINATION START
2025-08-04 17:08:02,383 - feature_engineering - INFO - ======================================================================
2025-08-04 17:08:02,383 - feature_engineering - INFO - Combining 4 position DataFrames with 184 total players
2025-08-04 17:08:02,383 - feature_engineering - INFO -   DataFrame 1: 83 players, 181 features, positions: ['QB']
2025-08-04 17:08:02,383 - feature_engineering - INFO -   DataFrame 2: 6 players, 201 features, positions: ['RB']
2025-08-04 17:08:02,383 - feature_engineering - INFO -   DataFrame 3: 76 players, 189 features, positions: ['WR']
2025-08-04 17:08:02,383 - feature_engineering - INFO -   DataFrame 4: 19 players, 192 features, positions: ['TE']
2025-08-04 17:08:02,383 - feature_engineering - INFO - 📊 Total unique columns across all positions: 233
2025-08-04 17:08:02,384 - feature_engineering - INFO - 📋 Position-specific feature categories:
2025-08-04 17:08:02,384 - feature_engineering - INFO -    QB_specific: 27 features
2025-08-04 17:08:02,384 - feature_engineering - INFO -       ['avg_completion_probability', 'completion_percentage', 'interception_percentage']... (+24 more)
2025-08-04 17:08:02,384 - feature_engineering - INFO -    RB_specific: 5 features
2025-08-04 17:08:02,384 - feature_engineering - INFO -       ['early_down_rate', 'pass_catching_back', 'rb_age_factor', 'rb_role', 'workhorse_indicator']
2025-08-04 17:08:02,384 - feature_engineering - INFO -    WR_specific: 3 features
2025-08-04 17:08:02,384 - feature_engineering - INFO -       ['contested_catch_rate', 'deep_target_indicator', 'deep_target_rate']
2025-08-04 17:08:02,384 - feature_engineering - INFO -    TE_specific: 12 features
2025-08-04 17:08:02,384 - feature_engineering - INFO -       ['blocking_snap_estimate', 'inline_usage_estimate', 'intermediate_target_rate']... (+9 more)
2025-08-04 17:08:02,384 - feature_engineering - INFO -    skill_position_common: 63 features
2025-08-04 17:08:02,384 - feature_engineering - INFO -       ['adot', 'air_yards_dominance', 'air_yards_efficiency']... (+60 more)
2025-08-04 17:08:02,384 - feature_engineering - INFO -    universal: 123 features
2025-08-04 17:08:02,384 - feature_engineering - INFO -       ['age', 'attempts', 'attempts_L1']... (+120 more)
2025-08-04 17:08:02,384 - feature_engineering - INFO - 🔧 Normalizing DataFrame 1...
2025-08-04 17:08:02,384 - feature_engineering - INFO -    Processing positions: ['QB']
2025-08-04 17:08:02,384 - feature_engineering - INFO -    Adding 52 missing columns...
2025-08-04 17:08:02,387 - feature_engineering - INFO -    ✅ Normalized to 233 columns
2025-08-04 17:08:02,387 - feature_engineering - INFO - 🔧 Normalizing DataFrame 2...
2025-08-04 17:08:02,388 - feature_engineering - INFO -    Processing positions: ['RB']
2025-08-04 17:08:02,388 - feature_engineering - INFO -    Adding 32 missing columns...
2025-08-04 17:08:02,389 - feature_engineering - INFO -    ✅ Normalized to 233 columns
2025-08-04 17:08:02,389 - feature_engineering - INFO - 🔧 Normalizing DataFrame 3...
2025-08-04 17:08:02,390 - feature_engineering - INFO -    Processing positions: ['WR']
2025-08-04 17:08:02,390 - feature_engineering - INFO -    Adding 44 missing columns...
2025-08-04 17:08:02,392 - feature_engineering - INFO -    ✅ Normalized to 233 columns
2025-08-04 17:08:02,392 - feature_engineering - INFO - 🔧 Normalizing DataFrame 4...
2025-08-04 17:08:02,392 - feature_engineering - INFO -    Processing positions: ['TE']
2025-08-04 17:08:02,392 - feature_engineering - INFO -    Adding 41 missing columns...
2025-08-04 17:08:02,395 - feature_engineering - INFO -    ✅ Normalized to 233 columns
2025-08-04 17:08:02,395 - feature_engineering - INFO - 🔗 Concatenating normalized DataFrames...
2025-08-04 17:08:02,400 - feature_engineering - INFO - 🧹 Cleaning up null values in position-specific features...
2025-08-04 17:08:02,416 - feature_engineering - INFO -    Null values: 7951 → 0 (cleaned 7951)
2025-08-04 17:08:02,416 - feature_engineering - INFO - ✅ POSITION-AWARE COMBINATION COMPLETE
2025-08-04 17:08:02,416 - feature_engineering - INFO -    Final DataFrame: 184 players, 233 features
2025-08-04 17:08:02,416 - feature_engineering - INFO -    Final position breakdown: {'QB': 83, 'WR': 76, 'TE': 19, 'RB': 6}
2025-08-04 17:08:02,416 - feature_engineering - INFO -    ✅ QB: 83 players (no loss)
2025-08-04 17:08:02,416 - feature_engineering - INFO -    ✅ RB: 6 players (no loss)
2025-08-04 17:08:02,416 - feature_engineering - INFO -    ✅ WR: 76 players (no loss)
2025-08-04 17:08:02,416 - feature_engineering - INFO -    ✅ TE: 19 players (no loss)
2025-08-04 17:08:02,416 - feature_engineering - INFO - 🧹 CLEANING POSITION-SPECIFIC FEATURE CONTAMINATION
2025-08-04 17:08:02,427 - feature_engineering - INFO - ✅ Cleaned 424 total contaminated values across all positions
2025-08-04 17:08:02,427 - feature_engineering - INFO - 🔍 FEATURE CONTAMINATION CHECK
2025-08-04 17:08:02,428 - feature_engineering - INFO -    ✅ QB: No contamination detected
2025-08-04 17:08:02,430 - feature_engineering - INFO -    ✅ RB: No contamination detected
2025-08-04 17:08:02,431 - feature_engineering - INFO -    ✅ WR: No contamination detected
2025-08-04 17:08:02,433 - feature_engineering - INFO -    ✅ TE: No contamination detected
2025-08-04 17:08:02,433 - feature_engineering - INFO - 🎉 No feature contamination detected across any positions!
2025-08-04 17:08:02,433 - feature_engineering - INFO - ======================================================================
2025-08-04 17:08:02,433 - feature_engineering - INFO - ✅ Combined position-specific features: 184 players, 233 features
2025-08-04 17:08:02,435 - feature_engineering - INFO - Successfully merged target variable 'fantasy_points_ppr' for prediction season 2024.
2025-08-04 17:08:02,436 - feature_engineering - INFO - ================================================================================
2025-08-04 17:08:02,436 - feature_engineering - INFO - 🎯 COMPREHENSIVE FEATURE ENGINEERING SUMMARY
2025-08-04 17:08:02,436 - feature_engineering - INFO - ================================================================================
2025-08-04 17:08:02,436 - feature_engineering - INFO - 📊 Total Players: 184
2025-08-04 17:08:02,436 - feature_engineering - INFO - 📊 Total Features: 238
2025-08-04 17:08:02,436 - feature_engineering - INFO -    • Opportunity Metrics: 14
2025-08-04 17:08:02,436 - feature_engineering - INFO -    • Usage Analytics: 5
2025-08-04 17:08:02,436 - feature_engineering - INFO -    • Position-Specific: 2
2025-08-04 17:08:02,436 - feature_engineering - INFO -    • Matchup Intelligence: 0
2025-08-04 17:08:02,436 - feature_engineering - INFO - 🔍 Key Feature Validation:
2025-08-04 17:08:02,436 - feature_engineering - INFO -    • target_share: 14 non-zero (avg: 0.009)
2025-08-04 17:08:02,436 - feature_engineering - INFO -    • air_yards_share: 109 non-zero (avg: 0.911)
2025-08-04 17:08:02,436 - feature_engineering - INFO -    • red_zone_opportunities: 0 non-zero (avg: 0.000)
2025-08-04 17:08:02,436 - feature_engineering - INFO - 🏗️  Feature Enhancement Status:
2025-08-04 17:08:02,436 - feature_engineering - INFO -    ✅ Opportunity Metrics
2025-08-04 17:08:02,436 - feature_engineering - INFO -    ✅ Position-Specific Features
2025-08-04 17:08:02,436 - feature_engineering - INFO -    ❌ Matchup Intelligence
2025-08-04 17:08:02,436 - feature_engineering - INFO - 🔖 Feature Engineering Version: v2_integrated
2025-08-04 17:08:02,437 - feature_engineering - INFO - 
2025-08-04 17:08:02,437 - feature_engineering - INFO - 🔍 DETAILED COMPONENT STATUS REPORT
2025-08-04 17:08:02,437 - feature_engineering - INFO - --------------------------------------------------------------------------------
2025-08-04 17:08:02,437 - feature_engineering - INFO - 📊 Core Features:
2025-08-04 17:08:02,437 - feature_engineering - INFO -    ✅ Per-game statistics: SUCCESSFUL
2025-08-04 17:08:02,437 - feature_engineering - INFO -    ✅ Efficiency metrics: SUCCESSFUL
2025-08-04 17:08:02,437 - feature_engineering - INFO -    ✅ Team aggregates: SUCCESSFUL
2025-08-04 17:08:02,437 - feature_engineering - INFO -    ✅ Usage metrics: SUCCESSFUL
2025-08-04 17:08:02,437 - feature_engineering - INFO -    ✅ Lagged features: SUCCESSFUL
2025-08-04 17:08:02,437 - feature_engineering - INFO -    ✅ Age calculation: SUCCESSFUL
2025-08-04 17:08:02,437 - feature_engineering - INFO -    ✅ Rookie handling: SUCCESSFUL
2025-08-04 17:08:02,437 - feature_engineering - INFO - 🎯 Enhanced Features:
2025-08-04 17:08:02,437 - feature_engineering - INFO -    ✅ Opportunity Metrics: SUCCESSFUL (14 features)
2025-08-04 17:08:02,437 - feature_engineering - INFO -       • Target share, WOPR, air yards share calculations
2025-08-04 17:08:02,437 - feature_engineering - INFO -       • Applied to 3 skill positions
2025-08-04 17:08:02,437 - feature_engineering - INFO -    ✅ Usage Analytics: SUCCESSFUL (5 features)
2025-08-04 17:08:02,437 - feature_engineering - INFO -       • Snap share, route participation, high-value touches
2025-08-04 17:08:02,437 - feature_engineering - INFO -       • Applied to 3 skill positions
2025-08-04 17:08:02,437 - feature_engineering - INFO -    ✅ Position-Specific Features: SUCCESSFUL (2 features)
2025-08-04 17:08:02,437 - feature_engineering - INFO -       • Enhanced position-specific engineering completed
2025-08-04 17:08:02,437 - feature_engineering - INFO -       • Applied to QB, RB, WR, TE positions
2025-08-04 17:08:02,437 - feature_engineering - INFO -    ⚪ Matchup Intelligence: DISABLED (not requested)
2025-08-04 17:08:02,437 - feature_engineering - INFO - 
2025-08-04 17:08:02,437 - feature_engineering - INFO - 📋 Data Quality Report:
2025-08-04 17:08:02,437 - feature_engineering - INFO -    • Total players processed: 184
2025-08-04 17:08:02,438 - feature_engineering - INFO -    • Players with complete data: 140
2025-08-04 17:08:02,439 - feature_engineering - INFO -    • Missing data percentage: 0.1%
2025-08-04 17:08:02,439 - feature_engineering - INFO -    • Position breakdown: {'QB': 83, 'WR': 76, 'TE': 19, 'RB': 6}
2025-08-04 17:08:02,439 - feature_engineering - INFO - 
2025-08-04 17:08:02,439 - feature_engineering - INFO - 🏆 FEATURE ENGINEERING SUCCESS RATE: 75.0% (3/4 components)
2025-08-04 17:08:02,439 - feature_engineering - INFO - ✅ EXCELLENT! Most components executed successfully.
2025-08-04 17:08:02,439 - feature_engineering - INFO - ================================================================================
2025-08-04 17:56:09,536 - src.data_storage - INFO - Loading raw data for 2024 season from /Users/jihoonsong/Documents/projects/fantasy_draft_engine/data/raw/player_season_2024.parquet
2025-08-04 17:56:09,600 - current_data_pipeline - INFO - ✅ Loaded existing enhanced 2024 data: 569 records with advanced features
2025-08-04 17:56:09,600 - current_data_pipeline - INFO - 📊 PBP Features: 14 features - ['completions', 'passing_air_yards', 'passing_epa']...
2025-08-04 17:56:09,600 - current_data_pipeline - INFO - 📊 Snap Features: 4 features - ['total_offense_snaps', 'avg_offense_snap_pct', 'total_defense_snaps']...
2025-08-04 17:56:09,600 - current_data_pipeline - INFO - 📊 Basic Features: 5 features - ['carries', 'rushing_yards', 'receptions']...
2025-08-04 17:56:09,600 - current_data_pipeline - INFO - Fetching current roster assignments for 2024
2025-08-04 17:56:10,248 - current_data_pipeline - INFO - Successfully loaded 3215 current roster assignments
2025-08-04 17:56:10,249 - current_data_pipeline - INFO - ✅ Austin Ekeler: WAS RB
2025-08-04 17:56:10,250 - current_data_pipeline - INFO - ✅ Christian McCaffrey: SF RB
2025-08-04 17:56:10,250 - current_data_pipeline - INFO - ✅ Justin Jefferson: MIN WR
2025-08-04 17:56:10,252 - current_data_pipeline - INFO - Filtered rosters to 233 RB players
2025-08-04 17:56:10,252 - current_data_pipeline - INFO - Updating data with current team assignments
2025-08-04 17:56:10,255 - current_data_pipeline - INFO - ✅ Merge preserved all players: 569 → 569
2025-08-04 17:56:10,256 - current_data_pipeline - INFO - Cleaned up 4 suffix columns: ['position_old', 'player_name_old', 'player_name_current']...
2025-08-04 17:56:10,256 - current_data_pipeline - INFO - 🔍 Roster matching: 569/569 players have current roster data
2025-08-04 17:56:10,256 - current_data_pipeline - INFO - ✅ Team assignment update successful for 569 players
2025-08-04 17:56:10,257 - current_data_pipeline - INFO - Position filter: 145 RB players
2025-08-04 17:56:10,257 - current_data_pipeline - INFO - 🔧 Applying advanced feature engineering to 145 RB players
2025-08-04 17:56:10,257 - current_data_pipeline - INFO - 🧮 Adding calculated features to bridge ML feature gap
2025-08-04 17:56:10,257 - current_data_pipeline - INFO - 📊 Calculating per-game metrics using games
2025-08-04 17:56:10,262 - current_data_pipeline - INFO - ✅ Added 39 calculated features
2025-08-04 17:56:10,262 - current_data_pipeline - INFO - ✅ Applied calculated features (per-game metrics and efficiency ratios)
2025-08-04 17:56:10,262 - current_data_pipeline - INFO - 📈 Adding lagged features from 2023 season
2025-08-04 17:56:10,263 - current_data_pipeline - INFO - Loading 2023 season data for lagged features
2025-08-04 17:56:10,263 - src.data_storage - INFO - Loading raw data for 2023 season from /Users/jihoonsong/Documents/projects/fantasy_draft_engine/data/raw/player_season_2023.parquet
2025-08-04 17:56:10,268 - current_data_pipeline - INFO - Loaded 559 players from 2023 season
2025-08-04 17:56:10,270 - current_data_pipeline - INFO - Merging 18 lagged features with current data
2025-08-04 17:56:10,274 - current_data_pipeline - INFO - ✅ Added 26 lagged features (18 direct + 8 derived)
2025-08-04 17:56:10,274 - current_data_pipeline - INFO - 📊 Lagged data matched for 84/145 players
2025-08-04 17:56:10,274 - current_data_pipeline - INFO - ✅ Applied lagged features from previous season
2025-08-04 17:56:10,277 - src.features.opportunity_metrics - INFO - Enhancing existing opportunity metrics
2025-08-04 17:56:10,277 - src.features.opportunity_metrics - INFO - Found existing opportunity metrics: ['receiving_air_yards', 'target_share', 'air_yards_share', 'wopr_x', 'wopr_y']
2025-08-04 17:56:10,277 - src.features.opportunity_metrics - INFO - Air yards related columns: ['passing_air_yards', 'receiving_air_yards', 'air_yards_share', 'air_yards_per_target', 'total_air_yards']
2025-08-04 17:56:10,277 - src.features.opportunity_metrics - INFO - Calculated aDOT from existing air yards data
2025-08-04 17:56:10,277 - src.features.opportunity_metrics - INFO - Calculated enhanced WOPR from existing metrics
2025-08-04 17:56:10,277 - src.features.opportunity_metrics - INFO - Calculating red zone opportunities
2025-08-04 17:56:10,277 - src.features.opportunity_metrics - INFO - Loading play-by-play data for 2024
2025-08-04 17:56:12,057 - src.data_storage - INFO - Created player_name column from 'name' for 49492 players
2025-08-04 17:56:12,189 - src.features.opportunity_metrics - INFO - Loaded 17748 passing plays with column mapping
2025-08-04 17:56:12,189 - src.features.opportunity_metrics - INFO - Using columns - play_type: play_type, air_yards: air_yards, receiver: receiver_player_name
2025-08-04 17:56:12,223 - src.features.opportunity_metrics - INFO - Calculated red zone opportunities for 145 players
2025-08-04 17:56:12,229 - src.features.opportunity_metrics - INFO - Enhanced opportunity metrics for 145 players
2025-08-04 17:56:12,229 - current_data_pipeline - INFO - ✅ Applied opportunity metrics enhancement
2025-08-04 17:56:12,229 - src.features.usage_analytics - INFO - Calculating all usage analytics
2025-08-04 17:56:12,229 - src.features.usage_analytics - INFO - Calculating snap count metrics
2025-08-04 17:56:12,229 - src.features.usage_analytics - INFO - Loading snap count data for 2024
2025-08-04 17:56:12,438 - src.data_storage - INFO - Created player_name column from 'player' for 26600 players
2025-08-04 17:56:12,439 - src.features.usage_analytics - INFO - Loaded snap counts for 26600 player-week records
2025-08-04 17:56:12,439 - src.features.usage_analytics - INFO - Available snap data columns: ['game_id', 'pfr_game_id', 'season', 'game_type', 'week', 'player', 'pfr_player_id', 'position', 'team', 'opponent', 'offense_snaps', 'offense_pct', 'defense_snaps', 'defense_pct', 'st_snaps', 'st_pct', 'player_name']
2025-08-04 17:56:12,439 - src.features.usage_analytics - INFO - Snap data column mapping - snaps: offense_snaps, pct: offense_pct, player: player_name, team: team
2025-08-04 17:56:12,447 - src.features.usage_analytics - INFO - Calculating snaps per game using games column: games
2025-08-04 17:56:12,452 - src.features.usage_analytics - INFO - Successfully merged snap data using columns: ['player_name', 'team', 'total_snaps', 'avg_snap_share', 'snaps_per_game']
2025-08-04 17:56:12,452 - src.features.usage_analytics - INFO - Added snap metrics for 145 players
2025-08-04 17:56:12,452 - src.features.usage_analytics - INFO - Calculating usage efficiency metrics
2025-08-04 17:56:12,454 - src.features.usage_analytics - INFO - Calculated usage efficiency metrics for 145 players
2025-08-04 17:56:12,454 - src.features.usage_analytics - INFO - Calculating advanced route participation metrics
2025-08-04 17:56:13,909 - src.data_storage - INFO - Created player_name column from 'name' for 49492 players
2025-08-04 17:56:14,074 - src.features.usage_analytics - INFO - Calculated advanced route participation for 145 players
2025-08-04 17:56:14,092 - src.features.usage_analytics - INFO - Calculating situational usage metrics
2025-08-04 17:56:14,157 - src.features.usage_analytics - INFO - Calculated situational usage for 145 players
2025-08-04 17:56:14,161 - src.features.usage_analytics - INFO - Completed all usage analytics for 145 players
2025-08-04 17:56:14,162 - current_data_pipeline - INFO - ✅ Applied usage analytics enhancement
2025-08-04 17:56:14,162 - current_data_pipeline - INFO - 🎯 Applying position-specific feature engineering for RB
2025-08-04 17:56:14,164 - ColumnMapper - INFO - Column mapping: 5 found, 1 missing
2025-08-04 17:56:14,164 - ColumnMapper - INFO - Column mapping: 10 found, 1 missing
2025-08-04 17:56:14,165 - RBFeatureEngineer_RB - INFO - Engineering features for 145 RB records
2025-08-04 17:56:14,165 - ColumnMapper - INFO - Column mapping: 5 found, 1 missing
2025-08-04 17:56:14,165 - ColumnMapper - INFO - Column mapping: 10 found, 1 missing
2025-08-04 17:56:14,166 - ColumnMapper - INFO - Column mapping: 11 found, 7 missing
2025-08-04 17:56:14,166 - ColumnMapper - INFO - Column mapping: 5 found, 1 missing
2025-08-04 17:56:14,166 - ColumnMapper - INFO - Column mapping: 10 found, 1 missing
2025-08-04 17:56:14,168 - RBFeatureEngineer_RB - INFO - RB feature engineering completed successfully
2025-08-04 17:56:14,170 - current_data_pipeline - INFO - ✅ Applied RB-specific feature engineering
2025-08-04 17:56:14,170 - current_data_pipeline - INFO - 🔢 Final feature count: 190 features for ML prediction
2025-08-04 17:56:14,173 - current_data_pipeline - INFO - ✅ Created enhanced current inference dataset: 145 records with advanced features
2025-08-04 17:56:27,200 - src.data_storage - INFO - Loading raw data for 2024 season from /Users/jihoonsong/Documents/projects/fantasy_draft_engine/data/raw/player_season_2024.parquet
2025-08-04 17:56:27,234 - current_data_pipeline - INFO - ✅ Loaded existing enhanced 2024 data: 569 records with advanced features
2025-08-04 17:56:27,234 - current_data_pipeline - INFO - 📊 PBP Features: 14 features - ['completions', 'passing_air_yards', 'passing_epa']...
2025-08-04 17:56:27,235 - current_data_pipeline - INFO - 📊 Snap Features: 4 features - ['total_offense_snaps', 'avg_offense_snap_pct', 'total_defense_snaps']...
2025-08-04 17:56:27,235 - current_data_pipeline - INFO - 📊 Basic Features: 5 features - ['carries', 'rushing_yards', 'receptions']...
2025-08-04 17:56:27,235 - current_data_pipeline - INFO - Fetching current roster assignments for 2024
2025-08-04 17:56:27,650 - current_data_pipeline - INFO - Successfully loaded 3215 current roster assignments
2025-08-04 17:56:27,651 - current_data_pipeline - INFO - ✅ Austin Ekeler: WAS RB
2025-08-04 17:56:27,652 - current_data_pipeline - INFO - ✅ Christian McCaffrey: SF RB
2025-08-04 17:56:27,653 - current_data_pipeline - INFO - ✅ Justin Jefferson: MIN WR
2025-08-04 17:56:27,654 - current_data_pipeline - INFO - Filtered rosters to 233 RB players
2025-08-04 17:56:27,654 - current_data_pipeline - INFO - Updating data with current team assignments
2025-08-04 17:56:27,656 - current_data_pipeline - INFO - ✅ Merge preserved all players: 569 → 569
2025-08-04 17:56:27,657 - current_data_pipeline - INFO - Cleaned up 4 suffix columns: ['position_old', 'player_name_old', 'player_name_current']...
2025-08-04 17:56:27,657 - current_data_pipeline - INFO - 🔍 Roster matching: 569/569 players have current roster data
2025-08-04 17:56:27,657 - current_data_pipeline - INFO - ✅ Team assignment update successful for 569 players
2025-08-04 17:56:27,658 - current_data_pipeline - INFO - Position filter: 145 RB players
2025-08-04 17:56:27,658 - current_data_pipeline - INFO - 🔧 Applying advanced feature engineering to 145 RB players
2025-08-04 17:56:27,658 - current_data_pipeline - INFO - 🧮 Adding calculated features to bridge ML feature gap
2025-08-04 17:56:27,658 - current_data_pipeline - INFO - 📊 Calculating per-game metrics using games
2025-08-04 17:56:27,663 - current_data_pipeline - INFO - ✅ Added 39 calculated features
2025-08-04 17:56:27,663 - current_data_pipeline - INFO - ✅ Applied calculated features (per-game metrics and efficiency ratios)
2025-08-04 17:56:27,663 - current_data_pipeline - INFO - 📈 Adding lagged features from 2023 season
2025-08-04 17:56:27,663 - current_data_pipeline - INFO - Loading 2023 season data for lagged features
2025-08-04 17:56:27,663 - src.data_storage - INFO - Loading raw data for 2023 season from /Users/jihoonsong/Documents/projects/fantasy_draft_engine/data/raw/player_season_2023.parquet
2025-08-04 17:56:27,667 - current_data_pipeline - INFO - Loaded 559 players from 2023 season
2025-08-04 17:56:27,668 - current_data_pipeline - INFO - Merging 18 lagged features with current data
2025-08-04 17:56:27,672 - current_data_pipeline - INFO - ✅ Added 26 lagged features (18 direct + 8 derived)
2025-08-04 17:56:27,673 - current_data_pipeline - INFO - 📊 Lagged data matched for 84/145 players
2025-08-04 17:56:27,673 - current_data_pipeline - INFO - ✅ Applied lagged features from previous season
2025-08-04 17:56:27,674 - src.features.opportunity_metrics - INFO - Enhancing existing opportunity metrics
2025-08-04 17:56:27,674 - src.features.opportunity_metrics - INFO - Found existing opportunity metrics: ['receiving_air_yards', 'target_share', 'air_yards_share', 'wopr_x', 'wopr_y']
2025-08-04 17:56:27,674 - src.features.opportunity_metrics - INFO - Air yards related columns: ['passing_air_yards', 'receiving_air_yards', 'air_yards_share', 'air_yards_per_target', 'total_air_yards']
2025-08-04 17:56:27,674 - src.features.opportunity_metrics - INFO - Calculated aDOT from existing air yards data
2025-08-04 17:56:27,674 - src.features.opportunity_metrics - INFO - Calculated enhanced WOPR from existing metrics
2025-08-04 17:56:27,674 - src.features.opportunity_metrics - INFO - Calculating red zone opportunities
2025-08-04 17:56:27,674 - src.features.opportunity_metrics - INFO - Loading play-by-play data for 2024
2025-08-04 17:56:29,168 - src.data_storage - INFO - Created player_name column from 'name' for 49492 players
2025-08-04 17:56:29,298 - src.features.opportunity_metrics - INFO - Loaded 17748 passing plays with column mapping
2025-08-04 17:56:29,298 - src.features.opportunity_metrics - INFO - Using columns - play_type: play_type, air_yards: air_yards, receiver: receiver_player_name
2025-08-04 17:56:29,331 - src.features.opportunity_metrics - INFO - Calculated red zone opportunities for 145 players
2025-08-04 17:56:29,334 - src.features.opportunity_metrics - INFO - Enhanced opportunity metrics for 145 players
2025-08-04 17:56:29,334 - current_data_pipeline - INFO - ✅ Applied opportunity metrics enhancement
2025-08-04 17:56:29,335 - src.features.usage_analytics - INFO - Calculating all usage analytics
2025-08-04 17:56:29,335 - src.features.usage_analytics - INFO - Calculating snap count metrics
2025-08-04 17:56:29,335 - src.features.usage_analytics - INFO - Loading snap count data for 2024
2025-08-04 17:56:29,482 - src.data_storage - INFO - Created player_name column from 'player' for 26600 players
2025-08-04 17:56:29,482 - src.features.usage_analytics - INFO - Loaded snap counts for 26600 player-week records
2025-08-04 17:56:29,482 - src.features.usage_analytics - INFO - Available snap data columns: ['game_id', 'pfr_game_id', 'season', 'game_type', 'week', 'player', 'pfr_player_id', 'position', 'team', 'opponent', 'offense_snaps', 'offense_pct', 'defense_snaps', 'defense_pct', 'st_snaps', 'st_pct', 'player_name']
2025-08-04 17:56:29,482 - src.features.usage_analytics - INFO - Snap data column mapping - snaps: offense_snaps, pct: offense_pct, player: player_name, team: team
2025-08-04 17:56:29,487 - src.features.usage_analytics - INFO - Calculating snaps per game using games column: games
2025-08-04 17:56:29,491 - src.features.usage_analytics - INFO - Successfully merged snap data using columns: ['player_name', 'team', 'total_snaps', 'avg_snap_share', 'snaps_per_game']
2025-08-04 17:56:29,492 - src.features.usage_analytics - INFO - Added snap metrics for 145 players
2025-08-04 17:56:29,492 - src.features.usage_analytics - INFO - Calculating usage efficiency metrics
2025-08-04 17:56:29,493 - src.features.usage_analytics - INFO - Calculated usage efficiency metrics for 145 players
2025-08-04 17:56:29,493 - src.features.usage_analytics - INFO - Calculating advanced route participation metrics
2025-08-04 17:56:30,948 - src.data_storage - INFO - Created player_name column from 'name' for 49492 players
2025-08-04 17:56:31,124 - src.features.usage_analytics - INFO - Calculated advanced route participation for 145 players
2025-08-04 17:56:31,142 - src.features.usage_analytics - INFO - Calculating situational usage metrics
2025-08-04 17:56:31,207 - src.features.usage_analytics - INFO - Calculated situational usage for 145 players
2025-08-04 17:56:31,213 - src.features.usage_analytics - INFO - Completed all usage analytics for 145 players
2025-08-04 17:56:31,213 - current_data_pipeline - INFO - ✅ Applied usage analytics enhancement
2025-08-04 17:56:31,213 - current_data_pipeline - INFO - 🎯 Applying position-specific feature engineering for RB
2025-08-04 17:56:31,215 - ColumnMapper - INFO - Column mapping: 5 found, 1 missing
2025-08-04 17:56:31,215 - ColumnMapper - INFO - Column mapping: 10 found, 1 missing
2025-08-04 17:56:31,216 - RBFeatureEngineer_RB - INFO - Engineering features for 145 RB records
2025-08-04 17:56:31,216 - ColumnMapper - INFO - Column mapping: 5 found, 1 missing
2025-08-04 17:56:31,216 - ColumnMapper - INFO - Column mapping: 10 found, 1 missing
2025-08-04 17:56:31,217 - ColumnMapper - INFO - Column mapping: 11 found, 7 missing
2025-08-04 17:56:31,217 - ColumnMapper - INFO - Column mapping: 5 found, 1 missing
2025-08-04 17:56:31,217 - ColumnMapper - INFO - Column mapping: 10 found, 1 missing
2025-08-04 17:56:31,219 - RBFeatureEngineer_RB - INFO - RB feature engineering completed successfully
2025-08-04 17:56:31,221 - current_data_pipeline - INFO - ✅ Applied RB-specific feature engineering
2025-08-04 17:56:31,221 - current_data_pipeline - INFO - 🔢 Final feature count: 190 features for ML prediction
2025-08-04 17:56:31,224 - current_data_pipeline - INFO - ✅ Created enhanced current inference dataset: 145 records with advanced features
2025-08-04 17:58:08,486 - src.data_storage - INFO - Loading raw data for 2024 season from /Users/jihoonsong/Documents/projects/fantasy_draft_engine/data/raw/player_season_2024.parquet
2025-08-04 17:58:08,540 - current_data_pipeline - INFO - ✅ Loaded existing enhanced 2024 data: 569 records with advanced features
2025-08-04 17:58:08,541 - current_data_pipeline - INFO - 📊 PBP Features: 14 features - ['completions', 'passing_air_yards', 'passing_epa']...
2025-08-04 17:58:08,541 - current_data_pipeline - INFO - 📊 Snap Features: 4 features - ['total_offense_snaps', 'avg_offense_snap_pct', 'total_defense_snaps']...
2025-08-04 17:58:08,541 - current_data_pipeline - INFO - 📊 Basic Features: 5 features - ['carries', 'rushing_yards', 'receptions']...
2025-08-04 17:58:08,541 - current_data_pipeline - INFO - Fetching current roster assignments for 2024
2025-08-04 17:58:09,045 - current_data_pipeline - INFO - Successfully loaded 3215 current roster assignments
2025-08-04 17:58:09,046 - current_data_pipeline - INFO - ✅ Austin Ekeler: WAS RB
2025-08-04 17:58:09,047 - current_data_pipeline - INFO - ✅ Christian McCaffrey: SF RB
2025-08-04 17:58:09,047 - current_data_pipeline - INFO - ✅ Justin Jefferson: MIN WR
2025-08-04 17:58:09,049 - current_data_pipeline - INFO - Filtered rosters to 233 RB players
2025-08-04 17:58:09,049 - current_data_pipeline - INFO - Updating data with current team assignments
2025-08-04 17:58:09,050 - current_data_pipeline - INFO - ✅ Merge preserved all players: 569 → 569
2025-08-04 17:58:09,052 - current_data_pipeline - INFO - Cleaned up 4 suffix columns: ['position_old', 'player_name_old', 'player_name_current']...
2025-08-04 17:58:09,052 - current_data_pipeline - INFO - 🔍 Roster matching: 569/569 players have current roster data
2025-08-04 17:58:09,052 - current_data_pipeline - INFO - ✅ Team assignment update successful for 569 players
2025-08-04 17:58:09,052 - current_data_pipeline - INFO - Position filter: 145 RB players
2025-08-04 17:58:09,053 - current_data_pipeline - INFO - 🔧 Applying advanced feature engineering to 145 RB players
2025-08-04 17:58:09,053 - current_data_pipeline - INFO - 🧮 Adding calculated features to bridge ML feature gap
2025-08-04 17:58:09,053 - current_data_pipeline - INFO - 📊 Calculating per-game metrics using games
2025-08-04 17:58:09,057 - current_data_pipeline - INFO - ✅ Added 39 calculated features
2025-08-04 17:58:09,057 - current_data_pipeline - INFO - ✅ Applied calculated features (per-game metrics and efficiency ratios)
2025-08-04 17:58:09,057 - current_data_pipeline - INFO - 📈 Adding lagged features from 2023 season
2025-08-04 17:58:09,057 - current_data_pipeline - INFO - Loading 2023 season data for lagged features
2025-08-04 17:58:09,057 - src.data_storage - INFO - Loading raw data for 2023 season from /Users/jihoonsong/Documents/projects/fantasy_draft_engine/data/raw/player_season_2023.parquet
2025-08-04 17:58:09,062 - current_data_pipeline - INFO - Loaded 559 players from 2023 season
2025-08-04 17:58:09,063 - current_data_pipeline - INFO - Merging 18 lagged features with current data
2025-08-04 17:58:09,067 - current_data_pipeline - INFO - ✅ Added 26 lagged features (18 direct + 8 derived)
2025-08-04 17:58:09,068 - current_data_pipeline - INFO - 📊 Lagged data matched for 84/145 players
2025-08-04 17:58:09,068 - current_data_pipeline - INFO - ✅ Applied lagged features from previous season
2025-08-04 17:58:09,068 - src.features.opportunity_metrics - INFO - Enhancing existing opportunity metrics
2025-08-04 17:58:09,068 - src.features.opportunity_metrics - INFO - Found existing opportunity metrics: ['receiving_air_yards', 'target_share', 'air_yards_share', 'wopr_x', 'wopr_y']
2025-08-04 17:58:09,068 - src.features.opportunity_metrics - INFO - Air yards related columns: ['passing_air_yards', 'receiving_air_yards', 'air_yards_share', 'air_yards_per_target', 'total_air_yards']
2025-08-04 17:58:09,068 - src.features.opportunity_metrics - INFO - Calculated aDOT from existing air yards data
2025-08-04 17:58:09,068 - src.features.opportunity_metrics - INFO - Calculated enhanced WOPR from existing metrics
2025-08-04 17:58:09,068 - src.features.opportunity_metrics - INFO - Calculating red zone opportunities
2025-08-04 17:58:09,068 - src.features.opportunity_metrics - INFO - Loading play-by-play data for 2024
2025-08-04 17:58:10,598 - src.data_storage - INFO - Created player_name column from 'name' for 49492 players
2025-08-04 17:58:10,725 - src.features.opportunity_metrics - INFO - Loaded 17748 passing plays with column mapping
2025-08-04 17:58:10,726 - src.features.opportunity_metrics - INFO - Using columns - play_type: play_type, air_yards: air_yards, receiver: receiver_player_name
2025-08-04 17:58:10,757 - src.features.opportunity_metrics - INFO - Calculated red zone opportunities for 145 players
2025-08-04 17:58:10,760 - src.features.opportunity_metrics - INFO - Enhanced opportunity metrics for 145 players
2025-08-04 17:58:10,761 - current_data_pipeline - INFO - ✅ Applied opportunity metrics enhancement
2025-08-04 17:58:10,761 - src.features.usage_analytics - INFO - Calculating all usage analytics
2025-08-04 17:58:10,761 - src.features.usage_analytics - INFO - Calculating snap count metrics
2025-08-04 17:58:10,761 - src.features.usage_analytics - INFO - Loading snap count data for 2024
2025-08-04 17:58:10,894 - src.data_storage - INFO - Created player_name column from 'player' for 26600 players
2025-08-04 17:58:10,894 - src.features.usage_analytics - INFO - Loaded snap counts for 26600 player-week records
2025-08-04 17:58:10,894 - src.features.usage_analytics - INFO - Available snap data columns: ['game_id', 'pfr_game_id', 'season', 'game_type', 'week', 'player', 'pfr_player_id', 'position', 'team', 'opponent', 'offense_snaps', 'offense_pct', 'defense_snaps', 'defense_pct', 'st_snaps', 'st_pct', 'player_name']
2025-08-04 17:58:10,894 - src.features.usage_analytics - INFO - Snap data column mapping - snaps: offense_snaps, pct: offense_pct, player: player_name, team: team
2025-08-04 17:58:10,900 - src.features.usage_analytics - INFO - Calculating snaps per game using games column: games
2025-08-04 17:58:10,903 - src.features.usage_analytics - INFO - Successfully merged snap data using columns: ['player_name', 'team', 'total_snaps', 'avg_snap_share', 'snaps_per_game']
2025-08-04 17:58:10,904 - src.features.usage_analytics - INFO - Added snap metrics for 145 players
2025-08-04 17:58:10,904 - src.features.usage_analytics - INFO - Calculating usage efficiency metrics
2025-08-04 17:58:10,905 - src.features.usage_analytics - INFO - Calculated usage efficiency metrics for 145 players
2025-08-04 17:58:10,905 - src.features.usage_analytics - INFO - Calculating advanced route participation metrics
2025-08-04 17:58:12,311 - src.data_storage - INFO - Created player_name column from 'name' for 49492 players
2025-08-04 17:58:12,500 - src.features.usage_analytics - INFO - Calculated advanced route participation for 145 players
2025-08-04 17:58:12,520 - src.features.usage_analytics - INFO - Calculating situational usage metrics
2025-08-04 17:58:12,584 - src.features.usage_analytics - INFO - Calculated situational usage for 145 players
2025-08-04 17:58:12,589 - src.features.usage_analytics - INFO - Completed all usage analytics for 145 players
2025-08-04 17:58:12,589 - current_data_pipeline - INFO - ✅ Applied usage analytics enhancement
2025-08-04 17:58:12,589 - current_data_pipeline - INFO - 🎯 Applying position-specific feature engineering for RB
2025-08-04 17:58:12,591 - ColumnMapper - INFO - Column mapping: 5 found, 1 missing
2025-08-04 17:58:12,591 - ColumnMapper - INFO - Column mapping: 10 found, 1 missing
2025-08-04 17:58:12,591 - RBFeatureEngineer_RB - INFO - Engineering features for 145 RB records
2025-08-04 17:58:12,591 - ColumnMapper - INFO - Column mapping: 5 found, 1 missing
2025-08-04 17:58:12,591 - ColumnMapper - INFO - Column mapping: 10 found, 1 missing
2025-08-04 17:58:12,592 - ColumnMapper - INFO - Column mapping: 11 found, 7 missing
2025-08-04 17:58:12,592 - ColumnMapper - INFO - Column mapping: 5 found, 1 missing
2025-08-04 17:58:12,592 - ColumnMapper - INFO - Column mapping: 10 found, 1 missing
2025-08-04 17:58:12,595 - RBFeatureEngineer_RB - INFO - RB feature engineering completed successfully
2025-08-04 17:58:12,596 - current_data_pipeline - INFO - ✅ Applied RB-specific feature engineering
2025-08-04 17:58:12,596 - current_data_pipeline - INFO - 🔢 Final feature count: 190 features for ML prediction
2025-08-04 17:58:12,599 - current_data_pipeline - INFO - ✅ Created enhanced current inference dataset: 145 records with advanced features
2025-08-04 17:58:59,815 - src.data_storage - INFO - Loading raw data for 2024 season from /Users/jihoonsong/Documents/projects/fantasy_draft_engine/data/raw/player_season_2024.parquet
2025-08-04 17:58:59,820 - current_data_pipeline - INFO - ✅ Loaded existing enhanced 2024 data: 569 records with advanced features
2025-08-04 17:58:59,820 - current_data_pipeline - INFO - 📊 PBP Features: 14 features - ['completions', 'passing_air_yards', 'passing_epa']...
2025-08-04 17:58:59,820 - current_data_pipeline - INFO - 📊 Snap Features: 4 features - ['total_offense_snaps', 'avg_offense_snap_pct', 'total_defense_snaps']...
2025-08-04 17:58:59,820 - current_data_pipeline - INFO - 📊 Basic Features: 5 features - ['carries', 'rushing_yards', 'receptions']...
2025-08-04 17:58:59,820 - current_data_pipeline - INFO - Fetching current roster assignments for 2024
2025-08-04 17:59:00,237 - current_data_pipeline - INFO - Successfully loaded 3215 current roster assignments
2025-08-04 17:59:00,238 - current_data_pipeline - INFO - ✅ Austin Ekeler: WAS RB
2025-08-04 17:59:00,238 - current_data_pipeline - INFO - ✅ Christian McCaffrey: SF RB
2025-08-04 17:59:00,239 - current_data_pipeline - INFO - ✅ Justin Jefferson: MIN WR
2025-08-04 17:59:00,240 - current_data_pipeline - INFO - Filtered rosters to 129 QB players
2025-08-04 17:59:00,240 - current_data_pipeline - INFO - Updating data with current team assignments
2025-08-04 17:59:00,242 - current_data_pipeline - INFO - ✅ Merge preserved all players: 569 → 569
2025-08-04 17:59:00,243 - current_data_pipeline - INFO - Cleaned up 4 suffix columns: ['position_old', 'player_name_old', 'player_name_current']...
2025-08-04 17:59:00,244 - current_data_pipeline - INFO - 🔍 Roster matching: 569/569 players have current roster data
2025-08-04 17:59:00,244 - current_data_pipeline - INFO - ✅ Team assignment update successful for 569 players
2025-08-04 17:59:00,244 - current_data_pipeline - INFO - Position filter: 78 QB players
2025-08-04 17:59:00,244 - current_data_pipeline - INFO - 🔧 Applying advanced feature engineering to 78 QB players
2025-08-04 17:59:00,244 - current_data_pipeline - INFO - 🧮 Adding calculated features to bridge ML feature gap
2025-08-04 17:59:00,244 - current_data_pipeline - INFO - 📊 Calculating per-game metrics using games
2025-08-04 17:59:00,249 - current_data_pipeline - INFO - ✅ Added 39 calculated features
2025-08-04 17:59:00,249 - current_data_pipeline - INFO - ✅ Applied calculated features (per-game metrics and efficiency ratios)
2025-08-04 17:59:00,249 - current_data_pipeline - INFO - 📈 Adding lagged features from 2023 season
2025-08-04 17:59:00,249 - current_data_pipeline - INFO - Loading 2023 season data for lagged features
2025-08-04 17:59:00,249 - src.data_storage - INFO - Loading raw data for 2023 season from /Users/jihoonsong/Documents/projects/fantasy_draft_engine/data/raw/player_season_2023.parquet
2025-08-04 17:59:00,254 - current_data_pipeline - INFO - Loaded 559 players from 2023 season
2025-08-04 17:59:00,255 - current_data_pipeline - INFO - Merging 18 lagged features with current data
2025-08-04 17:59:00,259 - current_data_pipeline - INFO - ✅ Added 26 lagged features (18 direct + 8 derived)
2025-08-04 17:59:00,259 - current_data_pipeline - INFO - 📊 Lagged data matched for 42/78 players
2025-08-04 17:59:00,259 - current_data_pipeline - INFO - ✅ Applied lagged features from previous season
2025-08-04 17:59:00,259 - src.features.opportunity_metrics - INFO - Enhancing existing opportunity metrics
2025-08-04 17:59:00,259 - src.features.opportunity_metrics - INFO - Found existing opportunity metrics: ['receiving_air_yards', 'target_share', 'air_yards_share', 'wopr_x', 'wopr_y']
2025-08-04 17:59:00,260 - src.features.opportunity_metrics - INFO - Air yards related columns: ['passing_air_yards', 'receiving_air_yards', 'air_yards_share', 'air_yards_per_target', 'total_air_yards']
2025-08-04 17:59:00,260 - src.features.opportunity_metrics - INFO - Calculated aDOT from existing air yards data
2025-08-04 17:59:00,260 - src.features.opportunity_metrics - INFO - Calculated enhanced WOPR from existing metrics
2025-08-04 17:59:00,260 - src.features.opportunity_metrics - INFO - Calculating red zone opportunities
2025-08-04 17:59:00,260 - src.features.opportunity_metrics - INFO - Loading play-by-play data for 2024
2025-08-04 17:59:02,297 - src.data_storage - INFO - Created player_name column from 'name' for 49492 players
2025-08-04 17:59:02,425 - src.features.opportunity_metrics - INFO - Loaded 17748 passing plays with column mapping
2025-08-04 17:59:02,425 - src.features.opportunity_metrics - INFO - Using columns - play_type: play_type, air_yards: air_yards, receiver: receiver_player_name
2025-08-04 17:59:02,457 - src.features.opportunity_metrics - INFO - Calculated red zone opportunities for 78 players
2025-08-04 17:59:02,460 - src.features.opportunity_metrics - INFO - Enhanced opportunity metrics for 78 players
2025-08-04 17:59:02,460 - current_data_pipeline - INFO - ✅ Applied opportunity metrics enhancement
2025-08-04 17:59:02,460 - src.features.usage_analytics - INFO - Calculating all usage analytics
2025-08-04 17:59:02,460 - src.features.usage_analytics - INFO - Calculating snap count metrics
2025-08-04 17:59:02,460 - src.features.usage_analytics - INFO - Loading snap count data for 2024
2025-08-04 17:59:02,650 - src.data_storage - INFO - Created player_name column from 'player' for 26600 players
2025-08-04 17:59:02,650 - src.features.usage_analytics - INFO - Loaded snap counts for 26600 player-week records
2025-08-04 17:59:02,650 - src.features.usage_analytics - INFO - Available snap data columns: ['game_id', 'pfr_game_id', 'season', 'game_type', 'week', 'player', 'pfr_player_id', 'position', 'team', 'opponent', 'offense_snaps', 'offense_pct', 'defense_snaps', 'defense_pct', 'st_snaps', 'st_pct', 'player_name']
2025-08-04 17:59:02,650 - src.features.usage_analytics - INFO - Snap data column mapping - snaps: offense_snaps, pct: offense_pct, player: player_name, team: team
2025-08-04 17:59:02,656 - src.features.usage_analytics - INFO - Calculating snaps per game using games column: games
2025-08-04 17:59:02,660 - src.features.usage_analytics - INFO - Successfully merged snap data using columns: ['player_name', 'team', 'total_snaps', 'avg_snap_share', 'snaps_per_game']
2025-08-04 17:59:02,660 - src.features.usage_analytics - INFO - Added snap metrics for 78 players
2025-08-04 17:59:02,661 - src.features.usage_analytics - INFO - Calculating usage efficiency metrics
2025-08-04 17:59:02,662 - src.features.usage_analytics - INFO - Calculated usage efficiency metrics for 78 players
2025-08-04 17:59:02,662 - src.features.usage_analytics - INFO - Calculating advanced route participation metrics
2025-08-04 17:59:04,132 - src.data_storage - INFO - Created player_name column from 'name' for 49492 players
2025-08-04 17:59:04,297 - src.features.usage_analytics - INFO - Calculated advanced route participation for 78 players
2025-08-04 17:59:04,315 - src.features.usage_analytics - INFO - Calculating situational usage metrics
2025-08-04 17:59:04,381 - src.features.usage_analytics - INFO - Calculated situational usage for 78 players
2025-08-04 17:59:04,386 - src.features.usage_analytics - INFO - Completed all usage analytics for 78 players
2025-08-04 17:59:04,386 - current_data_pipeline - INFO - ✅ Applied usage analytics enhancement
2025-08-04 17:59:04,386 - current_data_pipeline - INFO - 🎯 Applying position-specific feature engineering for QB
2025-08-04 17:59:04,387 - ColumnMapper - INFO - Column mapping: 9 found, 1 missing
2025-08-04 17:59:04,387 - QBFeatureEngineer_QB - INFO - Engineering features for 78 QB records
2025-08-04 17:59:04,387 - ColumnMapper - INFO - Column mapping: 9 found, 1 missing
2025-08-04 17:59:04,388 - ColumnMapper - INFO - Column mapping: 11 found, 7 missing
2025-08-04 17:59:04,388 - ColumnMapper - INFO - Column mapping: 10 found, 0 missing
2025-08-04 17:59:04,388 - ColumnMapper - INFO - Column mapping: 5 found, 1 missing
2025-08-04 17:59:04,389 - ColumnMapper - INFO - Column mapping: 5 found, 1 missing
2025-08-04 17:59:04,389 - QBFeatureEngineer_QB - INFO - QB feature engineering completed successfully
2025-08-04 17:59:04,390 - current_data_pipeline - INFO - ✅ Applied QB-specific feature engineering
2025-08-04 17:59:04,390 - current_data_pipeline - INFO - 🔢 Final feature count: 177 features for ML prediction
2025-08-04 17:59:04,392 - current_data_pipeline - INFO - ✅ Created enhanced current inference dataset: 78 records with advanced features
2025-08-04 17:59:04,790 - current_data_pipeline - INFO - Creating enhanced current inference dataset for RB
2025-08-04 17:59:04,790 - current_data_pipeline - INFO - Fetching enhanced current season performance data for 2024
2025-08-04 17:59:04,790 - src.data_storage - INFO - Loading raw data for 2024 season from /Users/jihoonsong/Documents/projects/fantasy_draft_engine/data/raw/player_season_2024.parquet
2025-08-04 17:59:04,795 - current_data_pipeline - INFO - ✅ Loaded existing enhanced 2024 data: 569 records with advanced features
2025-08-04 17:59:04,795 - current_data_pipeline - INFO - 📊 PBP Features: 14 features - ['completions', 'passing_air_yards', 'passing_epa']...
2025-08-04 17:59:04,795 - current_data_pipeline - INFO - 📊 Snap Features: 4 features - ['total_offense_snaps', 'avg_offense_snap_pct', 'total_defense_snaps']...
2025-08-04 17:59:04,795 - current_data_pipeline - INFO - 📊 Basic Features: 5 features - ['carries', 'rushing_yards', 'receptions']...
2025-08-04 17:59:04,795 - current_data_pipeline - INFO - Fetching current roster assignments for 2024
2025-08-04 17:59:05,152 - current_data_pipeline - INFO - Successfully loaded 3215 current roster assignments
2025-08-04 17:59:05,153 - current_data_pipeline - INFO - ✅ Austin Ekeler: WAS RB
2025-08-04 17:59:05,154 - current_data_pipeline - INFO - ✅ Christian McCaffrey: SF RB
2025-08-04 17:59:05,155 - current_data_pipeline - INFO - ✅ Justin Jefferson: MIN WR
2025-08-04 17:59:05,156 - current_data_pipeline - INFO - Filtered rosters to 233 RB players
2025-08-04 17:59:05,156 - current_data_pipeline - INFO - Updating data with current team assignments
2025-08-04 17:59:05,158 - current_data_pipeline - INFO - ✅ Merge preserved all players: 569 → 569
2025-08-04 17:59:05,159 - current_data_pipeline - INFO - Cleaned up 4 suffix columns: ['position_old', 'player_name_old', 'player_name_current']...
2025-08-04 17:59:05,159 - current_data_pipeline - INFO - 🔍 Roster matching: 569/569 players have current roster data
2025-08-04 17:59:05,159 - current_data_pipeline - INFO - ✅ Team assignment update successful for 569 players
2025-08-04 17:59:05,160 - current_data_pipeline - INFO - Position filter: 145 RB players
2025-08-04 17:59:05,160 - current_data_pipeline - INFO - 🔧 Applying advanced feature engineering to 145 RB players
2025-08-04 17:59:05,160 - current_data_pipeline - INFO - 🧮 Adding calculated features to bridge ML feature gap
2025-08-04 17:59:05,160 - current_data_pipeline - INFO - 📊 Calculating per-game metrics using games
2025-08-04 17:59:05,165 - current_data_pipeline - INFO - ✅ Added 39 calculated features
2025-08-04 17:59:05,165 - current_data_pipeline - INFO - ✅ Applied calculated features (per-game metrics and efficiency ratios)
2025-08-04 17:59:05,165 - current_data_pipeline - INFO - 📈 Adding lagged features from 2023 season
2025-08-04 17:59:05,165 - current_data_pipeline - INFO - Loading 2023 season data for lagged features
2025-08-04 17:59:05,165 - src.data_storage - INFO - Loading raw data for 2023 season from /Users/jihoonsong/Documents/projects/fantasy_draft_engine/data/raw/player_season_2023.parquet
2025-08-04 17:59:05,169 - current_data_pipeline - INFO - Loaded 559 players from 2023 season
2025-08-04 17:59:05,171 - current_data_pipeline - INFO - Merging 18 lagged features with current data
2025-08-04 17:59:05,175 - current_data_pipeline - INFO - ✅ Added 26 lagged features (18 direct + 8 derived)
2025-08-04 17:59:05,175 - current_data_pipeline - INFO - 📊 Lagged data matched for 84/145 players
2025-08-04 17:59:05,175 - current_data_pipeline - INFO - ✅ Applied lagged features from previous season
2025-08-04 17:59:05,175 - src.features.opportunity_metrics - INFO - Enhancing existing opportunity metrics
2025-08-04 17:59:05,175 - src.features.opportunity_metrics - INFO - Found existing opportunity metrics: ['receiving_air_yards', 'target_share', 'air_yards_share', 'wopr_x', 'wopr_y']
2025-08-04 17:59:05,176 - src.features.opportunity_metrics - INFO - Air yards related columns: ['passing_air_yards', 'receiving_air_yards', 'air_yards_share', 'air_yards_per_target', 'total_air_yards']
2025-08-04 17:59:05,176 - src.features.opportunity_metrics - INFO - Calculated aDOT from existing air yards data
2025-08-04 17:59:05,176 - src.features.opportunity_metrics - INFO - Calculated enhanced WOPR from existing metrics
2025-08-04 17:59:05,176 - src.features.opportunity_metrics - INFO - Calculating red zone opportunities
2025-08-04 17:59:05,176 - src.features.opportunity_metrics - INFO - Loading play-by-play data for 2024
2025-08-04 17:59:06,574 - src.data_storage - INFO - Created player_name column from 'name' for 49492 players
2025-08-04 17:59:06,699 - src.features.opportunity_metrics - INFO - Loaded 17748 passing plays with column mapping
2025-08-04 17:59:06,699 - src.features.opportunity_metrics - INFO - Using columns - play_type: play_type, air_yards: air_yards, receiver: receiver_player_name
2025-08-04 17:59:06,731 - src.features.opportunity_metrics - INFO - Calculated red zone opportunities for 145 players
2025-08-04 17:59:06,734 - src.features.opportunity_metrics - INFO - Enhanced opportunity metrics for 145 players
2025-08-04 17:59:06,734 - current_data_pipeline - INFO - ✅ Applied opportunity metrics enhancement
2025-08-04 17:59:06,734 - src.features.usage_analytics - INFO - Calculating all usage analytics
2025-08-04 17:59:06,735 - src.features.usage_analytics - INFO - Calculating snap count metrics
2025-08-04 17:59:06,735 - src.features.usage_analytics - INFO - Loading snap count data for 2024
2025-08-04 17:59:06,856 - src.data_storage - INFO - Created player_name column from 'player' for 26600 players
2025-08-04 17:59:06,856 - src.features.usage_analytics - INFO - Loaded snap counts for 26600 player-week records
2025-08-04 17:59:06,856 - src.features.usage_analytics - INFO - Available snap data columns: ['game_id', 'pfr_game_id', 'season', 'game_type', 'week', 'player', 'pfr_player_id', 'position', 'team', 'opponent', 'offense_snaps', 'offense_pct', 'defense_snaps', 'defense_pct', 'st_snaps', 'st_pct', 'player_name']
2025-08-04 17:59:06,857 - src.features.usage_analytics - INFO - Snap data column mapping - snaps: offense_snaps, pct: offense_pct, player: player_name, team: team
2025-08-04 17:59:06,862 - src.features.usage_analytics - INFO - Calculating snaps per game using games column: games
2025-08-04 17:59:06,866 - src.features.usage_analytics - INFO - Successfully merged snap data using columns: ['player_name', 'team', 'total_snaps', 'avg_snap_share', 'snaps_per_game']
2025-08-04 17:59:06,866 - src.features.usage_analytics - INFO - Added snap metrics for 145 players
2025-08-04 17:59:06,866 - src.features.usage_analytics - INFO - Calculating usage efficiency metrics
2025-08-04 17:59:06,868 - src.features.usage_analytics - INFO - Calculated usage efficiency metrics for 145 players
2025-08-04 17:59:06,868 - src.features.usage_analytics - INFO - Calculating advanced route participation metrics
2025-08-04 17:59:08,337 - src.data_storage - INFO - Created player_name column from 'name' for 49492 players
2025-08-04 17:59:08,502 - src.features.usage_analytics - INFO - Calculated advanced route participation for 145 players
2025-08-04 17:59:08,521 - src.features.usage_analytics - INFO - Calculating situational usage metrics
2025-08-04 17:59:08,586 - src.features.usage_analytics - INFO - Calculated situational usage for 145 players
2025-08-04 17:59:08,590 - src.features.usage_analytics - INFO - Completed all usage analytics for 145 players
2025-08-04 17:59:08,590 - current_data_pipeline - INFO - ✅ Applied usage analytics enhancement
2025-08-04 17:59:08,590 - current_data_pipeline - INFO - 🎯 Applying position-specific feature engineering for RB
2025-08-04 17:59:08,592 - ColumnMapper - INFO - Column mapping: 5 found, 1 missing
2025-08-04 17:59:08,592 - ColumnMapper - INFO - Column mapping: 10 found, 1 missing
2025-08-04 17:59:08,592 - RBFeatureEngineer_RB - INFO - Engineering features for 145 RB records
2025-08-04 17:59:08,592 - ColumnMapper - INFO - Column mapping: 5 found, 1 missing
2025-08-04 17:59:08,592 - ColumnMapper - INFO - Column mapping: 10 found, 1 missing
2025-08-04 17:59:08,593 - ColumnMapper - INFO - Column mapping: 11 found, 7 missing
2025-08-04 17:59:08,593 - ColumnMapper - INFO - Column mapping: 5 found, 1 missing
2025-08-04 17:59:08,593 - ColumnMapper - INFO - Column mapping: 10 found, 1 missing
2025-08-04 17:59:08,596 - RBFeatureEngineer_RB - INFO - RB feature engineering completed successfully
2025-08-04 17:59:08,597 - current_data_pipeline - INFO - ✅ Applied RB-specific feature engineering
2025-08-04 17:59:08,598 - current_data_pipeline - INFO - 🔢 Final feature count: 190 features for ML prediction
2025-08-04 17:59:08,600 - current_data_pipeline - INFO - ✅ Created enhanced current inference dataset: 145 records with advanced features
2025-08-04 17:59:08,615 - src.ensemble_model - INFO - 📂 Loading ensemble model from /Users/jihoonsong/Documents/projects/fantasy_draft_engine/saved_models/RB_ensemble_model.joblib
2025-08-04 17:59:08,634 - src.ensemble_model - INFO - 🤖 ENSEMBLE MODEL INITIALIZATION: RB
2025-08-04 17:59:08,634 - src.ensemble_model - INFO - ============================================================
2025-08-04 17:59:08,634 - src.ensemble_model - INFO - ✅ RandomForest hyperparameters for RB:
2025-08-04 17:59:08,634 - src.ensemble_model - INFO -    n_estimators: 300
2025-08-04 17:59:08,634 - src.ensemble_model - INFO -    max_depth: 12
2025-08-04 17:59:08,634 - src.ensemble_model - INFO -    min_samples_split: 8
2025-08-04 17:59:08,634 - src.ensemble_model - INFO -    min_samples_leaf: 2
2025-08-04 17:59:08,634 - src.ensemble_model - INFO -    max_features: 0.8
2025-08-04 17:59:08,634 - src.ensemble_model - INFO -    bootstrap: True
2025-08-04 17:59:08,634 - src.ensemble_model - INFO -    oob_score: True
2025-08-04 17:59:08,634 - src.ensemble_model - INFO -    random_state: 42
2025-08-04 17:59:08,634 - src.ensemble_model - INFO -    n_jobs: -1
2025-08-04 17:59:08,634 - src.ensemble_model - INFO - ✅ LightGBM hyperparameters for RB:
2025-08-04 17:59:08,634 - src.ensemble_model - INFO -    objective: regression_l1
2025-08-04 17:59:08,634 - src.ensemble_model - INFO -    metric: rmse
2025-08-04 17:59:08,634 - src.ensemble_model - INFO -    boosting_type: gbdt
2025-08-04 17:59:08,634 - src.ensemble_model - INFO -    n_estimators: 1000
2025-08-04 17:59:08,634 - src.ensemble_model - INFO -    learning_rate: 0.1
2025-08-04 17:59:08,634 - src.ensemble_model - INFO -    num_leaves: 96
2025-08-04 17:59:08,634 - src.ensemble_model - INFO -    max_depth: 10
2025-08-04 17:59:08,634 - src.ensemble_model - INFO -    min_data_in_leaf: 25
2025-08-04 17:59:08,634 - src.ensemble_model - INFO -    feature_fraction: 0.75
2025-08-04 17:59:08,634 - src.ensemble_model - INFO -    bagging_fraction: 0.8
2025-08-04 17:59:08,634 - src.ensemble_model - INFO -    bagging_freq: 1
2025-08-04 17:59:08,634 - src.ensemble_model - INFO -    lambda_l1: 0.2
2025-08-04 17:59:08,634 - src.ensemble_model - INFO -    lambda_l2: 0.1
2025-08-04 17:59:08,634 - src.ensemble_model - INFO -    min_gain_to_split: 0.02
2025-08-04 17:59:08,634 - src.ensemble_model - INFO -    verbose: -1
2025-08-04 17:59:08,634 - src.ensemble_model - INFO -    n_jobs: -1
2025-08-04 17:59:08,634 - src.ensemble_model - INFO -    seed: 42
2025-08-04 17:59:08,634 - src.ensemble_model - INFO -    force_col_wise: True
2025-08-04 17:59:08,634 - src.ensemble_model - INFO - ✅ Ensemble model initialized for RB
2025-08-04 17:59:08,634 - src.ensemble_model - INFO -    RandomForest: RandomForestRegressor
2025-08-04 17:59:08,635 - src.ensemble_model - INFO -    LightGBM: LGBMRegressor
2025-08-04 17:59:08,635 - src.ensemble_model - INFO -    Dynamic weighting: DynamicEnsembleWeighter
2025-08-04 17:59:08,635 - src.ensemble_model - INFO - ✅ Ensemble model loaded successfully for RB
2025-08-04 17:59:08,635 - src.ensemble_model - INFO -    Created: 2025-08-03T22:49:24.829261
2025-08-04 17:59:08,635 - src.ensemble_model - INFO -    Trained: True
2025-08-04 17:59:08,692 - current_data_pipeline - INFO - Creating enhanced current inference dataset for WR
2025-08-04 17:59:08,692 - current_data_pipeline - INFO - Fetching enhanced current season performance data for 2024
2025-08-04 17:59:08,692 - src.data_storage - INFO - Loading raw data for 2024 season from /Users/jihoonsong/Documents/projects/fantasy_draft_engine/data/raw/player_season_2024.parquet
2025-08-04 17:59:08,698 - current_data_pipeline - INFO - ✅ Loaded existing enhanced 2024 data: 569 records with advanced features
2025-08-04 17:59:08,698 - current_data_pipeline - INFO - 📊 PBP Features: 14 features - ['completions', 'passing_air_yards', 'passing_epa']...
2025-08-04 17:59:08,698 - current_data_pipeline - INFO - 📊 Snap Features: 4 features - ['total_offense_snaps', 'avg_offense_snap_pct', 'total_defense_snaps']...
2025-08-04 17:59:08,698 - current_data_pipeline - INFO - 📊 Basic Features: 5 features - ['carries', 'rushing_yards', 'receptions']...
2025-08-04 17:59:08,698 - current_data_pipeline - INFO - Fetching current roster assignments for 2024
2025-08-04 17:59:09,092 - current_data_pipeline - INFO - Successfully loaded 3215 current roster assignments
2025-08-04 17:59:09,093 - current_data_pipeline - INFO - ✅ Austin Ekeler: WAS RB
2025-08-04 17:59:09,094 - current_data_pipeline - INFO - ✅ Christian McCaffrey: SF RB
2025-08-04 17:59:09,094 - current_data_pipeline - INFO - ✅ Justin Jefferson: MIN WR
2025-08-04 17:59:09,096 - current_data_pipeline - INFO - Filtered rosters to 419 WR players
2025-08-04 17:59:09,096 - current_data_pipeline - INFO - Updating data with current team assignments
2025-08-04 17:59:09,098 - current_data_pipeline - INFO - ✅ Merge preserved all players: 569 → 569
2025-08-04 17:59:09,100 - current_data_pipeline - INFO - Cleaned up 4 suffix columns: ['position_old', 'player_name_old', 'player_name_current']...
2025-08-04 17:59:09,100 - current_data_pipeline - INFO - 🔍 Roster matching: 569/569 players have current roster data
2025-08-04 17:59:09,100 - current_data_pipeline - INFO - ✅ Team assignment update successful for 569 players
2025-08-04 17:59:09,100 - current_data_pipeline - INFO - Position filter: 227 WR players
2025-08-04 17:59:09,101 - current_data_pipeline - INFO - 🔧 Applying advanced feature engineering to 227 WR players
2025-08-04 17:59:09,101 - current_data_pipeline - INFO - 🧮 Adding calculated features to bridge ML feature gap
2025-08-04 17:59:09,101 - current_data_pipeline - INFO - 📊 Calculating per-game metrics using games
2025-08-04 17:59:09,105 - current_data_pipeline - INFO - ✅ Added 39 calculated features
2025-08-04 17:59:09,105 - current_data_pipeline - INFO - ✅ Applied calculated features (per-game metrics and efficiency ratios)
2025-08-04 17:59:09,105 - current_data_pipeline - INFO - 📈 Adding lagged features from 2023 season
2025-08-04 17:59:09,105 - current_data_pipeline - INFO - Loading 2023 season data for lagged features
2025-08-04 17:59:09,106 - src.data_storage - INFO - Loading raw data for 2023 season from /Users/jihoonsong/Documents/projects/fantasy_draft_engine/data/raw/player_season_2023.parquet
2025-08-04 17:59:09,110 - current_data_pipeline - INFO - Loaded 559 players from 2023 season
2025-08-04 17:59:09,112 - current_data_pipeline - INFO - Merging 18 lagged features with current data
2025-08-04 17:59:09,116 - current_data_pipeline - INFO - ✅ Added 26 lagged features (18 direct + 8 derived)
2025-08-04 17:59:09,116 - current_data_pipeline - INFO - 📊 Lagged data matched for 123/227 players
2025-08-04 17:59:09,116 - current_data_pipeline - INFO - ✅ Applied lagged features from previous season
2025-08-04 17:59:09,116 - src.features.opportunity_metrics - INFO - Enhancing existing opportunity metrics
2025-08-04 17:59:09,116 - src.features.opportunity_metrics - INFO - Found existing opportunity metrics: ['receiving_air_yards', 'target_share', 'air_yards_share', 'wopr_x', 'wopr_y']
2025-08-04 17:59:09,116 - src.features.opportunity_metrics - INFO - Air yards related columns: ['passing_air_yards', 'receiving_air_yards', 'air_yards_share', 'air_yards_per_target', 'total_air_yards']
2025-08-04 17:59:09,116 - src.features.opportunity_metrics - INFO - Calculated aDOT from existing air yards data
2025-08-04 17:59:09,117 - src.features.opportunity_metrics - INFO - Calculated enhanced WOPR from existing metrics
2025-08-04 17:59:09,117 - src.features.opportunity_metrics - INFO - Calculating red zone opportunities
2025-08-04 17:59:09,117 - src.features.opportunity_metrics - INFO - Loading play-by-play data for 2024
2025-08-04 17:59:10,590 - src.data_storage - INFO - Created player_name column from 'name' for 49492 players
2025-08-04 17:59:10,713 - src.features.opportunity_metrics - INFO - Loaded 17748 passing plays with column mapping
2025-08-04 17:59:10,713 - src.features.opportunity_metrics - INFO - Using columns - play_type: play_type, air_yards: air_yards, receiver: receiver_player_name
2025-08-04 17:59:10,745 - src.features.opportunity_metrics - INFO - Calculated red zone opportunities for 227 players
2025-08-04 17:59:10,749 - src.features.opportunity_metrics - INFO - Enhanced opportunity metrics for 227 players
2025-08-04 17:59:10,749 - current_data_pipeline - INFO - ✅ Applied opportunity metrics enhancement
2025-08-04 17:59:10,749 - src.features.usage_analytics - INFO - Calculating all usage analytics
2025-08-04 17:59:10,749 - src.features.usage_analytics - INFO - Calculating snap count metrics
2025-08-04 17:59:10,749 - src.features.usage_analytics - INFO - Loading snap count data for 2024
2025-08-04 17:59:10,897 - src.data_storage - INFO - Created player_name column from 'player' for 26600 players
2025-08-04 17:59:10,897 - src.features.usage_analytics - INFO - Loaded snap counts for 26600 player-week records
2025-08-04 17:59:10,897 - src.features.usage_analytics - INFO - Available snap data columns: ['game_id', 'pfr_game_id', 'season', 'game_type', 'week', 'player', 'pfr_player_id', 'position', 'team', 'opponent', 'offense_snaps', 'offense_pct', 'defense_snaps', 'defense_pct', 'st_snaps', 'st_pct', 'player_name']
2025-08-04 17:59:10,897 - src.features.usage_analytics - INFO - Snap data column mapping - snaps: offense_snaps, pct: offense_pct, player: player_name, team: team
2025-08-04 17:59:10,902 - src.features.usage_analytics - INFO - Calculating snaps per game using games column: games
2025-08-04 17:59:10,905 - src.features.usage_analytics - INFO - Successfully merged snap data using columns: ['player_name', 'team', 'total_snaps', 'avg_snap_share', 'snaps_per_game']
2025-08-04 17:59:10,905 - src.features.usage_analytics - INFO - Added snap metrics for 227 players
2025-08-04 17:59:10,905 - src.features.usage_analytics - INFO - Calculating usage efficiency metrics
2025-08-04 17:59:10,907 - src.features.usage_analytics - INFO - Calculated usage efficiency metrics for 227 players
2025-08-04 17:59:10,907 - src.features.usage_analytics - INFO - Calculating advanced route participation metrics
2025-08-04 17:59:12,346 - src.data_storage - INFO - Created player_name column from 'name' for 49492 players
2025-08-04 17:59:12,513 - src.features.usage_analytics - INFO - Calculated advanced route participation for 227 players
2025-08-04 17:59:12,531 - src.features.usage_analytics - INFO - Calculating situational usage metrics
2025-08-04 17:59:12,597 - src.features.usage_analytics - INFO - Calculated situational usage for 227 players
2025-08-04 17:59:12,602 - src.features.usage_analytics - INFO - Completed all usage analytics for 227 players
2025-08-04 17:59:12,602 - current_data_pipeline - INFO - ✅ Applied usage analytics enhancement
2025-08-04 17:59:12,602 - current_data_pipeline - INFO - 🎯 Applying position-specific feature engineering for WR
2025-08-04 17:59:12,604 - ColumnMapper - INFO - Column mapping: 10 found, 1 missing
2025-08-04 17:59:12,604 - WRFeatureEngineer_WR - INFO - Engineering features for 227 WR records
2025-08-04 17:59:12,604 - ColumnMapper - INFO - Column mapping: 10 found, 1 missing
2025-08-04 17:59:12,605 - ColumnMapper - INFO - Column mapping: 11 found, 7 missing
2025-08-04 17:59:12,605 - ColumnMapper - INFO - Column mapping: 10 found, 1 missing
2025-08-04 17:59:12,608 - WRFeatureEngineer_WR - INFO - WR feature engineering completed successfully
2025-08-04 17:59:12,609 - current_data_pipeline - INFO - ✅ Applied WR-specific feature engineering
2025-08-04 17:59:12,610 - current_data_pipeline - INFO - 🔢 Final feature count: 191 features for ML prediction
2025-08-04 17:59:12,613 - current_data_pipeline - INFO - ✅ Created enhanced current inference dataset: 227 records with advanced features
2025-08-04 17:59:12,630 - src.ensemble_model - INFO - 📂 Loading ensemble model from /Users/jihoonsong/Documents/projects/fantasy_draft_engine/saved_models/WR_ensemble_model.joblib
2025-08-04 17:59:12,688 - current_data_pipeline - INFO - Creating enhanced current inference dataset for TE
2025-08-04 17:59:12,688 - current_data_pipeline - INFO - Fetching enhanced current season performance data for 2024
2025-08-04 17:59:12,688 - src.data_storage - INFO - Loading raw data for 2024 season from /Users/jihoonsong/Documents/projects/fantasy_draft_engine/data/raw/player_season_2024.parquet
2025-08-04 17:59:12,694 - current_data_pipeline - INFO - ✅ Loaded existing enhanced 2024 data: 569 records with advanced features
2025-08-04 17:59:12,694 - current_data_pipeline - INFO - 📊 PBP Features: 14 features - ['completions', 'passing_air_yards', 'passing_epa']...
2025-08-04 17:59:12,694 - current_data_pipeline - INFO - 📊 Snap Features: 4 features - ['total_offense_snaps', 'avg_offense_snap_pct', 'total_defense_snaps']...
2025-08-04 17:59:12,694 - current_data_pipeline - INFO - 📊 Basic Features: 5 features - ['carries', 'rushing_yards', 'receptions']...
2025-08-04 17:59:12,694 - current_data_pipeline - INFO - Fetching current roster assignments for 2024
2025-08-04 17:59:13,071 - current_data_pipeline - INFO - Successfully loaded 3215 current roster assignments
2025-08-04 17:59:13,072 - current_data_pipeline - INFO - ✅ Austin Ekeler: WAS RB
2025-08-04 17:59:13,072 - current_data_pipeline - INFO - ✅ Christian McCaffrey: SF RB
2025-08-04 17:59:13,074 - current_data_pipeline - INFO - ✅ Justin Jefferson: MIN WR
2025-08-04 17:59:13,075 - current_data_pipeline - INFO - Filtered rosters to 215 TE players
2025-08-04 17:59:13,075 - current_data_pipeline - INFO - Updating data with current team assignments
2025-08-04 17:59:13,077 - current_data_pipeline - INFO - ✅ Merge preserved all players: 569 → 569
2025-08-04 17:59:13,078 - current_data_pipeline - INFO - Cleaned up 4 suffix columns: ['position_old', 'player_name_old', 'player_name_current']...
2025-08-04 17:59:13,078 - current_data_pipeline - INFO - 🔍 Roster matching: 569/569 players have current roster data
2025-08-04 17:59:13,078 - current_data_pipeline - INFO - ✅ Team assignment update successful for 569 players
2025-08-04 17:59:13,078 - current_data_pipeline - INFO - Position filter: 119 TE players
2025-08-04 17:59:13,079 - current_data_pipeline - INFO - 🔧 Applying advanced feature engineering to 119 TE players
2025-08-04 17:59:13,079 - current_data_pipeline - INFO - 🧮 Adding calculated features to bridge ML feature gap
2025-08-04 17:59:13,079 - current_data_pipeline - INFO - 📊 Calculating per-game metrics using games
2025-08-04 17:59:13,083 - current_data_pipeline - INFO - ✅ Added 39 calculated features
2025-08-04 17:59:13,083 - current_data_pipeline - INFO - ✅ Applied calculated features (per-game metrics and efficiency ratios)
2025-08-04 17:59:13,083 - current_data_pipeline - INFO - 📈 Adding lagged features from 2023 season
2025-08-04 17:59:13,083 - current_data_pipeline - INFO - Loading 2023 season data for lagged features
2025-08-04 17:59:13,084 - src.data_storage - INFO - Loading raw data for 2023 season from /Users/jihoonsong/Documents/projects/fantasy_draft_engine/data/raw/player_season_2023.parquet
2025-08-04 17:59:13,089 - current_data_pipeline - INFO - Loaded 559 players from 2023 season
2025-08-04 17:59:13,090 - current_data_pipeline - INFO - Merging 18 lagged features with current data
2025-08-04 17:59:13,094 - current_data_pipeline - INFO - ✅ Added 26 lagged features (18 direct + 8 derived)
2025-08-04 17:59:13,095 - current_data_pipeline - INFO - 📊 Lagged data matched for 74/119 players
2025-08-04 17:59:13,095 - current_data_pipeline - INFO - ✅ Applied lagged features from previous season
2025-08-04 17:59:13,095 - src.features.opportunity_metrics - INFO - Enhancing existing opportunity metrics
2025-08-04 17:59:13,095 - src.features.opportunity_metrics - INFO - Found existing opportunity metrics: ['receiving_air_yards', 'target_share', 'air_yards_share', 'wopr_x', 'wopr_y']
2025-08-04 17:59:13,095 - src.features.opportunity_metrics - INFO - Air yards related columns: ['passing_air_yards', 'receiving_air_yards', 'air_yards_share', 'air_yards_per_target', 'total_air_yards']
2025-08-04 17:59:13,095 - src.features.opportunity_metrics - INFO - Calculated aDOT from existing air yards data
2025-08-04 17:59:13,095 - src.features.opportunity_metrics - INFO - Calculated enhanced WOPR from existing metrics
2025-08-04 17:59:13,095 - src.features.opportunity_metrics - INFO - Calculating red zone opportunities
2025-08-04 17:59:13,095 - src.features.opportunity_metrics - INFO - Loading play-by-play data for 2024
2025-08-04 17:59:14,486 - src.data_storage - INFO - Created player_name column from 'name' for 49492 players
2025-08-04 17:59:14,611 - src.features.opportunity_metrics - INFO - Loaded 17748 passing plays with column mapping
2025-08-04 17:59:14,611 - src.features.opportunity_metrics - INFO - Using columns - play_type: play_type, air_yards: air_yards, receiver: receiver_player_name
2025-08-04 17:59:14,644 - src.features.opportunity_metrics - INFO - Calculated red zone opportunities for 119 players
2025-08-04 17:59:14,647 - src.features.opportunity_metrics - INFO - Enhanced opportunity metrics for 119 players
2025-08-04 17:59:14,647 - current_data_pipeline - INFO - ✅ Applied opportunity metrics enhancement
2025-08-04 17:59:14,647 - src.features.usage_analytics - INFO - Calculating all usage analytics
2025-08-04 17:59:14,647 - src.features.usage_analytics - INFO - Calculating snap count metrics
2025-08-04 17:59:14,647 - src.features.usage_analytics - INFO - Loading snap count data for 2024
2025-08-04 17:59:14,790 - src.data_storage - INFO - Created player_name column from 'player' for 26600 players
2025-08-04 17:59:14,790 - src.features.usage_analytics - INFO - Loaded snap counts for 26600 player-week records
2025-08-04 17:59:14,790 - src.features.usage_analytics - INFO - Available snap data columns: ['game_id', 'pfr_game_id', 'season', 'game_type', 'week', 'player', 'pfr_player_id', 'position', 'team', 'opponent', 'offense_snaps', 'offense_pct', 'defense_snaps', 'defense_pct', 'st_snaps', 'st_pct', 'player_name']
2025-08-04 17:59:14,790 - src.features.usage_analytics - INFO - Snap data column mapping - snaps: offense_snaps, pct: offense_pct, player: player_name, team: team
2025-08-04 17:59:14,796 - src.features.usage_analytics - INFO - Calculating snaps per game using games column: games
2025-08-04 17:59:14,800 - src.features.usage_analytics - INFO - Successfully merged snap data using columns: ['player_name', 'team', 'total_snaps', 'avg_snap_share', 'snaps_per_game']
2025-08-04 17:59:14,800 - src.features.usage_analytics - INFO - Added snap metrics for 119 players
2025-08-04 17:59:14,801 - src.features.usage_analytics - INFO - Calculating usage efficiency metrics
2025-08-04 17:59:14,803 - src.features.usage_analytics - INFO - Calculated usage efficiency metrics for 119 players
2025-08-04 17:59:14,803 - src.features.usage_analytics - INFO - Calculating advanced route participation metrics
2025-08-04 17:59:16,187 - src.data_storage - INFO - Created player_name column from 'name' for 49492 players
2025-08-04 17:59:16,355 - src.features.usage_analytics - INFO - Calculated advanced route participation for 119 players
2025-08-04 17:59:16,372 - src.features.usage_analytics - INFO - Calculating situational usage metrics
2025-08-04 17:59:16,436 - src.features.usage_analytics - INFO - Calculated situational usage for 119 players
2025-08-04 17:59:16,441 - src.features.usage_analytics - INFO - Completed all usage analytics for 119 players
2025-08-04 17:59:16,441 - current_data_pipeline - INFO - ✅ Applied usage analytics enhancement
2025-08-04 17:59:16,441 - current_data_pipeline - INFO - 🎯 Applying position-specific feature engineering for TE
2025-08-04 17:59:16,443 - ColumnMapper - INFO - Column mapping: 10 found, 1 missing
2025-08-04 17:59:16,443 - TEFeatureEngineer_TE - INFO - Engineering features for 119 TE records
2025-08-04 17:59:16,443 - ColumnMapper - INFO - Column mapping: 10 found, 1 missing
2025-08-04 17:59:16,444 - ColumnMapper - INFO - Column mapping: 11 found, 7 missing
2025-08-04 17:59:16,444 - ColumnMapper - INFO - Column mapping: 10 found, 1 missing
2025-08-04 17:59:16,447 - TEFeatureEngineer_TE - INFO - TE feature engineering completed successfully
2025-08-04 17:59:16,449 - current_data_pipeline - INFO - ✅ Applied TE-specific feature engineering
2025-08-04 17:59:16,449 - current_data_pipeline - INFO - 🔢 Final feature count: 188 features for ML prediction
2025-08-04 17:59:16,452 - current_data_pipeline - INFO - ✅ Created enhanced current inference dataset: 119 records with advanced features
2025-08-04 17:59:16,469 - src.ensemble_model - INFO - 📂 Loading ensemble model from /Users/jihoonsong/Documents/projects/fantasy_draft_engine/saved_models/TE_ensemble_model.joblib
2025-08-04 17:59:16,512 - current_data_pipeline - INFO - Creating enhanced current inference dataset for K
2025-08-04 17:59:16,512 - current_data_pipeline - INFO - Fetching enhanced current season performance data for 2024
2025-08-04 17:59:16,512 - src.data_storage - INFO - Loading raw data for 2024 season from /Users/jihoonsong/Documents/projects/fantasy_draft_engine/data/raw/player_season_2024.parquet
2025-08-04 17:59:16,516 - current_data_pipeline - INFO - ✅ Loaded existing enhanced 2024 data: 569 records with advanced features
2025-08-04 17:59:16,516 - current_data_pipeline - INFO - 📊 PBP Features: 14 features - ['completions', 'passing_air_yards', 'passing_epa']...
2025-08-04 17:59:16,516 - current_data_pipeline - INFO - 📊 Snap Features: 4 features - ['total_offense_snaps', 'avg_offense_snap_pct', 'total_defense_snaps']...
2025-08-04 17:59:16,516 - current_data_pipeline - INFO - 📊 Basic Features: 5 features - ['carries', 'rushing_yards', 'receptions']...
2025-08-04 17:59:16,516 - current_data_pipeline - INFO - Fetching current roster assignments for 2024
2025-08-04 17:59:16,885 - current_data_pipeline - INFO - Successfully loaded 3215 current roster assignments
2025-08-04 17:59:16,886 - current_data_pipeline - INFO - ✅ Austin Ekeler: WAS RB
2025-08-04 17:59:16,886 - current_data_pipeline - INFO - ✅ Christian McCaffrey: SF RB
2025-08-04 17:59:16,887 - current_data_pipeline - INFO - ✅ Justin Jefferson: MIN WR
2025-08-04 17:59:16,889 - current_data_pipeline - INFO - Filtered rosters to 53 K players
2025-08-04 17:59:16,889 - current_data_pipeline - INFO - Updating data with current team assignments
2025-08-04 17:59:16,890 - current_data_pipeline - INFO - ✅ Merge preserved all players: 569 → 569
2025-08-04 17:59:16,891 - current_data_pipeline - INFO - Cleaned up 4 suffix columns: ['position_old', 'player_name_old', 'player_name_current']...
2025-08-04 17:59:16,891 - current_data_pipeline - INFO - 🔍 Roster matching: 569/569 players have current roster data
2025-08-04 17:59:16,892 - current_data_pipeline - INFO - ✅ Team assignment update successful for 569 players
2025-08-04 17:59:16,892 - current_data_pipeline - INFO - Position filter: 0 K players
2025-08-04 17:59:16,892 - current_data_pipeline - INFO - 🔧 Applying advanced feature engineering to 0 K players
2025-08-04 17:59:16,892 - current_data_pipeline - INFO - 🧮 Adding calculated features to bridge ML feature gap
2025-08-04 17:59:16,892 - current_data_pipeline - INFO - ✅ Applied calculated features (per-game metrics and efficiency ratios)
2025-08-04 17:59:16,892 - current_data_pipeline - INFO - 📈 Adding lagged features from 2023 season
2025-08-04 17:59:16,892 - current_data_pipeline - INFO - ✅ Applied lagged features from previous season
2025-08-04 17:59:16,892 - src.features.opportunity_metrics - INFO - Enhancing existing opportunity metrics
2025-08-04 17:59:16,892 - src.features.opportunity_metrics - INFO - Found existing opportunity metrics: ['receiving_air_yards', 'target_share', 'air_yards_share', 'wopr_x', 'wopr_y']
2025-08-04 17:59:16,892 - src.features.opportunity_metrics - INFO - Air yards related columns: ['passing_air_yards', 'receiving_air_yards', 'air_yards_share', 'air_yards_per_target', 'total_air_yards']
2025-08-04 17:59:16,892 - src.features.opportunity_metrics - INFO - Calculated aDOT from existing air yards data
2025-08-04 17:59:16,892 - src.features.opportunity_metrics - INFO - Calculated enhanced WOPR from existing metrics
2025-08-04 17:59:16,892 - src.features.opportunity_metrics - INFO - Calculating red zone opportunities
2025-08-04 17:59:16,892 - src.features.opportunity_metrics - INFO - Loading play-by-play data for 2024
2025-08-04 17:59:18,266 - src.data_storage - INFO - Created player_name column from 'name' for 49492 players
2025-08-04 17:59:18,391 - src.features.opportunity_metrics - INFO - Loaded 17748 passing plays with column mapping
2025-08-04 17:59:18,391 - src.features.opportunity_metrics - INFO - Using columns - play_type: play_type, air_yards: air_yards, receiver: receiver_player_name
2025-08-04 17:59:18,423 - src.features.opportunity_metrics - INFO - Calculated red zone opportunities for 0 players
2025-08-04 17:59:18,426 - src.features.opportunity_metrics - INFO - Enhanced opportunity metrics for 0 players
2025-08-04 17:59:18,426 - current_data_pipeline - INFO - ✅ Applied opportunity metrics enhancement
2025-08-04 17:59:18,426 - src.features.usage_analytics - INFO - Calculating all usage analytics
2025-08-04 17:59:18,426 - src.features.usage_analytics - INFO - Calculating snap count metrics
2025-08-04 17:59:18,426 - src.features.usage_analytics - INFO - Loading snap count data for 2024
2025-08-04 17:59:18,572 - src.data_storage - INFO - Created player_name column from 'player' for 26600 players
2025-08-04 17:59:18,572 - src.features.usage_analytics - INFO - Loaded snap counts for 26600 player-week records
2025-08-04 17:59:18,572 - src.features.usage_analytics - INFO - Available snap data columns: ['game_id', 'pfr_game_id', 'season', 'game_type', 'week', 'player', 'pfr_player_id', 'position', 'team', 'opponent', 'offense_snaps', 'offense_pct', 'defense_snaps', 'defense_pct', 'st_snaps', 'st_pct', 'player_name']
2025-08-04 17:59:18,572 - src.features.usage_analytics - INFO - Snap data column mapping - snaps: offense_snaps, pct: offense_pct, player: player_name, team: team
2025-08-04 17:59:18,578 - src.features.usage_analytics - INFO - Calculating snaps per game using games column: games
2025-08-04 17:59:18,580 - src.features.usage_analytics - INFO - Successfully merged snap data using columns: ['player_name', 'team', 'total_snaps', 'avg_snap_share', 'snaps_per_game']
2025-08-04 17:59:18,581 - src.features.usage_analytics - INFO - Added snap metrics for 0 players
2025-08-04 17:59:18,581 - src.features.usage_analytics - INFO - Calculating usage efficiency metrics
2025-08-04 17:59:18,582 - src.features.usage_analytics - INFO - Calculated usage efficiency metrics for 0 players
2025-08-04 17:59:18,582 - src.features.usage_analytics - INFO - Calculating advanced route participation metrics
2025-08-04 17:59:20,006 - src.data_storage - INFO - Created player_name column from 'name' for 49492 players
2025-08-04 17:59:20,172 - src.features.usage_analytics - INFO - Calculated advanced route participation for 0 players
2025-08-04 17:59:20,190 - src.features.usage_analytics - INFO - Calculating situational usage metrics
2025-08-04 17:59:20,255 - src.features.usage_analytics - INFO - Calculated situational usage for 0 players
2025-08-04 17:59:20,260 - src.features.usage_analytics - INFO - Completed all usage analytics for 0 players
2025-08-04 17:59:20,260 - current_data_pipeline - INFO - ✅ Applied usage analytics enhancement
2025-08-04 17:59:20,260 - current_data_pipeline - INFO - 🎯 Applying position-specific feature engineering for K
2025-08-04 17:59:20,262 - KFeatureEngineer_K - INFO - Engineering features for 0 K records
2025-08-04 17:59:20,262 - KFeatureEngineer_K - WARNING - Empty DataFrame provided for K feature engineering
2025-08-04 17:59:20,262 - current_data_pipeline - WARNING - ⚠️ Position-specific feature engineering failed for K
2025-08-04 17:59:20,262 - current_data_pipeline - INFO - 🔢 Final feature count: 103 features for ML prediction
2025-08-04 17:59:20,263 - current_data_pipeline - INFO - ✅ Created enhanced current inference dataset: 0 records with advanced features
2025-08-04 17:59:20,279 - feature_engineering - INFO - 🏗️ FEATURE ENGINEERING START: 2023 → 2024
2025-08-04 17:59:20,280 - feature_engineering - INFO - ================================================================================
2025-08-04 17:59:20,280 - feature_engineering - INFO - 📊 Configuration:
2025-08-04 17:59:20,280 - feature_engineering - INFO -    Target season: 2023
2025-08-04 17:59:20,280 - feature_engineering - INFO -    Prediction season: 2024
2025-08-04 17:59:20,280 - feature_engineering - INFO -    Matchup intelligence: False
2025-08-04 17:59:20,280 - feature_engineering - INFO -    Position-specific features: True
2025-08-04 17:59:20,280 - feature_engineering - INFO -    Weeks ahead SOS: 4
2025-08-04 17:59:20,280 - feature_engineering - INFO -    Historical seasons: [2022, 2023]
2025-08-04 17:59:20,280 - feature_engineering - INFO - ================================================================================
2025-08-04 17:59:20,280 - src.data_storage - INFO - Loading raw data for 2024 season from /Users/jihoonsong/Documents/projects/fantasy_draft_engine/data/raw/player_season_2024.parquet
2025-08-04 17:59:20,285 - feature_engineering - INFO - Successfully loaded actuals data for 2024 to create target variable.
2025-08-04 17:59:20,285 - src.data_storage - INFO - Loading raw data for 2022 season from /Users/jihoonsong/Documents/projects/fantasy_draft_engine/data/raw/player_season_2022.parquet
2025-08-04 17:59:20,290 - src.data_storage - INFO - Loading raw data for 2023 season from /Users/jihoonsong/Documents/projects/fantasy_draft_engine/data/raw/player_season_2023.parquet
2025-08-04 17:59:20,295 - feature_engineering - INFO - Converted 'birth_date' column to datetime for season 2023 in current_season_df
2025-08-04 17:59:20,295 - feature_engineering - INFO - 🔧 COMPREHENSIVE DATA ENHANCEMENT: Adding missing columns for enhanced features
2025-08-04 17:59:20,295 - src.current_data_pipeline - INFO - Fetching current roster assignments for 2023
2025-08-04 17:59:20,679 - src.current_data_pipeline - INFO - Successfully loaded 3089 current roster assignments
2025-08-04 17:59:20,680 - src.current_data_pipeline - INFO - ✅ Austin Ekeler: LAC RB
2025-08-04 17:59:20,680 - src.current_data_pipeline - INFO - ✅ Christian McCaffrey: SF RB
2025-08-04 17:59:20,681 - src.current_data_pipeline - INFO - ✅ Justin Jefferson: MIN WR
2025-08-04 17:59:20,683 - feature_engineering - INFO - ✅ Loaded 3089 roster entries for data enhancement
2025-08-04 17:59:20,683 - feature_engineering - INFO -    Will add position → position
2025-08-04 17:59:20,683 - feature_engineering - INFO -    Will add current_team → team
2025-08-04 17:59:20,683 - feature_engineering - INFO -    Will add player_name → player_name
2025-08-04 17:59:20,683 - feature_engineering - INFO - 🔗 Merging roster data: ['player_id', 'position', 'current_team', 'player_name']
2025-08-04 17:59:20,686 - feature_engineering - INFO -    ✅ Standardized 'current_team' → 'team'
2025-08-04 17:59:20,687 - feature_engineering - INFO -    ➕ Added default column 'draftround' = 7
2025-08-04 17:59:20,687 - feature_engineering - INFO -    ➕ Added default column 'draft_club' = UNK
2025-08-04 17:59:20,687 - feature_engineering - INFO -    ➕ Added default column 'height' = 72
2025-08-04 17:59:20,687 - feature_engineering - INFO -    ➕ Added default column 'weight' = 200
2025-08-04 17:59:20,687 - feature_engineering - INFO -    ➕ Added default column 'college' = Unknown
2025-08-04 17:59:20,688 - feature_engineering - INFO -    ✅ Extracted first_name and last_name from player_name
2025-08-04 17:59:20,688 - feature_engineering - INFO -    🎯 Filtered to fantasy positions: 559 players
2025-08-04 17:59:20,689 - feature_engineering - INFO -    📊 Position breakdown: {'WR': 212, 'RB': 149, 'TE': 115, 'QB': 83}
2025-08-04 17:59:20,689 - feature_engineering - INFO - ✅ COMPREHENSIVE ENHANCEMENT COMPLETE
2025-08-04 17:59:20,689 - feature_engineering - INFO -    Final data shape: (559, 88)
2025-08-04 17:59:20,689 - feature_engineering - INFO -    Available teams: ['ARI', 'ATL', 'BAL', 'BUF', 'CAR', 'CHI', 'CIN', 'CLE', 'DAL', 'DEN', 'DET', 'GB', 'HOU', 'IND', 'JAX', 'KC', 'LA', 'LAC', 'LV', 'MIA', 'MIN', 'NE', 'NO', 'NYG', 'NYJ', 'PHI', 'PIT', 'SEA', 'SF', 'TB', 'TEN', 'WAS']
2025-08-04 17:59:20,689 - feature_engineering - INFO -    Available positions: ['QB', 'RB', 'TE', 'WR']
2025-08-04 17:59:20,689 - feature_engineering - INFO - ✅ Data validation passed - required columns present: ['position', 'games', 'player_id']
2025-08-04 17:59:20,689 - feature_engineering - INFO -    Data shape: (559, 88)
2025-08-04 17:59:20,689 - feature_engineering - INFO -    Available positions: ['QB', 'RB', 'TE', 'WR']
2025-08-04 17:59:20,689 - feature_engineering - INFO - Calculating per-game statistics
2025-08-04 17:59:20,695 - feature_engineering - INFO - Calculating efficiency metrics
2025-08-04 17:59:20,700 - feature_engineering - INFO - Calculating team-level aggregates
2025-08-04 17:59:20,701 - feature_engineering - INFO - Calculating usage metrics
2025-08-04 17:59:20,705 - feature_engineering - INFO - Creating lagged features from previous season
2025-08-04 17:59:20,708 - feature_engineering - INFO - Handling rookies for prediction
2025-08-04 17:59:20,717 - feature_engineering - INFO - Identified 0 rookies for 2024 season
2025-08-04 17:59:20,721 - feature_engineering - INFO - Handling players with minimal data (less than 4 games)
2025-08-04 17:59:20,722 - feature_engineering - INFO - Applied baseline FPPG of 1.0 to 32 QB players with minimal data
2025-08-04 17:59:20,722 - feature_engineering - INFO - Applied baseline FPPG of 1.0 to 46 RB players with minimal data
2025-08-04 17:59:20,722 - feature_engineering - INFO - Applied baseline FPPG of 1.0 to 74 WR players with minimal data
2025-08-04 17:59:20,722 - feature_engineering - INFO - Applied baseline FPPG of 1.0 to 35 TE players with minimal data
2025-08-04 17:59:20,722 - feature_engineering - INFO - Applied baseline FPPG of 1.0 to 0 K players with minimal data
2025-08-04 17:59:20,722 - feature_engineering - INFO - 🎯 STEP 9: Adding Opportunity Metrics
2025-08-04 17:59:20,722 - feature_engineering - INFO -    Adding opportunity metrics for 149 RB players
2025-08-04 17:59:20,723 - src.features.opportunity_metrics - INFO - Enhancing existing opportunity metrics
2025-08-04 17:59:20,723 - src.features.opportunity_metrics - INFO - Found existing opportunity metrics: ['receiving_air_yards', 'target_share', 'air_yards_share', 'wopr_x', 'wopr_y']
2025-08-04 17:59:20,723 - src.features.opportunity_metrics - INFO - Air yards related columns: ['passing_air_yards', 'receiving_air_yards', 'air_yards_share', 'air_yards_per_target', 'total_air_yards']
2025-08-04 17:59:20,723 - src.features.opportunity_metrics - INFO - Calculated aDOT from existing air yards data
2025-08-04 17:59:20,723 - src.features.opportunity_metrics - INFO - Calculated enhanced WOPR from existing metrics
2025-08-04 17:59:20,723 - src.features.opportunity_metrics - INFO - Calculating red zone opportunities
2025-08-04 17:59:20,723 - src.features.opportunity_metrics - INFO - Loading play-by-play data for 2023
2025-08-04 17:59:22,714 - src.data_storage - INFO - Created player_name column from 'name' for 49665 players
2025-08-04 17:59:22,851 - src.features.opportunity_metrics - INFO - Loaded 18373 passing plays with column mapping
2025-08-04 17:59:22,851 - src.features.opportunity_metrics - INFO - Using columns - play_type: play_type, air_yards: air_yards, receiver: receiver_player_name
2025-08-04 17:59:22,886 - src.features.opportunity_metrics - INFO - Calculated red zone opportunities for 149 players
2025-08-04 17:59:22,889 - src.features.opportunity_metrics - INFO - Enhanced opportunity metrics for 149 players
2025-08-04 17:59:22,906 - feature_engineering - INFO -    ✅ Added 4 opportunity metrics for RB: ['target_share', 'air_yards_share', 'adot', 'red_zone_opportunities']
2025-08-04 17:59:22,906 - feature_engineering - INFO -    Adding opportunity metrics for 212 WR players
2025-08-04 17:59:22,906 - src.features.opportunity_metrics - INFO - Enhancing existing opportunity metrics
2025-08-04 17:59:22,906 - src.features.opportunity_metrics - INFO - Found existing opportunity metrics: ['receiving_air_yards', 'target_share', 'air_yards_share', 'wopr_x', 'wopr_y']
2025-08-04 17:59:22,906 - src.features.opportunity_metrics - INFO - Air yards related columns: ['passing_air_yards', 'receiving_air_yards', 'air_yards_share', 'air_yards_per_target', 'total_air_yards']
2025-08-04 17:59:22,906 - src.features.opportunity_metrics - INFO - Enhanced opportunity metrics for 212 players
2025-08-04 17:59:22,913 - feature_engineering - INFO -    ✅ Added 4 opportunity metrics for WR: ['target_share', 'air_yards_share', 'adot', 'red_zone_opportunities']
2025-08-04 17:59:22,913 - feature_engineering - INFO -    Adding opportunity metrics for 115 TE players
2025-08-04 17:59:22,913 - src.features.opportunity_metrics - INFO - Enhancing existing opportunity metrics
2025-08-04 17:59:22,913 - src.features.opportunity_metrics - INFO - Found existing opportunity metrics: ['receiving_air_yards', 'target_share', 'air_yards_share', 'wopr_x', 'wopr_y']
2025-08-04 17:59:22,913 - src.features.opportunity_metrics - INFO - Air yards related columns: ['passing_air_yards', 'receiving_air_yards', 'air_yards_share', 'air_yards_per_target', 'total_air_yards']
2025-08-04 17:59:22,913 - src.features.opportunity_metrics - INFO - Enhanced opportunity metrics for 115 players
2025-08-04 17:59:22,919 - feature_engineering - INFO -    ✅ Added 4 opportunity metrics for TE: ['target_share', 'air_yards_share', 'adot', 'red_zone_opportunities']
2025-08-04 17:59:22,919 - feature_engineering - INFO - ✅ Opportunity metrics integration complete
2025-08-04 17:59:22,920 - feature_engineering - INFO - 📊 STEP 10: Adding Usage Analytics
2025-08-04 17:59:22,920 - feature_engineering - INFO -    Adding usage analytics for 34 RB players
2025-08-04 17:59:22,920 - src.features.usage_analytics - INFO - Calculating all usage analytics
2025-08-04 17:59:22,920 - src.features.usage_analytics - INFO - Calculating snap count metrics
2025-08-04 17:59:22,920 - src.features.usage_analytics - INFO - Loading snap count data for 2024
2025-08-04 17:59:23,073 - src.data_storage - INFO - Created player_name column from 'player' for 26600 players
2025-08-04 17:59:23,073 - src.features.usage_analytics - INFO - Loaded snap counts for 26600 player-week records
2025-08-04 17:59:23,073 - src.features.usage_analytics - INFO - Available snap data columns: ['game_id', 'pfr_game_id', 'season', 'game_type', 'week', 'player', 'pfr_player_id', 'position', 'team', 'opponent', 'offense_snaps', 'offense_pct', 'defense_snaps', 'defense_pct', 'st_snaps', 'st_pct', 'player_name']
2025-08-04 17:59:23,073 - src.features.usage_analytics - INFO - Snap data column mapping - snaps: offense_snaps, pct: offense_pct, player: player_name, team: team
2025-08-04 17:59:23,078 - src.features.usage_analytics - INFO - Calculating snaps per game using games column: games
2025-08-04 17:59:23,083 - src.features.usage_analytics - INFO - Successfully merged snap data using columns: ['player_name', 'team', 'total_snaps', 'avg_snap_share', 'snaps_per_game']
2025-08-04 17:59:23,083 - src.features.usage_analytics - INFO - Added snap metrics for 34 players
2025-08-04 17:59:23,083 - src.features.usage_analytics - INFO - Calculating usage efficiency metrics
2025-08-04 17:59:23,085 - src.features.usage_analytics - INFO - Calculated usage efficiency metrics for 34 players
2025-08-04 17:59:23,085 - src.features.usage_analytics - INFO - Calculating advanced route participation metrics
2025-08-04 17:59:24,727 - src.data_storage - INFO - Created player_name column from 'name' for 49492 players
2025-08-04 17:59:24,893 - src.features.usage_analytics - INFO - Calculated advanced route participation for 34 players
2025-08-04 17:59:24,912 - src.features.usage_analytics - INFO - Calculating situational usage metrics
2025-08-04 17:59:24,976 - src.features.usage_analytics - INFO - Calculated situational usage for 34 players
2025-08-04 17:59:24,980 - src.features.usage_analytics - INFO - Completed all usage analytics for 34 players
2025-08-04 17:59:25,029 - feature_engineering - INFO -    ✅ Added 3 usage metrics for RB: ['targets_per_snap', 'route_participation', 'high_value_touches']
2025-08-04 17:59:25,029 - feature_engineering - INFO -    Adding usage analytics for 212 WR players
2025-08-04 17:59:25,031 - src.features.usage_analytics - INFO - Calculating all usage analytics
2025-08-04 17:59:25,031 - src.features.usage_analytics - INFO - Calculating snap count metrics
2025-08-04 17:59:25,031 - src.features.usage_analytics - INFO - Available snap data columns: ['game_id', 'pfr_game_id', 'season', 'game_type', 'week', 'player', 'pfr_player_id', 'position', 'team', 'opponent', 'offense_snaps', 'offense_pct', 'defense_snaps', 'defense_pct', 'st_snaps', 'st_pct', 'player_name']
2025-08-04 17:59:25,031 - src.features.usage_analytics - INFO - Snap data column mapping - snaps: offense_snaps, pct: offense_pct, player: player_name, team: team
2025-08-04 17:59:25,035 - src.features.usage_analytics - INFO - Calculating snaps per game using games column: games
2025-08-04 17:59:25,038 - src.features.usage_analytics - INFO - Successfully merged snap data using columns: ['player_name', 'team', 'total_snaps', 'avg_snap_share', 'snaps_per_game']
2025-08-04 17:59:25,038 - src.features.usage_analytics - ERROR - Error calculating snap metrics: 'total_snaps'
2025-08-04 17:59:25,038 - src.features.usage_analytics - INFO - Calculating usage efficiency metrics
2025-08-04 17:59:25,039 - src.features.usage_analytics - INFO - Calculated usage efficiency metrics for 212 players
2025-08-04 17:59:25,039 - src.features.usage_analytics - INFO - Calculating advanced route participation metrics
2025-08-04 17:59:25,074 - src.features.usage_analytics - INFO - Calculated advanced route participation for 212 players
2025-08-04 17:59:25,074 - src.features.usage_analytics - INFO - Calculating situational usage metrics
2025-08-04 17:59:25,114 - src.features.usage_analytics - ERROR - Error calculating situational usage: 'red_zone_usage'
2025-08-04 17:59:25,119 - src.features.usage_analytics - INFO - Completed all usage analytics for 212 players
2025-08-04 17:59:25,135 - feature_engineering - INFO -    ✅ Added 3 usage metrics for WR: ['targets_per_snap', 'route_participation', 'high_value_touches']
2025-08-04 17:59:25,135 - feature_engineering - INFO -    Adding usage analytics for 115 TE players
2025-08-04 17:59:25,135 - src.features.usage_analytics - INFO - Calculating all usage analytics
2025-08-04 17:59:25,136 - src.features.usage_analytics - INFO - Calculating snap count metrics
2025-08-04 17:59:25,136 - src.features.usage_analytics - INFO - Available snap data columns: ['game_id', 'pfr_game_id', 'season', 'game_type', 'week', 'player', 'pfr_player_id', 'position', 'team', 'opponent', 'offense_snaps', 'offense_pct', 'defense_snaps', 'defense_pct', 'st_snaps', 'st_pct', 'player_name']
2025-08-04 17:59:25,136 - src.features.usage_analytics - INFO - Snap data column mapping - snaps: offense_snaps, pct: offense_pct, player: player_name, team: team
2025-08-04 17:59:25,140 - src.features.usage_analytics - INFO - Calculating snaps per game using games column: games
2025-08-04 17:59:25,143 - src.features.usage_analytics - INFO - Successfully merged snap data using columns: ['player_name', 'team', 'total_snaps', 'avg_snap_share', 'snaps_per_game']
2025-08-04 17:59:25,143 - src.features.usage_analytics - ERROR - Error calculating snap metrics: 'total_snaps'
2025-08-04 17:59:25,143 - src.features.usage_analytics - INFO - Calculating usage efficiency metrics
2025-08-04 17:59:25,144 - src.features.usage_analytics - INFO - Calculated usage efficiency metrics for 115 players
2025-08-04 17:59:25,144 - src.features.usage_analytics - INFO - Calculating advanced route participation metrics
2025-08-04 17:59:25,178 - src.features.usage_analytics - INFO - Calculated advanced route participation for 115 players
2025-08-04 17:59:25,178 - src.features.usage_analytics - INFO - Calculating situational usage metrics
2025-08-04 17:59:25,218 - src.features.usage_analytics - ERROR - Error calculating situational usage: 'red_zone_usage'
2025-08-04 17:59:25,223 - src.features.usage_analytics - INFO - Completed all usage analytics for 115 players
2025-08-04 17:59:25,238 - feature_engineering - INFO -    ✅ Added 3 usage metrics for TE: ['targets_per_snap', 'route_participation', 'high_value_touches']
2025-08-04 17:59:25,239 - feature_engineering - INFO - ✅ Usage analytics integration complete
2025-08-04 17:59:25,239 - feature_engineering - INFO - 🔧 PHASE 2: Enhanced Position-Specific Features
2025-08-04 17:59:25,239 - feature_engineering - INFO - Applying enhanced QB feature engineering to 83 players
2025-08-04 17:59:25,239 - ColumnMapper - INFO - Column mapping: 9 found, 1 missing
2025-08-04 17:59:25,239 - QBFeatureEngineer_QB - INFO - Engineering features for 83 QB records
2025-08-04 17:59:25,239 - ColumnMapper - INFO - Column mapping: 9 found, 1 missing
2025-08-04 17:59:25,240 - ColumnMapper - INFO - Column mapping: 16 found, 2 missing
2025-08-04 17:59:25,240 - ColumnMapper - INFO - Column mapping: 10 found, 0 missing
2025-08-04 17:59:25,240 - ColumnMapper - INFO - Column mapping: 5 found, 1 missing
2025-08-04 17:59:25,241 - ColumnMapper - INFO - Column mapping: 5 found, 1 missing
2025-08-04 17:59:25,241 - QBFeatureEngineer_QB - INFO - QB feature engineering completed successfully
2025-08-04 17:59:25,242 - feature_engineering - INFO - Successfully enhanced QB features: 181 total columns
2025-08-04 17:59:25,242 - feature_engineering - INFO - Applying enhanced RB feature engineering to 6 players
2025-08-04 17:59:25,242 - src.data.feature_engineering.position.rb_features - INFO - 🏈 RB FEATURE ENGINEERING START
2025-08-04 17:59:25,242 - src.data.feature_engineering.position.rb_features - INFO - ============================================================
2025-08-04 17:59:25,242 - src.data.feature_engineering.position.rb_features - INFO - Processing 6 RB players
2025-08-04 17:59:25,242 - src.data.feature_engineering.position.rb_features - INFO - Input columns: 172
2025-08-04 17:59:25,242 - src.data.feature_engineering.position.rb_features - INFO - Available RB-relevant columns (67): ['passing_yards', 'sack_yards', 'passing_air_yards', 'passing_yards_after_catch', 'rushing_yards', 'rushing_tds', 'rushing_fumbles_x', 'rushing_fumbles_lost', 'rushing_first_downs', 'rushing_epa']...
2025-08-04 17:59:25,242 - src.data.feature_engineering.position.rb_features - INFO - 1️⃣ Calculating basic efficiency metrics...
2025-08-04 17:59:25,242 - src.data.feature_engineering.position.rb_features - INFO -    📊 Calculating RB efficiency metrics...
2025-08-04 17:59:25,242 - src.data.feature_engineering.position.rb_features - INFO -       Using 'rushing_yards' for rushing_yards
2025-08-04 17:59:25,242 - src.data.feature_engineering.position.rb_features - INFO -       Using 'carries' for carries
2025-08-04 17:59:25,242 - src.data.feature_engineering.position.rb_features - INFO -       Using 'receiving_yards' for receiving_yards
2025-08-04 17:59:25,242 - src.data.feature_engineering.position.rb_features - INFO -       Using 'receptions' for receptions
2025-08-04 17:59:25,242 - src.data.feature_engineering.position.rb_features - INFO -       Using 'rushing_tds' for rushing_tds
2025-08-04 17:59:25,243 - src.data.feature_engineering.position.rb_features - INFO -       ✅ Calculated catch_rate using targets
2025-08-04 17:59:25,243 - src.data.feature_engineering.position.rb_features - INFO -    ✅ RB efficiency metrics calculated successfully
2025-08-04 17:59:25,243 - src.data.feature_engineering.position.rb_features - INFO -    ✅ Efficiency metrics complete: 6 players retained
2025-08-04 17:59:25,243 - src.data.feature_engineering.position.rb_features - INFO - 2️⃣ Calculating per-game averages...
2025-08-04 17:59:25,244 - src.data.feature_engineering.position.rb_features - INFO -    ✅ Per-game metrics complete: 6 players retained
2025-08-04 17:59:25,244 - src.data.feature_engineering.position.rb_features - INFO - 3️⃣ Calculating usage metrics...
2025-08-04 17:59:25,244 - src.data.feature_engineering.position.rb_features - INFO -    ✅ Usage metrics complete: 6 players retained
2025-08-04 17:59:25,244 - src.data.feature_engineering.position.rb_features - INFO - 4️⃣ Adding opportunity metrics...
2025-08-04 17:59:25,244 - src.data.feature_engineering.position.rb_features - INFO - Adding opportunity metrics for RBs
2025-08-04 17:59:25,244 - src.features.opportunity_metrics - INFO - Enhancing existing opportunity metrics
2025-08-04 17:59:25,245 - src.features.opportunity_metrics - INFO - Found existing opportunity metrics: ['receiving_air_yards', 'target_share', 'air_yards_share', 'wopr_x', 'wopr_y']
2025-08-04 17:59:25,245 - src.features.opportunity_metrics - INFO - Air yards related columns: ['passing_air_yards', 'receiving_air_yards', 'air_yards_share', 'air_yards_per_target', 'total_air_yards']
2025-08-04 17:59:25,245 - src.features.opportunity_metrics - INFO - Enhanced opportunity metrics for 6 players
2025-08-04 17:59:25,246 - src.data.feature_engineering.position.rb_features - INFO - Successfully added opportunity metrics to 6 RB players
2025-08-04 17:59:25,246 - src.data.feature_engineering.position.rb_features - INFO -    ✅ Opportunity metrics complete: 6 players retained
2025-08-04 17:59:25,246 - src.data.feature_engineering.position.rb_features - INFO - 5️⃣ Adding usage analytics...
2025-08-04 17:59:25,246 - src.data.feature_engineering.position.rb_features - INFO - Adding usage analytics for RBs
2025-08-04 17:59:25,246 - src.features.usage_analytics - INFO - Calculating all usage analytics
2025-08-04 17:59:25,246 - src.features.usage_analytics - INFO - Calculating snap count metrics
2025-08-04 17:59:25,246 - src.features.usage_analytics - INFO - Loading snap count data for 2024
2025-08-04 17:59:25,376 - src.data_storage - INFO - Created player_name column from 'player' for 26600 players
2025-08-04 17:59:25,376 - src.features.usage_analytics - INFO - Loaded snap counts for 26600 player-week records
2025-08-04 17:59:25,376 - src.features.usage_analytics - INFO - Available snap data columns: ['game_id', 'pfr_game_id', 'season', 'game_type', 'week', 'player', 'pfr_player_id', 'position', 'team', 'opponent', 'offense_snaps', 'offense_pct', 'defense_snaps', 'defense_pct', 'st_snaps', 'st_pct', 'player_name']
2025-08-04 17:59:25,376 - src.features.usage_analytics - INFO - Snap data column mapping - snaps: offense_snaps, pct: offense_pct, player: player_name, team: team
2025-08-04 17:59:25,382 - src.features.usage_analytics - INFO - Calculating snaps per game using games column: games
2025-08-04 17:59:25,385 - src.features.usage_analytics - INFO - Successfully merged snap data using columns: ['player_name', 'team', 'total_snaps', 'avg_snap_share', 'snaps_per_game']
2025-08-04 17:59:25,385 - src.features.usage_analytics - ERROR - Error calculating snap metrics: 'total_snaps'
2025-08-04 17:59:25,385 - src.features.usage_analytics - INFO - Calculating usage efficiency metrics
2025-08-04 17:59:25,386 - src.features.usage_analytics - INFO - Calculated usage efficiency metrics for 6 players
2025-08-04 17:59:25,386 - src.features.usage_analytics - INFO - Calculating advanced route participation metrics
2025-08-04 17:59:26,769 - src.data_storage - INFO - Created player_name column from 'name' for 49492 players
2025-08-04 17:59:26,936 - src.features.usage_analytics - INFO - Calculated advanced route participation for 6 players
2025-08-04 17:59:26,954 - src.features.usage_analytics - INFO - Calculating situational usage metrics
2025-08-04 17:59:26,996 - src.features.usage_analytics - ERROR - Error calculating situational usage: 'red_zone_usage'
2025-08-04 17:59:27,002 - src.features.usage_analytics - INFO - Completed all usage analytics for 6 players
2025-08-04 17:59:27,002 - src.data.feature_engineering.position.rb_features - INFO - Successfully added usage analytics to 6 RB players
2025-08-04 17:59:27,010 - src.data.feature_engineering.position.rb_features - INFO -    ✅ Usage analytics complete: 6 players retained
2025-08-04 17:59:27,010 - src.data.feature_engineering.position.rb_features - INFO - 6️⃣ Calculating advanced RB metrics...
2025-08-04 17:59:27,013 - src.data.feature_engineering.position.rb_features - INFO -    ✅ Advanced metrics complete: 6 players retained
2025-08-04 17:59:27,013 - src.data.feature_engineering.position.rb_features - INFO - ✅ No RB players lost during feature engineering
2025-08-04 17:59:27,013 - src.data.feature_engineering.position.rb_features - INFO - 🏈 RB FEATURE ENGINEERING COMPLETE
2025-08-04 17:59:27,013 - src.data.feature_engineering.position.rb_features - INFO -    Final players: 6
2025-08-04 17:59:27,013 - src.data.feature_engineering.position.rb_features - INFO -    Final features: 201
2025-08-04 17:59:27,013 - src.data.feature_engineering.position.rb_features - INFO - ============================================================
2025-08-04 17:59:27,013 - feature_engineering - INFO - Successfully enhanced RB features: 201 total columns
2025-08-04 17:59:27,014 - feature_engineering - INFO - Applying enhanced WR feature engineering to 76 players
2025-08-04 17:59:27,014 - src.data.feature_engineering.position.wr_features - INFO - Engineering features for 76 WR players
2025-08-04 17:59:27,015 - src.data.feature_engineering.position.wr_features - INFO - Adding opportunity metrics for WRs
2025-08-04 17:59:27,015 - src.features.opportunity_metrics - INFO - Enhancing existing opportunity metrics
2025-08-04 17:59:27,015 - src.features.opportunity_metrics - INFO - Found existing opportunity metrics: ['receiving_air_yards', 'target_share', 'air_yards_share', 'wopr_x', 'wopr_y']
2025-08-04 17:59:27,015 - src.features.opportunity_metrics - INFO - Air yards related columns: ['passing_air_yards', 'receiving_air_yards', 'air_yards_share', 'air_yards_per_target', 'total_air_yards']
2025-08-04 17:59:27,016 - src.features.opportunity_metrics - INFO - Enhanced opportunity metrics for 76 players
2025-08-04 17:59:27,017 - src.data.feature_engineering.position.wr_features - INFO - Adding usage analytics for WRs
2025-08-04 17:59:27,017 - src.features.usage_analytics - INFO - Calculating all usage analytics
2025-08-04 17:59:27,017 - src.features.usage_analytics - INFO - Calculating snap count metrics
2025-08-04 17:59:27,017 - src.features.usage_analytics - INFO - Loading snap count data for 2024
2025-08-04 17:59:27,157 - src.data_storage - INFO - Created player_name column from 'player' for 26600 players
2025-08-04 17:59:27,158 - src.features.usage_analytics - INFO - Loaded snap counts for 26600 player-week records
2025-08-04 17:59:27,158 - src.features.usage_analytics - INFO - Available snap data columns: ['game_id', 'pfr_game_id', 'season', 'game_type', 'week', 'player', 'pfr_player_id', 'position', 'team', 'opponent', 'offense_snaps', 'offense_pct', 'defense_snaps', 'defense_pct', 'st_snaps', 'st_pct', 'player_name']
2025-08-04 17:59:27,158 - src.features.usage_analytics - INFO - Snap data column mapping - snaps: offense_snaps, pct: offense_pct, player: player_name, team: team
2025-08-04 17:59:27,163 - src.features.usage_analytics - INFO - Calculating snaps per game using games column: games
2025-08-04 17:59:27,167 - src.features.usage_analytics - INFO - Successfully merged snap data using columns: ['player_name', 'team', 'total_snaps', 'avg_snap_share', 'snaps_per_game']
2025-08-04 17:59:27,167 - src.features.usage_analytics - ERROR - Error calculating snap metrics: 'total_snaps'
2025-08-04 17:59:27,167 - src.features.usage_analytics - INFO - Calculating usage efficiency metrics
2025-08-04 17:59:27,168 - src.features.usage_analytics - INFO - Calculated usage efficiency metrics for 76 players
2025-08-04 17:59:27,168 - src.features.usage_analytics - INFO - Calculating advanced route participation metrics
2025-08-04 17:59:28,570 - src.data_storage - INFO - Created player_name column from 'name' for 49492 players
2025-08-04 17:59:28,735 - src.features.usage_analytics - INFO - Calculated advanced route participation for 76 players
2025-08-04 17:59:28,754 - src.features.usage_analytics - INFO - Calculating situational usage metrics
2025-08-04 17:59:28,795 - src.features.usage_analytics - ERROR - Error calculating situational usage: 'red_zone_usage'
2025-08-04 17:59:28,799 - src.features.usage_analytics - INFO - Completed all usage analytics for 76 players
2025-08-04 17:59:28,810 - src.data.feature_engineering.position.wr_features - INFO - Completed WR feature engineering with 189 total features
2025-08-04 17:59:28,811 - feature_engineering - INFO - Successfully enhanced WR features: 189 total columns
2025-08-04 17:59:28,811 - feature_engineering - INFO - Applying enhanced TE feature engineering to 19 players
2025-08-04 17:59:28,811 - src.data.feature_engineering.position.te_features - INFO - Engineering features for 19 TE players
2025-08-04 17:59:28,812 - src.data.feature_engineering.position.te_features - INFO - Adding opportunity metrics for TEs
2025-08-04 17:59:28,812 - src.features.opportunity_metrics - INFO - Enhancing existing opportunity metrics
2025-08-04 17:59:28,812 - src.features.opportunity_metrics - INFO - Found existing opportunity metrics: ['receiving_air_yards', 'target_share', 'air_yards_share', 'wopr_x', 'wopr_y']
2025-08-04 17:59:28,812 - src.features.opportunity_metrics - INFO - Air yards related columns: ['passing_air_yards', 'receiving_air_yards', 'air_yards_share', 'air_yards_per_target', 'total_air_yards']
2025-08-04 17:59:28,812 - src.features.opportunity_metrics - INFO - Enhanced opportunity metrics for 19 players
2025-08-04 17:59:28,814 - src.data.feature_engineering.position.te_features - INFO - Adding usage analytics for TEs
2025-08-04 17:59:28,814 - src.features.usage_analytics - INFO - Calculating all usage analytics
2025-08-04 17:59:28,814 - src.features.usage_analytics - INFO - Calculating snap count metrics
2025-08-04 17:59:28,814 - src.features.usage_analytics - INFO - Loading snap count data for 2024
2025-08-04 17:59:28,944 - src.data_storage - INFO - Created player_name column from 'player' for 26600 players
2025-08-04 17:59:28,944 - src.features.usage_analytics - INFO - Loaded snap counts for 26600 player-week records
2025-08-04 17:59:28,945 - src.features.usage_analytics - INFO - Available snap data columns: ['game_id', 'pfr_game_id', 'season', 'game_type', 'week', 'player', 'pfr_player_id', 'position', 'team', 'opponent', 'offense_snaps', 'offense_pct', 'defense_snaps', 'defense_pct', 'st_snaps', 'st_pct', 'player_name']
2025-08-04 17:59:28,945 - src.features.usage_analytics - INFO - Snap data column mapping - snaps: offense_snaps, pct: offense_pct, player: player_name, team: team
2025-08-04 17:59:28,951 - src.features.usage_analytics - INFO - Calculating snaps per game using games column: games
2025-08-04 17:59:28,954 - src.features.usage_analytics - INFO - Successfully merged snap data using columns: ['player_name', 'team', 'total_snaps', 'avg_snap_share', 'snaps_per_game']
2025-08-04 17:59:28,954 - src.features.usage_analytics - ERROR - Error calculating snap metrics: 'total_snaps'
2025-08-04 17:59:28,954 - src.features.usage_analytics - INFO - Calculating usage efficiency metrics
2025-08-04 17:59:28,955 - src.features.usage_analytics - INFO - Calculated usage efficiency metrics for 19 players
2025-08-04 17:59:28,955 - src.features.usage_analytics - INFO - Calculating advanced route participation metrics
2025-08-04 17:59:30,346 - src.data_storage - INFO - Created player_name column from 'name' for 49492 players
2025-08-04 17:59:30,510 - src.features.usage_analytics - INFO - Calculated advanced route participation for 19 players
2025-08-04 17:59:30,528 - src.features.usage_analytics - INFO - Calculating situational usage metrics
2025-08-04 17:59:30,569 - src.features.usage_analytics - ERROR - Error calculating situational usage: 'red_zone_usage'
2025-08-04 17:59:30,575 - src.features.usage_analytics - INFO - Completed all usage analytics for 19 players
2025-08-04 17:59:30,586 - src.data.feature_engineering.position.te_features - INFO - Completed TE feature engineering with 192 total features
2025-08-04 17:59:30,586 - feature_engineering - INFO - Successfully enhanced TE features: 192 total columns
2025-08-04 17:59:30,586 - feature_engineering - INFO - 🔄 POSITION-AWARE FEATURE COMBINATION START
2025-08-04 17:59:30,586 - feature_engineering - INFO - ======================================================================
2025-08-04 17:59:30,586 - feature_engineering - INFO - Combining 4 position DataFrames with 184 total players
2025-08-04 17:59:30,586 - feature_engineering - INFO -   DataFrame 1: 83 players, 181 features, positions: ['QB']
2025-08-04 17:59:30,586 - feature_engineering - INFO -   DataFrame 2: 6 players, 201 features, positions: ['RB']
2025-08-04 17:59:30,586 - feature_engineering - INFO -   DataFrame 3: 76 players, 189 features, positions: ['WR']
2025-08-04 17:59:30,586 - feature_engineering - INFO -   DataFrame 4: 19 players, 192 features, positions: ['TE']
2025-08-04 17:59:30,587 - feature_engineering - INFO - 📊 Total unique columns across all positions: 233
2025-08-04 17:59:30,587 - feature_engineering - INFO - 📋 Position-specific feature categories:
2025-08-04 17:59:30,587 - feature_engineering - INFO -    QB_specific: 27 features
2025-08-04 17:59:30,587 - feature_engineering - INFO -       ['avg_completion_probability', 'completion_percentage', 'interception_percentage']... (+24 more)
2025-08-04 17:59:30,587 - feature_engineering - INFO -    RB_specific: 5 features
2025-08-04 17:59:30,587 - feature_engineering - INFO -       ['early_down_rate', 'pass_catching_back', 'rb_age_factor', 'rb_role', 'workhorse_indicator']
2025-08-04 17:59:30,587 - feature_engineering - INFO -    WR_specific: 3 features
2025-08-04 17:59:30,587 - feature_engineering - INFO -       ['contested_catch_rate', 'deep_target_indicator', 'deep_target_rate']
2025-08-04 17:59:30,587 - feature_engineering - INFO -    TE_specific: 12 features
2025-08-04 17:59:30,587 - feature_engineering - INFO -       ['blocking_snap_estimate', 'inline_usage_estimate', 'intermediate_target_rate']... (+9 more)
2025-08-04 17:59:30,587 - feature_engineering - INFO -    skill_position_common: 63 features
2025-08-04 17:59:30,587 - feature_engineering - INFO -       ['adot', 'air_yards_dominance', 'air_yards_efficiency']... (+60 more)
2025-08-04 17:59:30,587 - feature_engineering - INFO -    universal: 123 features
2025-08-04 17:59:30,587 - feature_engineering - INFO -       ['age', 'attempts', 'attempts_L1']... (+120 more)
2025-08-04 17:59:30,587 - feature_engineering - INFO - 🔧 Normalizing DataFrame 1...
2025-08-04 17:59:30,587 - feature_engineering - INFO -    Processing positions: ['QB']
2025-08-04 17:59:30,588 - feature_engineering - INFO -    Adding 52 missing columns...
2025-08-04 17:59:30,591 - feature_engineering - INFO -    ✅ Normalized to 233 columns
2025-08-04 17:59:30,591 - feature_engineering - INFO - 🔧 Normalizing DataFrame 2...
2025-08-04 17:59:30,592 - feature_engineering - INFO -    Processing positions: ['RB']
2025-08-04 17:59:30,592 - feature_engineering - INFO -    Adding 32 missing columns...
2025-08-04 17:59:30,593 - feature_engineering - INFO -    ✅ Normalized to 233 columns
2025-08-04 17:59:30,594 - feature_engineering - INFO - 🔧 Normalizing DataFrame 3...
2025-08-04 17:59:30,594 - feature_engineering - INFO -    Processing positions: ['WR']
2025-08-04 17:59:30,594 - feature_engineering - INFO -    Adding 44 missing columns...
2025-08-04 17:59:30,596 - feature_engineering - INFO -    ✅ Normalized to 233 columns
2025-08-04 17:59:30,596 - feature_engineering - INFO - 🔧 Normalizing DataFrame 4...
2025-08-04 17:59:30,596 - feature_engineering - INFO -    Processing positions: ['TE']
2025-08-04 17:59:30,596 - feature_engineering - INFO -    Adding 41 missing columns...
2025-08-04 17:59:30,599 - feature_engineering - INFO -    ✅ Normalized to 233 columns
2025-08-04 17:59:30,599 - feature_engineering - INFO - 🔗 Concatenating normalized DataFrames...
2025-08-04 17:59:30,603 - feature_engineering - INFO - 🧹 Cleaning up null values in position-specific features...
2025-08-04 17:59:30,618 - feature_engineering - INFO -    Null values: 7951 → 0 (cleaned 7951)
2025-08-04 17:59:30,618 - feature_engineering - INFO - ✅ POSITION-AWARE COMBINATION COMPLETE
2025-08-04 17:59:30,618 - feature_engineering - INFO -    Final DataFrame: 184 players, 233 features
2025-08-04 17:59:30,619 - feature_engineering - INFO -    Final position breakdown: {'QB': 83, 'WR': 76, 'TE': 19, 'RB': 6}
2025-08-04 17:59:30,619 - feature_engineering - INFO -    ✅ QB: 83 players (no loss)
2025-08-04 17:59:30,619 - feature_engineering - INFO -    ✅ RB: 6 players (no loss)
2025-08-04 17:59:30,619 - feature_engineering - INFO -    ✅ WR: 76 players (no loss)
2025-08-04 17:59:30,619 - feature_engineering - INFO -    ✅ TE: 19 players (no loss)
2025-08-04 17:59:30,619 - feature_engineering - INFO - 🧹 CLEANING POSITION-SPECIFIC FEATURE CONTAMINATION
2025-08-04 17:59:30,629 - feature_engineering - INFO - ✅ Cleaned 424 total contaminated values across all positions
2025-08-04 17:59:30,629 - feature_engineering - INFO - 🔍 FEATURE CONTAMINATION CHECK
2025-08-04 17:59:30,630 - feature_engineering - INFO -    ✅ QB: No contamination detected
2025-08-04 17:59:30,631 - feature_engineering - INFO -    ✅ RB: No contamination detected
2025-08-04 17:59:30,633 - feature_engineering - INFO -    ✅ WR: No contamination detected
2025-08-04 17:59:30,634 - feature_engineering - INFO -    ✅ TE: No contamination detected
2025-08-04 17:59:30,634 - feature_engineering - INFO - 🎉 No feature contamination detected across any positions!
2025-08-04 17:59:30,634 - feature_engineering - INFO - ======================================================================
2025-08-04 17:59:30,634 - feature_engineering - INFO - ✅ Combined position-specific features: 184 players, 233 features
2025-08-04 17:59:30,637 - feature_engineering - INFO - Successfully merged target variable 'fantasy_points_ppr' for prediction season 2024.
2025-08-04 17:59:30,637 - feature_engineering - INFO - ================================================================================
2025-08-04 17:59:30,637 - feature_engineering - INFO - 🎯 COMPREHENSIVE FEATURE ENGINEERING SUMMARY
2025-08-04 17:59:30,637 - feature_engineering - INFO - ================================================================================
2025-08-04 17:59:30,638 - feature_engineering - INFO - 📊 Total Players: 184
2025-08-04 17:59:30,638 - feature_engineering - INFO - 📊 Total Features: 238
2025-08-04 17:59:30,638 - feature_engineering - INFO -    • Opportunity Metrics: 14
2025-08-04 17:59:30,638 - feature_engineering - INFO -    • Usage Analytics: 5
2025-08-04 17:59:30,638 - feature_engineering - INFO -    • Position-Specific: 2
2025-08-04 17:59:30,638 - feature_engineering - INFO -    • Matchup Intelligence: 0
2025-08-04 17:59:30,638 - feature_engineering - INFO - 🔍 Key Feature Validation:
2025-08-04 17:59:30,638 - feature_engineering - INFO -    • target_share: 14 non-zero (avg: 0.009)
2025-08-04 17:59:30,638 - feature_engineering - INFO -    • air_yards_share: 109 non-zero (avg: 0.911)
2025-08-04 17:59:30,638 - feature_engineering - INFO -    • red_zone_opportunities: 0 non-zero (avg: 0.000)
2025-08-04 17:59:30,638 - feature_engineering - INFO - 🏗️  Feature Enhancement Status:
2025-08-04 17:59:30,638 - feature_engineering - INFO -    ✅ Opportunity Metrics
2025-08-04 17:59:30,638 - feature_engineering - INFO -    ✅ Position-Specific Features
2025-08-04 17:59:30,638 - feature_engineering - INFO -    ❌ Matchup Intelligence
2025-08-04 17:59:30,638 - feature_engineering - INFO - 🔖 Feature Engineering Version: v2_integrated
2025-08-04 17:59:30,638 - feature_engineering - INFO - 
2025-08-04 17:59:30,638 - feature_engineering - INFO - 🔍 DETAILED COMPONENT STATUS REPORT
2025-08-04 17:59:30,638 - feature_engineering - INFO - --------------------------------------------------------------------------------
2025-08-04 17:59:30,638 - feature_engineering - INFO - 📊 Core Features:
2025-08-04 17:59:30,638 - feature_engineering - INFO -    ✅ Per-game statistics: SUCCESSFUL
2025-08-04 17:59:30,638 - feature_engineering - INFO -    ✅ Efficiency metrics: SUCCESSFUL
2025-08-04 17:59:30,639 - feature_engineering - INFO -    ✅ Team aggregates: SUCCESSFUL
2025-08-04 17:59:30,639 - feature_engineering - INFO -    ✅ Usage metrics: SUCCESSFUL
2025-08-04 17:59:30,639 - feature_engineering - INFO -    ✅ Lagged features: SUCCESSFUL
2025-08-04 17:59:30,639 - feature_engineering - INFO -    ✅ Age calculation: SUCCESSFUL
2025-08-04 17:59:30,639 - feature_engineering - INFO -    ✅ Rookie handling: SUCCESSFUL
2025-08-04 17:59:30,639 - feature_engineering - INFO - 🎯 Enhanced Features:
2025-08-04 17:59:30,639 - feature_engineering - INFO -    ✅ Opportunity Metrics: SUCCESSFUL (14 features)
2025-08-04 17:59:30,639 - feature_engineering - INFO -       • Target share, WOPR, air yards share calculations
2025-08-04 17:59:30,639 - feature_engineering - INFO -       • Applied to 3 skill positions
2025-08-04 17:59:30,639 - feature_engineering - INFO -    ✅ Usage Analytics: SUCCESSFUL (5 features)
2025-08-04 17:59:30,639 - feature_engineering - INFO -       • Snap share, route participation, high-value touches
2025-08-04 17:59:30,639 - feature_engineering - INFO -       • Applied to 3 skill positions
2025-08-04 17:59:30,639 - feature_engineering - INFO -    ✅ Position-Specific Features: SUCCESSFUL (2 features)
2025-08-04 17:59:30,639 - feature_engineering - INFO -       • Enhanced position-specific engineering completed
2025-08-04 17:59:30,639 - feature_engineering - INFO -       • Applied to QB, RB, WR, TE positions
2025-08-04 17:59:30,639 - feature_engineering - INFO -    ⚪ Matchup Intelligence: DISABLED (not requested)
2025-08-04 17:59:30,639 - feature_engineering - INFO - 
2025-08-04 17:59:30,639 - feature_engineering - INFO - 📋 Data Quality Report:
2025-08-04 17:59:30,639 - feature_engineering - INFO -    • Total players processed: 184
2025-08-04 17:59:30,641 - feature_engineering - INFO -    • Players with complete data: 140
2025-08-04 17:59:30,642 - feature_engineering - INFO -    • Missing data percentage: 0.1%
2025-08-04 17:59:30,642 - feature_engineering - INFO -    • Position breakdown: {'QB': 83, 'WR': 76, 'TE': 19, 'RB': 6}
2025-08-04 17:59:30,642 - feature_engineering - INFO - 
2025-08-04 17:59:30,642 - feature_engineering - INFO - 🏆 FEATURE ENGINEERING SUCCESS RATE: 75.0% (3/4 components)
2025-08-04 17:59:30,642 - feature_engineering - INFO - ✅ EXCELLENT! Most components executed successfully.
2025-08-04 17:59:30,642 - feature_engineering - INFO - ================================================================================
2025-08-04 18:21:41,126 - src.data_storage - INFO - Loading raw data for 2024 season from /Users/jihoonsong/Documents/projects/fantasy_draft_engine/data/raw/player_season_2024.parquet
2025-08-04 18:21:41,132 - current_data_pipeline - INFO - ✅ Loaded existing enhanced 2024 data: 569 records with advanced features
2025-08-04 18:21:41,132 - current_data_pipeline - INFO - 📊 PBP Features: 14 features - ['completions', 'passing_air_yards', 'passing_epa']...
2025-08-04 18:21:41,132 - current_data_pipeline - INFO - 📊 Snap Features: 4 features - ['total_offense_snaps', 'avg_offense_snap_pct', 'total_defense_snaps']...
2025-08-04 18:21:41,132 - current_data_pipeline - INFO - 📊 Basic Features: 5 features - ['carries', 'rushing_yards', 'receptions']...
2025-08-04 18:21:41,132 - current_data_pipeline - INFO - Fetching current roster assignments for 2024
2025-08-04 18:21:41,504 - current_data_pipeline - INFO - Successfully loaded 3215 current roster assignments
2025-08-04 18:21:41,505 - current_data_pipeline - INFO - ✅ Austin Ekeler: WAS RB
2025-08-04 18:21:41,505 - current_data_pipeline - INFO - ✅ Christian McCaffrey: SF RB
2025-08-04 18:21:41,506 - current_data_pipeline - INFO - ✅ Justin Jefferson: MIN WR
2025-08-04 18:21:41,507 - current_data_pipeline - INFO - Filtered rosters to 129 QB players
2025-08-04 18:21:41,507 - current_data_pipeline - INFO - Updating data with current team assignments
2025-08-04 18:21:41,510 - current_data_pipeline - INFO - ✅ Merge preserved all players: 569 → 569
2025-08-04 18:21:41,511 - current_data_pipeline - INFO - Cleaned up 4 suffix columns: ['position_old', 'player_name_old', 'player_name_current']...
2025-08-04 18:21:41,511 - current_data_pipeline - INFO - 🔍 Roster matching: 569/569 players have current roster data
2025-08-04 18:21:41,511 - current_data_pipeline - INFO - ✅ Team assignment update successful for 569 players
2025-08-04 18:21:41,511 - current_data_pipeline - INFO - Position filter: 78 QB players
2025-08-04 18:21:41,512 - current_data_pipeline - INFO - 🔧 Applying advanced feature engineering to 78 QB players
2025-08-04 18:21:41,512 - current_data_pipeline - INFO - 🧮 Adding calculated features to bridge ML feature gap
2025-08-04 18:21:41,512 - current_data_pipeline - INFO - 📊 Calculating per-game metrics using games
2025-08-04 18:21:41,516 - current_data_pipeline - INFO - ✅ Added 39 calculated features
2025-08-04 18:21:41,516 - current_data_pipeline - INFO - ✅ Applied calculated features (per-game metrics and efficiency ratios)
2025-08-04 18:21:41,516 - current_data_pipeline - INFO - 📈 Adding lagged features from 2023 season
2025-08-04 18:21:41,516 - current_data_pipeline - INFO - Loading 2023 season data for lagged features
2025-08-04 18:21:41,516 - src.data_storage - INFO - Loading raw data for 2023 season from /Users/jihoonsong/Documents/projects/fantasy_draft_engine/data/raw/player_season_2023.parquet
2025-08-04 18:21:41,522 - current_data_pipeline - INFO - Loaded 559 players from 2023 season
2025-08-04 18:21:41,523 - current_data_pipeline - INFO - Merging 18 lagged features with current data
2025-08-04 18:21:41,527 - current_data_pipeline - INFO - ✅ Added 26 lagged features (18 direct + 8 derived)
2025-08-04 18:21:41,527 - current_data_pipeline - INFO - 📊 Lagged data matched for 42/78 players
2025-08-04 18:21:41,527 - current_data_pipeline - INFO - ✅ Applied lagged features from previous season
2025-08-04 18:21:41,528 - src.features.opportunity_metrics - INFO - Enhancing existing opportunity metrics
2025-08-04 18:21:41,528 - src.features.opportunity_metrics - INFO - Found existing opportunity metrics: ['receiving_air_yards', 'target_share', 'air_yards_share', 'wopr_x', 'wopr_y']
2025-08-04 18:21:41,528 - src.features.opportunity_metrics - INFO - Air yards related columns: ['passing_air_yards', 'receiving_air_yards', 'air_yards_share', 'air_yards_per_target', 'total_air_yards']
2025-08-04 18:21:41,528 - src.features.opportunity_metrics - INFO - Calculated aDOT from existing air yards data
2025-08-04 18:21:41,528 - src.features.opportunity_metrics - INFO - Calculated enhanced WOPR from existing metrics
2025-08-04 18:21:41,528 - src.features.opportunity_metrics - INFO - Calculating red zone opportunities
2025-08-04 18:21:41,528 - src.features.opportunity_metrics - INFO - Loading play-by-play data for 2024
2025-08-04 18:21:43,242 - src.data_storage - INFO - Created player_name column from 'name' for 49492 players
2025-08-04 18:21:43,369 - src.features.opportunity_metrics - INFO - Loaded 17748 passing plays with column mapping
2025-08-04 18:21:43,369 - src.features.opportunity_metrics - INFO - Using columns - play_type: play_type, air_yards: air_yards, receiver: receiver_player_name
2025-08-04 18:21:43,401 - src.features.opportunity_metrics - INFO - Calculated red zone opportunities for 78 players
2025-08-04 18:21:43,404 - src.features.opportunity_metrics - INFO - Enhanced opportunity metrics for 78 players
2025-08-04 18:21:43,404 - current_data_pipeline - INFO - ✅ Applied opportunity metrics enhancement
2025-08-04 18:21:43,404 - src.features.usage_analytics - INFO - Calculating all usage analytics
2025-08-04 18:21:43,405 - src.features.usage_analytics - INFO - Calculating snap count metrics
2025-08-04 18:21:43,405 - src.features.usage_analytics - INFO - Loading snap count data for 2024
2025-08-04 18:21:43,621 - src.data_storage - INFO - Created player_name column from 'player' for 26600 players
2025-08-04 18:21:43,621 - src.features.usage_analytics - INFO - Loaded snap counts for 26600 player-week records
2025-08-04 18:21:43,621 - src.features.usage_analytics - INFO - Available snap data columns: ['game_id', 'pfr_game_id', 'season', 'game_type', 'week', 'player', 'pfr_player_id', 'position', 'team', 'opponent', 'offense_snaps', 'offense_pct', 'defense_snaps', 'defense_pct', 'st_snaps', 'st_pct', 'player_name']
2025-08-04 18:21:43,621 - src.features.usage_analytics - INFO - Snap data column mapping - snaps: offense_snaps, pct: offense_pct, player: player_name, team: team
2025-08-04 18:21:43,629 - src.features.usage_analytics - INFO - Calculating snaps per game using games column: games
2025-08-04 18:21:43,633 - src.features.usage_analytics - INFO - Successfully merged snap data using columns: ['player_name', 'team', 'total_snaps', 'avg_snap_share', 'snaps_per_game']
2025-08-04 18:21:43,634 - src.features.usage_analytics - INFO - Added snap metrics for 78 players
2025-08-04 18:21:43,634 - src.features.usage_analytics - INFO - Calculating usage efficiency metrics
2025-08-04 18:21:43,635 - src.features.usage_analytics - INFO - Calculated usage efficiency metrics for 78 players
2025-08-04 18:21:43,635 - src.features.usage_analytics - INFO - Calculating advanced route participation metrics
2025-08-04 18:21:45,071 - src.data_storage - INFO - Created player_name column from 'name' for 49492 players
2025-08-04 18:21:45,235 - src.features.usage_analytics - INFO - Calculated advanced route participation for 78 players
2025-08-04 18:21:45,253 - src.features.usage_analytics - INFO - Calculating situational usage metrics
2025-08-04 18:21:45,319 - src.features.usage_analytics - INFO - Calculated situational usage for 78 players
2025-08-04 18:21:45,324 - src.features.usage_analytics - INFO - Completed all usage analytics for 78 players
2025-08-04 18:21:45,324 - current_data_pipeline - INFO - ✅ Applied usage analytics enhancement
2025-08-04 18:21:45,324 - current_data_pipeline - INFO - 🎯 Applying position-specific feature engineering for QB
2025-08-04 18:21:45,325 - ColumnMapper - INFO - Column mapping: 9 found, 1 missing
2025-08-04 18:21:45,325 - QBFeatureEngineer_QB - INFO - Engineering features for 78 QB records
2025-08-04 18:21:45,325 - ColumnMapper - INFO - Column mapping: 9 found, 1 missing
2025-08-04 18:21:45,326 - ColumnMapper - INFO - Column mapping: 11 found, 7 missing
2025-08-04 18:21:45,326 - ColumnMapper - INFO - Column mapping: 10 found, 0 missing
2025-08-04 18:21:45,326 - ColumnMapper - INFO - Column mapping: 5 found, 1 missing
2025-08-04 18:21:45,327 - ColumnMapper - INFO - Column mapping: 5 found, 1 missing
2025-08-04 18:21:45,327 - QBFeatureEngineer_QB - INFO - QB feature engineering completed successfully
2025-08-04 18:21:45,328 - current_data_pipeline - INFO - ✅ Applied QB-specific feature engineering
2025-08-04 18:21:45,328 - current_data_pipeline - INFO - 🔢 Final feature count: 177 features for ML prediction
2025-08-04 18:21:45,330 - current_data_pipeline - INFO - ✅ Created enhanced current inference dataset: 78 records with advanced features
2025-08-04 18:21:45,733 - current_data_pipeline - INFO - Creating enhanced current inference dataset for RB
2025-08-04 18:21:45,733 - current_data_pipeline - INFO - Fetching enhanced current season performance data for 2024
2025-08-04 18:21:45,733 - src.data_storage - INFO - Loading raw data for 2024 season from /Users/jihoonsong/Documents/projects/fantasy_draft_engine/data/raw/player_season_2024.parquet
2025-08-04 18:21:45,737 - current_data_pipeline - INFO - ✅ Loaded existing enhanced 2024 data: 569 records with advanced features
2025-08-04 18:21:45,738 - current_data_pipeline - INFO - 📊 PBP Features: 14 features - ['completions', 'passing_air_yards', 'passing_epa']...
2025-08-04 18:21:45,738 - current_data_pipeline - INFO - 📊 Snap Features: 4 features - ['total_offense_snaps', 'avg_offense_snap_pct', 'total_defense_snaps']...
2025-08-04 18:21:45,738 - current_data_pipeline - INFO - 📊 Basic Features: 5 features - ['carries', 'rushing_yards', 'receptions']...
2025-08-04 18:21:45,738 - current_data_pipeline - INFO - Fetching current roster assignments for 2024
2025-08-04 18:21:46,148 - current_data_pipeline - INFO - Successfully loaded 3215 current roster assignments
2025-08-04 18:21:46,149 - current_data_pipeline - INFO - ✅ Austin Ekeler: WAS RB
2025-08-04 18:21:46,149 - current_data_pipeline - INFO - ✅ Christian McCaffrey: SF RB
2025-08-04 18:21:46,150 - current_data_pipeline - INFO - ✅ Justin Jefferson: MIN WR
2025-08-04 18:21:46,151 - current_data_pipeline - INFO - Filtered rosters to 233 RB players
2025-08-04 18:21:46,151 - current_data_pipeline - INFO - Updating data with current team assignments
2025-08-04 18:21:46,153 - current_data_pipeline - INFO - ✅ Merge preserved all players: 569 → 569
2025-08-04 18:21:46,155 - current_data_pipeline - INFO - Cleaned up 4 suffix columns: ['position_old', 'player_name_old', 'player_name_current']...
2025-08-04 18:21:46,155 - current_data_pipeline - INFO - 🔍 Roster matching: 569/569 players have current roster data
2025-08-04 18:21:46,155 - current_data_pipeline - INFO - ✅ Team assignment update successful for 569 players
2025-08-04 18:21:46,156 - current_data_pipeline - INFO - Position filter: 145 RB players
2025-08-04 18:21:46,156 - current_data_pipeline - INFO - 🔧 Applying advanced feature engineering to 145 RB players
2025-08-04 18:21:46,156 - current_data_pipeline - INFO - 🧮 Adding calculated features to bridge ML feature gap
2025-08-04 18:21:46,156 - current_data_pipeline - INFO - 📊 Calculating per-game metrics using games
2025-08-04 18:21:46,160 - current_data_pipeline - INFO - ✅ Added 39 calculated features
2025-08-04 18:21:46,160 - current_data_pipeline - INFO - ✅ Applied calculated features (per-game metrics and efficiency ratios)
2025-08-04 18:21:46,160 - current_data_pipeline - INFO - 📈 Adding lagged features from 2023 season
2025-08-04 18:21:46,160 - current_data_pipeline - INFO - Loading 2023 season data for lagged features
2025-08-04 18:21:46,160 - src.data_storage - INFO - Loading raw data for 2023 season from /Users/jihoonsong/Documents/projects/fantasy_draft_engine/data/raw/player_season_2023.parquet
2025-08-04 18:21:46,165 - current_data_pipeline - INFO - Loaded 559 players from 2023 season
2025-08-04 18:21:46,166 - current_data_pipeline - INFO - Merging 18 lagged features with current data
2025-08-04 18:21:46,170 - current_data_pipeline - INFO - ✅ Added 26 lagged features (18 direct + 8 derived)
2025-08-04 18:21:46,170 - current_data_pipeline - INFO - 📊 Lagged data matched for 84/145 players
2025-08-04 18:21:46,170 - current_data_pipeline - INFO - ✅ Applied lagged features from previous season
2025-08-04 18:21:46,170 - src.features.opportunity_metrics - INFO - Enhancing existing opportunity metrics
2025-08-04 18:21:46,171 - src.features.opportunity_metrics - INFO - Found existing opportunity metrics: ['receiving_air_yards', 'target_share', 'air_yards_share', 'wopr_x', 'wopr_y']
2025-08-04 18:21:46,171 - src.features.opportunity_metrics - INFO - Air yards related columns: ['passing_air_yards', 'receiving_air_yards', 'air_yards_share', 'air_yards_per_target', 'total_air_yards']
2025-08-04 18:21:46,171 - src.features.opportunity_metrics - INFO - Calculated aDOT from existing air yards data
2025-08-04 18:21:46,171 - src.features.opportunity_metrics - INFO - Calculated enhanced WOPR from existing metrics
2025-08-04 18:21:46,171 - src.features.opportunity_metrics - INFO - Calculating red zone opportunities
2025-08-04 18:21:46,171 - src.features.opportunity_metrics - INFO - Loading play-by-play data for 2024
2025-08-04 18:21:47,562 - src.data_storage - INFO - Created player_name column from 'name' for 49492 players
2025-08-04 18:21:47,683 - src.features.opportunity_metrics - INFO - Loaded 17748 passing plays with column mapping
2025-08-04 18:21:47,683 - src.features.opportunity_metrics - INFO - Using columns - play_type: play_type, air_yards: air_yards, receiver: receiver_player_name
2025-08-04 18:21:47,715 - src.features.opportunity_metrics - INFO - Calculated red zone opportunities for 145 players
2025-08-04 18:21:47,719 - src.features.opportunity_metrics - INFO - Enhanced opportunity metrics for 145 players
2025-08-04 18:21:47,719 - current_data_pipeline - INFO - ✅ Applied opportunity metrics enhancement
2025-08-04 18:21:47,719 - src.features.usage_analytics - INFO - Calculating all usage analytics
2025-08-04 18:21:47,719 - src.features.usage_analytics - INFO - Calculating snap count metrics
2025-08-04 18:21:47,719 - src.features.usage_analytics - INFO - Loading snap count data for 2024
2025-08-04 18:21:47,875 - src.data_storage - INFO - Created player_name column from 'player' for 26600 players
2025-08-04 18:21:47,875 - src.features.usage_analytics - INFO - Loaded snap counts for 26600 player-week records
2025-08-04 18:21:47,875 - src.features.usage_analytics - INFO - Available snap data columns: ['game_id', 'pfr_game_id', 'season', 'game_type', 'week', 'player', 'pfr_player_id', 'position', 'team', 'opponent', 'offense_snaps', 'offense_pct', 'defense_snaps', 'defense_pct', 'st_snaps', 'st_pct', 'player_name']
2025-08-04 18:21:47,876 - src.features.usage_analytics - INFO - Snap data column mapping - snaps: offense_snaps, pct: offense_pct, player: player_name, team: team
2025-08-04 18:21:47,881 - src.features.usage_analytics - INFO - Calculating snaps per game using games column: games
2025-08-04 18:21:47,885 - src.features.usage_analytics - INFO - Successfully merged snap data using columns: ['player_name', 'team', 'total_snaps', 'avg_snap_share', 'snaps_per_game']
2025-08-04 18:21:47,885 - src.features.usage_analytics - INFO - Added snap metrics for 145 players
2025-08-04 18:21:47,885 - src.features.usage_analytics - INFO - Calculating usage efficiency metrics
2025-08-04 18:21:47,887 - src.features.usage_analytics - INFO - Calculated usage efficiency metrics for 145 players
2025-08-04 18:21:47,887 - src.features.usage_analytics - INFO - Calculating advanced route participation metrics
2025-08-04 18:21:49,321 - src.data_storage - INFO - Created player_name column from 'name' for 49492 players
2025-08-04 18:21:49,484 - src.features.usage_analytics - INFO - Calculated advanced route participation for 145 players
2025-08-04 18:21:49,501 - src.features.usage_analytics - INFO - Calculating situational usage metrics
2025-08-04 18:21:49,566 - src.features.usage_analytics - INFO - Calculated situational usage for 145 players
2025-08-04 18:21:49,572 - src.features.usage_analytics - INFO - Completed all usage analytics for 145 players
2025-08-04 18:21:49,572 - current_data_pipeline - INFO - ✅ Applied usage analytics enhancement
2025-08-04 18:21:49,572 - current_data_pipeline - INFO - 🎯 Applying position-specific feature engineering for RB
2025-08-04 18:21:49,573 - ColumnMapper - INFO - Column mapping: 5 found, 1 missing
2025-08-04 18:21:49,573 - ColumnMapper - INFO - Column mapping: 10 found, 1 missing
2025-08-04 18:21:49,574 - RBFeatureEngineer_RB - INFO - Engineering features for 145 RB records
2025-08-04 18:21:49,574 - ColumnMapper - INFO - Column mapping: 5 found, 1 missing
2025-08-04 18:21:49,574 - ColumnMapper - INFO - Column mapping: 10 found, 1 missing
2025-08-04 18:21:49,575 - ColumnMapper - INFO - Column mapping: 11 found, 7 missing
2025-08-04 18:21:49,575 - ColumnMapper - INFO - Column mapping: 5 found, 1 missing
2025-08-04 18:21:49,575 - ColumnMapper - INFO - Column mapping: 10 found, 1 missing
2025-08-04 18:21:49,577 - RBFeatureEngineer_RB - INFO - RB feature engineering completed successfully
2025-08-04 18:21:49,579 - current_data_pipeline - INFO - ✅ Applied RB-specific feature engineering
2025-08-04 18:21:49,579 - current_data_pipeline - INFO - 🔢 Final feature count: 190 features for ML prediction
2025-08-04 18:21:49,582 - current_data_pipeline - INFO - ✅ Created enhanced current inference dataset: 145 records with advanced features
2025-08-04 18:21:49,598 - src.ensemble_model - INFO - 📂 Loading ensemble model from /Users/jihoonsong/Documents/projects/fantasy_draft_engine/saved_models/RB_ensemble_model.joblib
2025-08-04 18:21:49,616 - src.ensemble_model - INFO - 🤖 ENSEMBLE MODEL INITIALIZATION: RB
2025-08-04 18:21:49,616 - src.ensemble_model - INFO - ============================================================
2025-08-04 18:21:49,616 - src.ensemble_model - INFO - ✅ RandomForest hyperparameters for RB:
2025-08-04 18:21:49,616 - src.ensemble_model - INFO -    n_estimators: 300
2025-08-04 18:21:49,616 - src.ensemble_model - INFO -    max_depth: 12
2025-08-04 18:21:49,616 - src.ensemble_model - INFO -    min_samples_split: 8
2025-08-04 18:21:49,616 - src.ensemble_model - INFO -    min_samples_leaf: 2
2025-08-04 18:21:49,616 - src.ensemble_model - INFO -    max_features: 0.8
2025-08-04 18:21:49,616 - src.ensemble_model - INFO -    bootstrap: True
2025-08-04 18:21:49,616 - src.ensemble_model - INFO -    oob_score: True
2025-08-04 18:21:49,616 - src.ensemble_model - INFO -    random_state: 42
2025-08-04 18:21:49,616 - src.ensemble_model - INFO -    n_jobs: -1
2025-08-04 18:21:49,616 - src.ensemble_model - INFO - ✅ LightGBM hyperparameters for RB:
2025-08-04 18:21:49,616 - src.ensemble_model - INFO -    objective: regression_l1
2025-08-04 18:21:49,616 - src.ensemble_model - INFO -    metric: rmse
2025-08-04 18:21:49,616 - src.ensemble_model - INFO -    boosting_type: gbdt
2025-08-04 18:21:49,616 - src.ensemble_model - INFO -    n_estimators: 1000
2025-08-04 18:21:49,616 - src.ensemble_model - INFO -    learning_rate: 0.1
2025-08-04 18:21:49,616 - src.ensemble_model - INFO -    num_leaves: 96
2025-08-04 18:21:49,616 - src.ensemble_model - INFO -    max_depth: 10
2025-08-04 18:21:49,616 - src.ensemble_model - INFO -    min_data_in_leaf: 25
2025-08-04 18:21:49,616 - src.ensemble_model - INFO -    feature_fraction: 0.75
2025-08-04 18:21:49,616 - src.ensemble_model - INFO -    bagging_fraction: 0.8
2025-08-04 18:21:49,616 - src.ensemble_model - INFO -    bagging_freq: 1
2025-08-04 18:21:49,616 - src.ensemble_model - INFO -    lambda_l1: 0.2
2025-08-04 18:21:49,616 - src.ensemble_model - INFO -    lambda_l2: 0.1
2025-08-04 18:21:49,616 - src.ensemble_model - INFO -    min_gain_to_split: 0.02
2025-08-04 18:21:49,616 - src.ensemble_model - INFO -    verbose: -1
2025-08-04 18:21:49,616 - src.ensemble_model - INFO -    n_jobs: -1
2025-08-04 18:21:49,616 - src.ensemble_model - INFO -    seed: 42
2025-08-04 18:21:49,616 - src.ensemble_model - INFO -    force_col_wise: True
2025-08-04 18:21:49,616 - src.ensemble_model - INFO - ✅ Ensemble model initialized for RB
2025-08-04 18:21:49,616 - src.ensemble_model - INFO -    RandomForest: RandomForestRegressor
2025-08-04 18:21:49,616 - src.ensemble_model - INFO -    LightGBM: LGBMRegressor
2025-08-04 18:21:49,616 - src.ensemble_model - INFO -    Dynamic weighting: DynamicEnsembleWeighter
2025-08-04 18:21:49,616 - src.ensemble_model - INFO - ✅ Ensemble model loaded successfully for RB
2025-08-04 18:21:49,616 - src.ensemble_model - INFO -    Created: 2025-08-03T22:49:24.829261
2025-08-04 18:21:49,617 - src.ensemble_model - INFO -    Trained: True
2025-08-04 18:21:49,678 - current_data_pipeline - INFO - Creating enhanced current inference dataset for WR
2025-08-04 18:21:49,678 - current_data_pipeline - INFO - Fetching enhanced current season performance data for 2024
2025-08-04 18:21:49,678 - src.data_storage - INFO - Loading raw data for 2024 season from /Users/jihoonsong/Documents/projects/fantasy_draft_engine/data/raw/player_season_2024.parquet
2025-08-04 18:21:49,684 - current_data_pipeline - INFO - ✅ Loaded existing enhanced 2024 data: 569 records with advanced features
2025-08-04 18:21:49,684 - current_data_pipeline - INFO - 📊 PBP Features: 14 features - ['completions', 'passing_air_yards', 'passing_epa']...
2025-08-04 18:21:49,684 - current_data_pipeline - INFO - 📊 Snap Features: 4 features - ['total_offense_snaps', 'avg_offense_snap_pct', 'total_defense_snaps']...
2025-08-04 18:21:49,684 - current_data_pipeline - INFO - 📊 Basic Features: 5 features - ['carries', 'rushing_yards', 'receptions']...
2025-08-04 18:21:49,684 - current_data_pipeline - INFO - Fetching current roster assignments for 2024
2025-08-04 18:21:50,070 - current_data_pipeline - INFO - Successfully loaded 3215 current roster assignments
2025-08-04 18:21:50,071 - current_data_pipeline - INFO - ✅ Austin Ekeler: WAS RB
2025-08-04 18:21:50,072 - current_data_pipeline - INFO - ✅ Christian McCaffrey: SF RB
2025-08-04 18:21:50,072 - current_data_pipeline - INFO - ✅ Justin Jefferson: MIN WR
2025-08-04 18:21:50,074 - current_data_pipeline - INFO - Filtered rosters to 419 WR players
2025-08-04 18:21:50,074 - current_data_pipeline - INFO - Updating data with current team assignments
2025-08-04 18:21:50,076 - current_data_pipeline - INFO - ✅ Merge preserved all players: 569 → 569
2025-08-04 18:21:50,077 - current_data_pipeline - INFO - Cleaned up 4 suffix columns: ['position_old', 'player_name_old', 'player_name_current']...
2025-08-04 18:21:50,077 - current_data_pipeline - INFO - 🔍 Roster matching: 569/569 players have current roster data
2025-08-04 18:21:50,077 - current_data_pipeline - INFO - ✅ Team assignment update successful for 569 players
2025-08-04 18:21:50,078 - current_data_pipeline - INFO - Position filter: 227 WR players
2025-08-04 18:21:50,078 - current_data_pipeline - INFO - 🔧 Applying advanced feature engineering to 227 WR players
2025-08-04 18:21:50,078 - current_data_pipeline - INFO - 🧮 Adding calculated features to bridge ML feature gap
2025-08-04 18:21:50,078 - current_data_pipeline - INFO - 📊 Calculating per-game metrics using games
2025-08-04 18:21:50,082 - current_data_pipeline - INFO - ✅ Added 39 calculated features
2025-08-04 18:21:50,082 - current_data_pipeline - INFO - ✅ Applied calculated features (per-game metrics and efficiency ratios)
2025-08-04 18:21:50,082 - current_data_pipeline - INFO - 📈 Adding lagged features from 2023 season
2025-08-04 18:21:50,083 - current_data_pipeline - INFO - Loading 2023 season data for lagged features
2025-08-04 18:21:50,083 - src.data_storage - INFO - Loading raw data for 2023 season from /Users/jihoonsong/Documents/projects/fantasy_draft_engine/data/raw/player_season_2023.parquet
2025-08-04 18:21:50,088 - current_data_pipeline - INFO - Loaded 559 players from 2023 season
2025-08-04 18:21:50,090 - current_data_pipeline - INFO - Merging 18 lagged features with current data
2025-08-04 18:21:50,094 - current_data_pipeline - INFO - ✅ Added 26 lagged features (18 direct + 8 derived)
2025-08-04 18:21:50,095 - current_data_pipeline - INFO - 📊 Lagged data matched for 123/227 players
2025-08-04 18:21:50,095 - current_data_pipeline - INFO - ✅ Applied lagged features from previous season
2025-08-04 18:21:50,095 - src.features.opportunity_metrics - INFO - Enhancing existing opportunity metrics
2025-08-04 18:21:50,095 - src.features.opportunity_metrics - INFO - Found existing opportunity metrics: ['receiving_air_yards', 'target_share', 'air_yards_share', 'wopr_x', 'wopr_y']
2025-08-04 18:21:50,095 - src.features.opportunity_metrics - INFO - Air yards related columns: ['passing_air_yards', 'receiving_air_yards', 'air_yards_share', 'air_yards_per_target', 'total_air_yards']
2025-08-04 18:21:50,095 - src.features.opportunity_metrics - INFO - Calculated aDOT from existing air yards data
2025-08-04 18:21:50,095 - src.features.opportunity_metrics - INFO - Calculated enhanced WOPR from existing metrics
2025-08-04 18:21:50,095 - src.features.opportunity_metrics - INFO - Calculating red zone opportunities
2025-08-04 18:21:50,095 - src.features.opportunity_metrics - INFO - Loading play-by-play data for 2024
2025-08-04 18:21:51,591 - src.data_storage - INFO - Created player_name column from 'name' for 49492 players
2025-08-04 18:21:51,714 - src.features.opportunity_metrics - INFO - Loaded 17748 passing plays with column mapping
2025-08-04 18:21:51,714 - src.features.opportunity_metrics - INFO - Using columns - play_type: play_type, air_yards: air_yards, receiver: receiver_player_name
2025-08-04 18:21:51,746 - src.features.opportunity_metrics - INFO - Calculated red zone opportunities for 227 players
2025-08-04 18:21:51,750 - src.features.opportunity_metrics - INFO - Enhanced opportunity metrics for 227 players
2025-08-04 18:21:51,750 - current_data_pipeline - INFO - ✅ Applied opportunity metrics enhancement
2025-08-04 18:21:51,750 - src.features.usage_analytics - INFO - Calculating all usage analytics
2025-08-04 18:21:51,750 - src.features.usage_analytics - INFO - Calculating snap count metrics
2025-08-04 18:21:51,750 - src.features.usage_analytics - INFO - Loading snap count data for 2024
2025-08-04 18:21:51,893 - src.data_storage - INFO - Created player_name column from 'player' for 26600 players
2025-08-04 18:21:51,893 - src.features.usage_analytics - INFO - Loaded snap counts for 26600 player-week records
2025-08-04 18:21:51,893 - src.features.usage_analytics - INFO - Available snap data columns: ['game_id', 'pfr_game_id', 'season', 'game_type', 'week', 'player', 'pfr_player_id', 'position', 'team', 'opponent', 'offense_snaps', 'offense_pct', 'defense_snaps', 'defense_pct', 'st_snaps', 'st_pct', 'player_name']
2025-08-04 18:21:51,894 - src.features.usage_analytics - INFO - Snap data column mapping - snaps: offense_snaps, pct: offense_pct, player: player_name, team: team
2025-08-04 18:21:51,900 - src.features.usage_analytics - INFO - Calculating snaps per game using games column: games
2025-08-04 18:21:51,904 - src.features.usage_analytics - INFO - Successfully merged snap data using columns: ['player_name', 'team', 'total_snaps', 'avg_snap_share', 'snaps_per_game']
2025-08-04 18:21:51,904 - src.features.usage_analytics - INFO - Added snap metrics for 227 players
2025-08-04 18:21:51,904 - src.features.usage_analytics - INFO - Calculating usage efficiency metrics
2025-08-04 18:21:51,906 - src.features.usage_analytics - INFO - Calculated usage efficiency metrics for 227 players
2025-08-04 18:21:51,906 - src.features.usage_analytics - INFO - Calculating advanced route participation metrics
2025-08-04 18:21:53,301 - src.data_storage - INFO - Created player_name column from 'name' for 49492 players
2025-08-04 18:21:53,466 - src.features.usage_analytics - INFO - Calculated advanced route participation for 227 players
2025-08-04 18:21:53,484 - src.features.usage_analytics - INFO - Calculating situational usage metrics
2025-08-04 18:21:53,547 - src.features.usage_analytics - INFO - Calculated situational usage for 227 players
2025-08-04 18:21:53,552 - src.features.usage_analytics - INFO - Completed all usage analytics for 227 players
2025-08-04 18:21:53,553 - current_data_pipeline - INFO - ✅ Applied usage analytics enhancement
2025-08-04 18:21:53,553 - current_data_pipeline - INFO - 🎯 Applying position-specific feature engineering for WR
2025-08-04 18:21:53,555 - ColumnMapper - INFO - Column mapping: 10 found, 1 missing
2025-08-04 18:21:53,555 - WRFeatureEngineer_WR - INFO - Engineering features for 227 WR records
2025-08-04 18:21:53,555 - ColumnMapper - INFO - Column mapping: 10 found, 1 missing
2025-08-04 18:21:53,556 - ColumnMapper - INFO - Column mapping: 11 found, 7 missing
2025-08-04 18:21:53,556 - ColumnMapper - INFO - Column mapping: 10 found, 1 missing
2025-08-04 18:21:53,558 - WRFeatureEngineer_WR - INFO - WR feature engineering completed successfully
2025-08-04 18:21:53,560 - current_data_pipeline - INFO - ✅ Applied WR-specific feature engineering
2025-08-04 18:21:53,560 - current_data_pipeline - INFO - 🔢 Final feature count: 191 features for ML prediction
2025-08-04 18:21:53,564 - current_data_pipeline - INFO - ✅ Created enhanced current inference dataset: 227 records with advanced features
2025-08-04 18:21:53,580 - src.ensemble_model - INFO - 📂 Loading ensemble model from /Users/jihoonsong/Documents/projects/fantasy_draft_engine/saved_models/WR_ensemble_model.joblib
2025-08-04 18:21:53,640 - current_data_pipeline - INFO - Creating enhanced current inference dataset for TE
2025-08-04 18:21:53,640 - current_data_pipeline - INFO - Fetching enhanced current season performance data for 2024
2025-08-04 18:21:53,640 - src.data_storage - INFO - Loading raw data for 2024 season from /Users/jihoonsong/Documents/projects/fantasy_draft_engine/data/raw/player_season_2024.parquet
2025-08-04 18:21:53,644 - current_data_pipeline - INFO - ✅ Loaded existing enhanced 2024 data: 569 records with advanced features
2025-08-04 18:21:53,645 - current_data_pipeline - INFO - 📊 PBP Features: 14 features - ['completions', 'passing_air_yards', 'passing_epa']...
2025-08-04 18:21:53,645 - current_data_pipeline - INFO - 📊 Snap Features: 4 features - ['total_offense_snaps', 'avg_offense_snap_pct', 'total_defense_snaps']...
2025-08-04 18:21:53,645 - current_data_pipeline - INFO - 📊 Basic Features: 5 features - ['carries', 'rushing_yards', 'receptions']...
2025-08-04 18:21:53,645 - current_data_pipeline - INFO - Fetching current roster assignments for 2024
2025-08-04 18:21:54,029 - current_data_pipeline - INFO - Successfully loaded 3215 current roster assignments
2025-08-04 18:21:54,030 - current_data_pipeline - INFO - ✅ Austin Ekeler: WAS RB
2025-08-04 18:21:54,030 - current_data_pipeline - INFO - ✅ Christian McCaffrey: SF RB
2025-08-04 18:21:54,031 - current_data_pipeline - INFO - ✅ Justin Jefferson: MIN WR
2025-08-04 18:21:54,032 - current_data_pipeline - INFO - Filtered rosters to 215 TE players
2025-08-04 18:21:54,032 - current_data_pipeline - INFO - Updating data with current team assignments
2025-08-04 18:21:54,034 - current_data_pipeline - INFO - ✅ Merge preserved all players: 569 → 569
2025-08-04 18:21:54,035 - current_data_pipeline - INFO - Cleaned up 4 suffix columns: ['position_old', 'player_name_old', 'player_name_current']...
2025-08-04 18:21:54,035 - current_data_pipeline - INFO - 🔍 Roster matching: 569/569 players have current roster data
2025-08-04 18:21:54,035 - current_data_pipeline - INFO - ✅ Team assignment update successful for 569 players
2025-08-04 18:21:54,035 - current_data_pipeline - INFO - Position filter: 119 TE players
2025-08-04 18:21:54,036 - current_data_pipeline - INFO - 🔧 Applying advanced feature engineering to 119 TE players
2025-08-04 18:21:54,036 - current_data_pipeline - INFO - 🧮 Adding calculated features to bridge ML feature gap
2025-08-04 18:21:54,036 - current_data_pipeline - INFO - 📊 Calculating per-game metrics using games
2025-08-04 18:21:54,041 - current_data_pipeline - INFO - ✅ Added 39 calculated features
2025-08-04 18:21:54,041 - current_data_pipeline - INFO - ✅ Applied calculated features (per-game metrics and efficiency ratios)
2025-08-04 18:21:54,041 - current_data_pipeline - INFO - 📈 Adding lagged features from 2023 season
2025-08-04 18:21:54,041 - current_data_pipeline - INFO - Loading 2023 season data for lagged features
2025-08-04 18:21:54,041 - src.data_storage - INFO - Loading raw data for 2023 season from /Users/jihoonsong/Documents/projects/fantasy_draft_engine/data/raw/player_season_2023.parquet
2025-08-04 18:21:54,046 - current_data_pipeline - INFO - Loaded 559 players from 2023 season
2025-08-04 18:21:54,047 - current_data_pipeline - INFO - Merging 18 lagged features with current data
2025-08-04 18:21:54,051 - current_data_pipeline - INFO - ✅ Added 26 lagged features (18 direct + 8 derived)
2025-08-04 18:21:54,051 - current_data_pipeline - INFO - 📊 Lagged data matched for 74/119 players
2025-08-04 18:21:54,051 - current_data_pipeline - INFO - ✅ Applied lagged features from previous season
2025-08-04 18:21:54,051 - src.features.opportunity_metrics - INFO - Enhancing existing opportunity metrics
2025-08-04 18:21:54,051 - src.features.opportunity_metrics - INFO - Found existing opportunity metrics: ['receiving_air_yards', 'target_share', 'air_yards_share', 'wopr_x', 'wopr_y']
2025-08-04 18:21:54,051 - src.features.opportunity_metrics - INFO - Air yards related columns: ['passing_air_yards', 'receiving_air_yards', 'air_yards_share', 'air_yards_per_target', 'total_air_yards']
2025-08-04 18:21:54,051 - src.features.opportunity_metrics - INFO - Calculated aDOT from existing air yards data
2025-08-04 18:21:54,052 - src.features.opportunity_metrics - INFO - Calculated enhanced WOPR from existing metrics
2025-08-04 18:21:54,052 - src.features.opportunity_metrics - INFO - Calculating red zone opportunities
2025-08-04 18:21:54,052 - src.features.opportunity_metrics - INFO - Loading play-by-play data for 2024
2025-08-04 18:21:55,442 - src.data_storage - INFO - Created player_name column from 'name' for 49492 players
2025-08-04 18:21:55,567 - src.features.opportunity_metrics - INFO - Loaded 17748 passing plays with column mapping
2025-08-04 18:21:55,567 - src.features.opportunity_metrics - INFO - Using columns - play_type: play_type, air_yards: air_yards, receiver: receiver_player_name
2025-08-04 18:21:55,599 - src.features.opportunity_metrics - INFO - Calculated red zone opportunities for 119 players
2025-08-04 18:21:55,602 - src.features.opportunity_metrics - INFO - Enhanced opportunity metrics for 119 players
2025-08-04 18:21:55,602 - current_data_pipeline - INFO - ✅ Applied opportunity metrics enhancement
2025-08-04 18:21:55,603 - src.features.usage_analytics - INFO - Calculating all usage analytics
2025-08-04 18:21:55,603 - src.features.usage_analytics - INFO - Calculating snap count metrics
2025-08-04 18:21:55,603 - src.features.usage_analytics - INFO - Loading snap count data for 2024
2025-08-04 18:21:55,753 - src.data_storage - INFO - Created player_name column from 'player' for 26600 players
2025-08-04 18:21:55,754 - src.features.usage_analytics - INFO - Loaded snap counts for 26600 player-week records
2025-08-04 18:21:55,754 - src.features.usage_analytics - INFO - Available snap data columns: ['game_id', 'pfr_game_id', 'season', 'game_type', 'week', 'player', 'pfr_player_id', 'position', 'team', 'opponent', 'offense_snaps', 'offense_pct', 'defense_snaps', 'defense_pct', 'st_snaps', 'st_pct', 'player_name']
2025-08-04 18:21:55,754 - src.features.usage_analytics - INFO - Snap data column mapping - snaps: offense_snaps, pct: offense_pct, player: player_name, team: team
2025-08-04 18:21:55,759 - src.features.usage_analytics - INFO - Calculating snaps per game using games column: games
2025-08-04 18:21:55,763 - src.features.usage_analytics - INFO - Successfully merged snap data using columns: ['player_name', 'team', 'total_snaps', 'avg_snap_share', 'snaps_per_game']
2025-08-04 18:21:55,763 - src.features.usage_analytics - INFO - Added snap metrics for 119 players
2025-08-04 18:21:55,763 - src.features.usage_analytics - INFO - Calculating usage efficiency metrics
2025-08-04 18:21:55,765 - src.features.usage_analytics - INFO - Calculated usage efficiency metrics for 119 players
2025-08-04 18:21:55,765 - src.features.usage_analytics - INFO - Calculating advanced route participation metrics
2025-08-04 18:21:57,147 - src.data_storage - INFO - Created player_name column from 'name' for 49492 players
2025-08-04 18:21:57,316 - src.features.usage_analytics - INFO - Calculated advanced route participation for 119 players
2025-08-04 18:21:57,334 - src.features.usage_analytics - INFO - Calculating situational usage metrics
2025-08-04 18:21:57,399 - src.features.usage_analytics - INFO - Calculated situational usage for 119 players
2025-08-04 18:21:57,403 - src.features.usage_analytics - INFO - Completed all usage analytics for 119 players
2025-08-04 18:21:57,403 - current_data_pipeline - INFO - ✅ Applied usage analytics enhancement
2025-08-04 18:21:57,403 - current_data_pipeline - INFO - 🎯 Applying position-specific feature engineering for TE
2025-08-04 18:21:57,405 - ColumnMapper - INFO - Column mapping: 10 found, 1 missing
2025-08-04 18:21:57,405 - TEFeatureEngineer_TE - INFO - Engineering features for 119 TE records
2025-08-04 18:21:57,405 - ColumnMapper - INFO - Column mapping: 10 found, 1 missing
2025-08-04 18:21:57,406 - ColumnMapper - INFO - Column mapping: 11 found, 7 missing
2025-08-04 18:21:57,406 - ColumnMapper - INFO - Column mapping: 10 found, 1 missing
2025-08-04 18:21:57,409 - TEFeatureEngineer_TE - INFO - TE feature engineering completed successfully
2025-08-04 18:21:57,410 - current_data_pipeline - INFO - ✅ Applied TE-specific feature engineering
2025-08-04 18:21:57,410 - current_data_pipeline - INFO - 🔢 Final feature count: 188 features for ML prediction
2025-08-04 18:21:57,413 - current_data_pipeline - INFO - ✅ Created enhanced current inference dataset: 119 records with advanced features
2025-08-04 18:21:57,430 - src.ensemble_model - INFO - 📂 Loading ensemble model from /Users/jihoonsong/Documents/projects/fantasy_draft_engine/saved_models/TE_ensemble_model.joblib
2025-08-04 18:21:57,473 - current_data_pipeline - INFO - Creating enhanced current inference dataset for K
2025-08-04 18:21:57,473 - current_data_pipeline - INFO - Fetching enhanced current season performance data for 2024
2025-08-04 18:21:57,473 - src.data_storage - INFO - Loading raw data for 2024 season from /Users/jihoonsong/Documents/projects/fantasy_draft_engine/data/raw/player_season_2024.parquet
2025-08-04 18:21:57,478 - current_data_pipeline - INFO - ✅ Loaded existing enhanced 2024 data: 569 records with advanced features
2025-08-04 18:21:57,478 - current_data_pipeline - INFO - 📊 PBP Features: 14 features - ['completions', 'passing_air_yards', 'passing_epa']...
2025-08-04 18:21:57,478 - current_data_pipeline - INFO - 📊 Snap Features: 4 features - ['total_offense_snaps', 'avg_offense_snap_pct', 'total_defense_snaps']...
2025-08-04 18:21:57,478 - current_data_pipeline - INFO - 📊 Basic Features: 5 features - ['carries', 'rushing_yards', 'receptions']...
2025-08-04 18:21:57,478 - current_data_pipeline - INFO - Fetching current roster assignments for 2024
2025-08-04 18:21:57,848 - current_data_pipeline - INFO - Successfully loaded 3215 current roster assignments
2025-08-04 18:21:57,849 - current_data_pipeline - INFO - ✅ Austin Ekeler: WAS RB
2025-08-04 18:21:57,849 - current_data_pipeline - INFO - ✅ Christian McCaffrey: SF RB
2025-08-04 18:21:57,850 - current_data_pipeline - INFO - ✅ Justin Jefferson: MIN WR
2025-08-04 18:21:57,852 - current_data_pipeline - INFO - Filtered rosters to 53 K players
2025-08-04 18:21:57,852 - current_data_pipeline - INFO - Updating data with current team assignments
2025-08-04 18:21:57,853 - current_data_pipeline - INFO - ✅ Merge preserved all players: 569 → 569
2025-08-04 18:21:57,855 - current_data_pipeline - INFO - Cleaned up 4 suffix columns: ['position_old', 'player_name_old', 'player_name_current']...
2025-08-04 18:21:57,855 - current_data_pipeline - INFO - 🔍 Roster matching: 569/569 players have current roster data
2025-08-04 18:21:57,855 - current_data_pipeline - INFO - ✅ Team assignment update successful for 569 players
2025-08-04 18:21:57,855 - current_data_pipeline - INFO - Position filter: 0 K players
2025-08-04 18:21:57,855 - current_data_pipeline - INFO - 🔧 Applying advanced feature engineering to 0 K players
2025-08-04 18:21:57,855 - current_data_pipeline - INFO - 🧮 Adding calculated features to bridge ML feature gap
2025-08-04 18:21:57,855 - current_data_pipeline - INFO - ✅ Applied calculated features (per-game metrics and efficiency ratios)
2025-08-04 18:21:57,856 - current_data_pipeline - INFO - 📈 Adding lagged features from 2023 season
2025-08-04 18:21:57,856 - current_data_pipeline - INFO - ✅ Applied lagged features from previous season
2025-08-04 18:21:57,856 - src.features.opportunity_metrics - INFO - Enhancing existing opportunity metrics
2025-08-04 18:21:57,856 - src.features.opportunity_metrics - INFO - Found existing opportunity metrics: ['receiving_air_yards', 'target_share', 'air_yards_share', 'wopr_x', 'wopr_y']
2025-08-04 18:21:57,856 - src.features.opportunity_metrics - INFO - Air yards related columns: ['passing_air_yards', 'receiving_air_yards', 'air_yards_share', 'air_yards_per_target', 'total_air_yards']
2025-08-04 18:21:57,856 - src.features.opportunity_metrics - INFO - Calculated aDOT from existing air yards data
2025-08-04 18:21:57,856 - src.features.opportunity_metrics - INFO - Calculated enhanced WOPR from existing metrics
2025-08-04 18:21:57,856 - src.features.opportunity_metrics - INFO - Calculating red zone opportunities
2025-08-04 18:21:57,856 - src.features.opportunity_metrics - INFO - Loading play-by-play data for 2024
2025-08-04 18:21:59,239 - src.data_storage - INFO - Created player_name column from 'name' for 49492 players
2025-08-04 18:21:59,363 - src.features.opportunity_metrics - INFO - Loaded 17748 passing plays with column mapping
2025-08-04 18:21:59,363 - src.features.opportunity_metrics - INFO - Using columns - play_type: play_type, air_yards: air_yards, receiver: receiver_player_name
2025-08-04 18:21:59,395 - src.features.opportunity_metrics - INFO - Calculated red zone opportunities for 0 players
2025-08-04 18:21:59,398 - src.features.opportunity_metrics - INFO - Enhanced opportunity metrics for 0 players
2025-08-04 18:21:59,398 - current_data_pipeline - INFO - ✅ Applied opportunity metrics enhancement
2025-08-04 18:21:59,398 - src.features.usage_analytics - INFO - Calculating all usage analytics
2025-08-04 18:21:59,398 - src.features.usage_analytics - INFO - Calculating snap count metrics
2025-08-04 18:21:59,398 - src.features.usage_analytics - INFO - Loading snap count data for 2024
2025-08-04 18:21:59,545 - src.data_storage - INFO - Created player_name column from 'player' for 26600 players
2025-08-04 18:21:59,546 - src.features.usage_analytics - INFO - Loaded snap counts for 26600 player-week records
2025-08-04 18:21:59,546 - src.features.usage_analytics - INFO - Available snap data columns: ['game_id', 'pfr_game_id', 'season', 'game_type', 'week', 'player', 'pfr_player_id', 'position', 'team', 'opponent', 'offense_snaps', 'offense_pct', 'defense_snaps', 'defense_pct', 'st_snaps', 'st_pct', 'player_name']
2025-08-04 18:21:59,546 - src.features.usage_analytics - INFO - Snap data column mapping - snaps: offense_snaps, pct: offense_pct, player: player_name, team: team
2025-08-04 18:21:59,551 - src.features.usage_analytics - INFO - Calculating snaps per game using games column: games
2025-08-04 18:21:59,554 - src.features.usage_analytics - INFO - Successfully merged snap data using columns: ['player_name', 'team', 'total_snaps', 'avg_snap_share', 'snaps_per_game']
2025-08-04 18:21:59,554 - src.features.usage_analytics - INFO - Added snap metrics for 0 players
2025-08-04 18:21:59,555 - src.features.usage_analytics - INFO - Calculating usage efficiency metrics
2025-08-04 18:21:59,556 - src.features.usage_analytics - INFO - Calculated usage efficiency metrics for 0 players
2025-08-04 18:21:59,556 - src.features.usage_analytics - INFO - Calculating advanced route participation metrics
2025-08-04 18:22:00,936 - src.data_storage - INFO - Created player_name column from 'name' for 49492 players
2025-08-04 18:22:01,107 - src.features.usage_analytics - INFO - Calculated advanced route participation for 0 players
2025-08-04 18:22:01,127 - src.features.usage_analytics - INFO - Calculating situational usage metrics
2025-08-04 18:22:01,195 - src.features.usage_analytics - INFO - Calculated situational usage for 0 players
2025-08-04 18:22:01,200 - src.features.usage_analytics - INFO - Completed all usage analytics for 0 players
2025-08-04 18:22:01,200 - current_data_pipeline - INFO - ✅ Applied usage analytics enhancement
2025-08-04 18:22:01,200 - current_data_pipeline - INFO - 🎯 Applying position-specific feature engineering for K
2025-08-04 18:22:01,201 - KFeatureEngineer_K - INFO - Engineering features for 0 K records
2025-08-04 18:22:01,201 - KFeatureEngineer_K - WARNING - Empty DataFrame provided for K feature engineering
2025-08-04 18:22:01,201 - current_data_pipeline - WARNING - ⚠️ Position-specific feature engineering failed for K
2025-08-04 18:22:01,201 - current_data_pipeline - INFO - 🔢 Final feature count: 103 features for ML prediction
2025-08-04 18:22:01,202 - current_data_pipeline - INFO - ✅ Created enhanced current inference dataset: 0 records with advanced features
2025-08-04 18:22:01,219 - feature_engineering - INFO - 🏗️ FEATURE ENGINEERING START: 2023 → 2024
2025-08-04 18:22:01,219 - feature_engineering - INFO - ================================================================================
2025-08-04 18:22:01,219 - feature_engineering - INFO - 📊 Configuration:
2025-08-04 18:22:01,219 - feature_engineering - INFO -    Target season: 2023
2025-08-04 18:22:01,219 - feature_engineering - INFO -    Prediction season: 2024
2025-08-04 18:22:01,219 - feature_engineering - INFO -    Matchup intelligence: False
2025-08-04 18:22:01,219 - feature_engineering - INFO -    Position-specific features: True
2025-08-04 18:22:01,219 - feature_engineering - INFO -    Weeks ahead SOS: 4
2025-08-04 18:22:01,219 - feature_engineering - INFO -    Historical seasons: [2022, 2023]
2025-08-04 18:22:01,219 - feature_engineering - INFO - ================================================================================
2025-08-04 18:22:01,219 - src.data_storage - INFO - Loading raw data for 2024 season from /Users/jihoonsong/Documents/projects/fantasy_draft_engine/data/raw/player_season_2024.parquet
2025-08-04 18:22:01,225 - feature_engineering - INFO - Successfully loaded actuals data for 2024 to create target variable.
2025-08-04 18:22:01,225 - src.data_storage - INFO - Loading raw data for 2022 season from /Users/jihoonsong/Documents/projects/fantasy_draft_engine/data/raw/player_season_2022.parquet
2025-08-04 18:22:01,230 - src.data_storage - INFO - Loading raw data for 2023 season from /Users/jihoonsong/Documents/projects/fantasy_draft_engine/data/raw/player_season_2023.parquet
2025-08-04 18:22:01,234 - feature_engineering - INFO - Converted 'birth_date' column to datetime for season 2023 in current_season_df
2025-08-04 18:22:01,234 - feature_engineering - INFO - 🔧 COMPREHENSIVE DATA ENHANCEMENT: Adding missing columns for enhanced features
2025-08-04 18:22:01,234 - src.current_data_pipeline - INFO - Fetching current roster assignments for 2023
2025-08-04 18:22:01,650 - src.current_data_pipeline - INFO - Successfully loaded 3089 current roster assignments
2025-08-04 18:22:01,651 - src.current_data_pipeline - INFO - ✅ Austin Ekeler: LAC RB
2025-08-04 18:22:01,652 - src.current_data_pipeline - INFO - ✅ Christian McCaffrey: SF RB
2025-08-04 18:22:01,653 - src.current_data_pipeline - INFO - ✅ Justin Jefferson: MIN WR
2025-08-04 18:22:01,654 - feature_engineering - INFO - ✅ Loaded 3089 roster entries for data enhancement
2025-08-04 18:22:01,654 - feature_engineering - INFO -    Will add position → position
2025-08-04 18:22:01,654 - feature_engineering - INFO -    Will add current_team → team
2025-08-04 18:22:01,654 - feature_engineering - INFO -    Will add player_name → player_name
2025-08-04 18:22:01,654 - feature_engineering - INFO - 🔗 Merging roster data: ['player_id', 'position', 'current_team', 'player_name']
2025-08-04 18:22:01,656 - feature_engineering - INFO -    ✅ Standardized 'current_team' → 'team'
2025-08-04 18:22:01,657 - feature_engineering - INFO -    ➕ Added default column 'draftround' = 7
2025-08-04 18:22:01,657 - feature_engineering - INFO -    ➕ Added default column 'draft_club' = UNK
2025-08-04 18:22:01,658 - feature_engineering - INFO -    ➕ Added default column 'height' = 72
2025-08-04 18:22:01,658 - feature_engineering - INFO -    ➕ Added default column 'weight' = 200
2025-08-04 18:22:01,658 - feature_engineering - INFO -    ➕ Added default column 'college' = Unknown
2025-08-04 18:22:01,658 - feature_engineering - INFO -    ✅ Extracted first_name and last_name from player_name
2025-08-04 18:22:01,659 - feature_engineering - INFO -    🎯 Filtered to fantasy positions: 559 players
2025-08-04 18:22:01,659 - feature_engineering - INFO -    📊 Position breakdown: {'WR': 212, 'RB': 149, 'TE': 115, 'QB': 83}
2025-08-04 18:22:01,659 - feature_engineering - INFO - ✅ COMPREHENSIVE ENHANCEMENT COMPLETE
2025-08-04 18:22:01,659 - feature_engineering - INFO -    Final data shape: (559, 88)
2025-08-04 18:22:01,660 - feature_engineering - INFO -    Available teams: ['ARI', 'ATL', 'BAL', 'BUF', 'CAR', 'CHI', 'CIN', 'CLE', 'DAL', 'DEN', 'DET', 'GB', 'HOU', 'IND', 'JAX', 'KC', 'LA', 'LAC', 'LV', 'MIA', 'MIN', 'NE', 'NO', 'NYG', 'NYJ', 'PHI', 'PIT', 'SEA', 'SF', 'TB', 'TEN', 'WAS']
2025-08-04 18:22:01,660 - feature_engineering - INFO -    Available positions: ['QB', 'RB', 'TE', 'WR']
2025-08-04 18:22:01,660 - feature_engineering - INFO - ✅ Data validation passed - required columns present: ['position', 'games', 'player_id']
2025-08-04 18:22:01,660 - feature_engineering - INFO -    Data shape: (559, 88)
2025-08-04 18:22:01,660 - feature_engineering - INFO -    Available positions: ['QB', 'RB', 'TE', 'WR']
2025-08-04 18:22:01,660 - feature_engineering - INFO - Calculating per-game statistics
2025-08-04 18:22:01,666 - feature_engineering - INFO - Calculating efficiency metrics
2025-08-04 18:22:01,670 - feature_engineering - INFO - Calculating team-level aggregates
2025-08-04 18:22:01,671 - feature_engineering - INFO - Calculating usage metrics
2025-08-04 18:22:01,675 - feature_engineering - INFO - Creating lagged features from previous season
2025-08-04 18:22:01,678 - feature_engineering - INFO - Handling rookies for prediction
2025-08-04 18:22:01,687 - feature_engineering - INFO - Identified 0 rookies for 2024 season
2025-08-04 18:22:01,691 - feature_engineering - INFO - Handling players with minimal data (less than 4 games)
2025-08-04 18:22:01,691 - feature_engineering - INFO - Applied baseline FPPG of 1.0 to 32 QB players with minimal data
2025-08-04 18:22:01,692 - feature_engineering - INFO - Applied baseline FPPG of 1.0 to 46 RB players with minimal data
2025-08-04 18:22:01,692 - feature_engineering - INFO - Applied baseline FPPG of 1.0 to 74 WR players with minimal data
2025-08-04 18:22:01,692 - feature_engineering - INFO - Applied baseline FPPG of 1.0 to 35 TE players with minimal data
2025-08-04 18:22:01,692 - feature_engineering - INFO - Applied baseline FPPG of 1.0 to 0 K players with minimal data
2025-08-04 18:22:01,692 - feature_engineering - INFO - 🎯 STEP 9: Adding Opportunity Metrics
2025-08-04 18:22:01,692 - feature_engineering - INFO -    Adding opportunity metrics for 149 RB players
2025-08-04 18:22:01,692 - src.features.opportunity_metrics - INFO - Enhancing existing opportunity metrics
2025-08-04 18:22:01,692 - src.features.opportunity_metrics - INFO - Found existing opportunity metrics: ['receiving_air_yards', 'target_share', 'air_yards_share', 'wopr_x', 'wopr_y']
2025-08-04 18:22:01,692 - src.features.opportunity_metrics - INFO - Air yards related columns: ['passing_air_yards', 'receiving_air_yards', 'air_yards_share', 'air_yards_per_target', 'total_air_yards']
2025-08-04 18:22:01,693 - src.features.opportunity_metrics - INFO - Calculated aDOT from existing air yards data
2025-08-04 18:22:01,693 - src.features.opportunity_metrics - INFO - Calculated enhanced WOPR from existing metrics
2025-08-04 18:22:01,693 - src.features.opportunity_metrics - INFO - Calculating red zone opportunities
2025-08-04 18:22:01,693 - src.features.opportunity_metrics - INFO - Loading play-by-play data for 2023
2025-08-04 18:22:03,751 - src.data_storage - INFO - Created player_name column from 'name' for 49665 players
2025-08-04 18:22:03,895 - src.features.opportunity_metrics - INFO - Loaded 18373 passing plays with column mapping
2025-08-04 18:22:03,895 - src.features.opportunity_metrics - INFO - Using columns - play_type: play_type, air_yards: air_yards, receiver: receiver_player_name
2025-08-04 18:22:03,930 - src.features.opportunity_metrics - INFO - Calculated red zone opportunities for 149 players
2025-08-04 18:22:03,933 - src.features.opportunity_metrics - INFO - Enhanced opportunity metrics for 149 players
2025-08-04 18:22:03,950 - feature_engineering - INFO -    ✅ Added 4 opportunity metrics for RB: ['target_share', 'air_yards_share', 'adot', 'red_zone_opportunities']
2025-08-04 18:22:03,950 - feature_engineering - INFO -    Adding opportunity metrics for 212 WR players
2025-08-04 18:22:03,951 - src.features.opportunity_metrics - INFO - Enhancing existing opportunity metrics
2025-08-04 18:22:03,951 - src.features.opportunity_metrics - INFO - Found existing opportunity metrics: ['receiving_air_yards', 'target_share', 'air_yards_share', 'wopr_x', 'wopr_y']
2025-08-04 18:22:03,951 - src.features.opportunity_metrics - INFO - Air yards related columns: ['passing_air_yards', 'receiving_air_yards', 'air_yards_share', 'air_yards_per_target', 'total_air_yards']
2025-08-04 18:22:03,951 - src.features.opportunity_metrics - INFO - Enhanced opportunity metrics for 212 players
2025-08-04 18:22:03,958 - feature_engineering - INFO -    ✅ Added 4 opportunity metrics for WR: ['target_share', 'air_yards_share', 'adot', 'red_zone_opportunities']
2025-08-04 18:22:03,958 - feature_engineering - INFO -    Adding opportunity metrics for 115 TE players
2025-08-04 18:22:03,958 - src.features.opportunity_metrics - INFO - Enhancing existing opportunity metrics
2025-08-04 18:22:03,958 - src.features.opportunity_metrics - INFO - Found existing opportunity metrics: ['receiving_air_yards', 'target_share', 'air_yards_share', 'wopr_x', 'wopr_y']
2025-08-04 18:22:03,958 - src.features.opportunity_metrics - INFO - Air yards related columns: ['passing_air_yards', 'receiving_air_yards', 'air_yards_share', 'air_yards_per_target', 'total_air_yards']
2025-08-04 18:22:03,958 - src.features.opportunity_metrics - INFO - Enhanced opportunity metrics for 115 players
2025-08-04 18:22:03,964 - feature_engineering - INFO -    ✅ Added 4 opportunity metrics for TE: ['target_share', 'air_yards_share', 'adot', 'red_zone_opportunities']
2025-08-04 18:22:03,964 - feature_engineering - INFO - ✅ Opportunity metrics integration complete
2025-08-04 18:22:03,964 - feature_engineering - INFO - 📊 STEP 10: Adding Usage Analytics
2025-08-04 18:22:03,964 - feature_engineering - INFO -    Adding usage analytics for 34 RB players
2025-08-04 18:22:03,964 - src.features.usage_analytics - INFO - Calculating all usage analytics
2025-08-04 18:22:03,964 - src.features.usage_analytics - INFO - Calculating snap count metrics
2025-08-04 18:22:03,964 - src.features.usage_analytics - INFO - Loading snap count data for 2024
2025-08-04 18:22:04,126 - src.data_storage - INFO - Created player_name column from 'player' for 26600 players
2025-08-04 18:22:04,126 - src.features.usage_analytics - INFO - Loaded snap counts for 26600 player-week records
2025-08-04 18:22:04,126 - src.features.usage_analytics - INFO - Available snap data columns: ['game_id', 'pfr_game_id', 'season', 'game_type', 'week', 'player', 'pfr_player_id', 'position', 'team', 'opponent', 'offense_snaps', 'offense_pct', 'defense_snaps', 'defense_pct', 'st_snaps', 'st_pct', 'player_name']
2025-08-04 18:22:04,126 - src.features.usage_analytics - INFO - Snap data column mapping - snaps: offense_snaps, pct: offense_pct, player: player_name, team: team
2025-08-04 18:22:04,132 - src.features.usage_analytics - INFO - Calculating snaps per game using games column: games
2025-08-04 18:22:04,136 - src.features.usage_analytics - INFO - Successfully merged snap data using columns: ['player_name', 'team', 'total_snaps', 'avg_snap_share', 'snaps_per_game']
2025-08-04 18:22:04,136 - src.features.usage_analytics - INFO - Added snap metrics for 34 players
2025-08-04 18:22:04,137 - src.features.usage_analytics - INFO - Calculating usage efficiency metrics
2025-08-04 18:22:04,138 - src.features.usage_analytics - INFO - Calculated usage efficiency metrics for 34 players
2025-08-04 18:22:04,138 - src.features.usage_analytics - INFO - Calculating advanced route participation metrics
2025-08-04 18:22:05,511 - src.data_storage - INFO - Created player_name column from 'name' for 49492 players
2025-08-04 18:22:05,674 - src.features.usage_analytics - INFO - Calculated advanced route participation for 34 players
2025-08-04 18:22:05,692 - src.features.usage_analytics - INFO - Calculating situational usage metrics
2025-08-04 18:22:05,756 - src.features.usage_analytics - INFO - Calculated situational usage for 34 players
2025-08-04 18:22:05,761 - src.features.usage_analytics - INFO - Completed all usage analytics for 34 players
2025-08-04 18:22:05,811 - feature_engineering - INFO -    ✅ Added 3 usage metrics for RB: ['targets_per_snap', 'route_participation', 'high_value_touches']
2025-08-04 18:22:05,811 - feature_engineering - INFO -    Adding usage analytics for 212 WR players
2025-08-04 18:22:05,812 - src.features.usage_analytics - INFO - Calculating all usage analytics
2025-08-04 18:22:05,812 - src.features.usage_analytics - INFO - Calculating snap count metrics
2025-08-04 18:22:05,812 - src.features.usage_analytics - INFO - Available snap data columns: ['game_id', 'pfr_game_id', 'season', 'game_type', 'week', 'player', 'pfr_player_id', 'position', 'team', 'opponent', 'offense_snaps', 'offense_pct', 'defense_snaps', 'defense_pct', 'st_snaps', 'st_pct', 'player_name']
2025-08-04 18:22:05,812 - src.features.usage_analytics - INFO - Snap data column mapping - snaps: offense_snaps, pct: offense_pct, player: player_name, team: team
2025-08-04 18:22:05,816 - src.features.usage_analytics - INFO - Calculating snaps per game using games column: games
2025-08-04 18:22:05,819 - src.features.usage_analytics - INFO - Successfully merged snap data using columns: ['player_name', 'team', 'total_snaps', 'avg_snap_share', 'snaps_per_game']
2025-08-04 18:22:05,819 - src.features.usage_analytics - ERROR - Error calculating snap metrics: 'total_snaps'
2025-08-04 18:22:05,819 - src.features.usage_analytics - INFO - Calculating usage efficiency metrics
2025-08-04 18:22:05,820 - src.features.usage_analytics - INFO - Calculated usage efficiency metrics for 212 players
2025-08-04 18:22:05,820 - src.features.usage_analytics - INFO - Calculating advanced route participation metrics
2025-08-04 18:22:05,853 - src.features.usage_analytics - INFO - Calculated advanced route participation for 212 players
2025-08-04 18:22:05,853 - src.features.usage_analytics - INFO - Calculating situational usage metrics
2025-08-04 18:22:05,895 - src.features.usage_analytics - ERROR - Error calculating situational usage: 'red_zone_usage'
2025-08-04 18:22:05,900 - src.features.usage_analytics - INFO - Completed all usage analytics for 212 players
2025-08-04 18:22:05,915 - feature_engineering - INFO -    ✅ Added 3 usage metrics for WR: ['targets_per_snap', 'route_participation', 'high_value_touches']
2025-08-04 18:22:05,916 - feature_engineering - INFO -    Adding usage analytics for 115 TE players
2025-08-04 18:22:05,916 - src.features.usage_analytics - INFO - Calculating all usage analytics
2025-08-04 18:22:05,916 - src.features.usage_analytics - INFO - Calculating snap count metrics
2025-08-04 18:22:05,916 - src.features.usage_analytics - INFO - Available snap data columns: ['game_id', 'pfr_game_id', 'season', 'game_type', 'week', 'player', 'pfr_player_id', 'position', 'team', 'opponent', 'offense_snaps', 'offense_pct', 'defense_snaps', 'defense_pct', 'st_snaps', 'st_pct', 'player_name']
2025-08-04 18:22:05,916 - src.features.usage_analytics - INFO - Snap data column mapping - snaps: offense_snaps, pct: offense_pct, player: player_name, team: team
2025-08-04 18:22:05,921 - src.features.usage_analytics - INFO - Calculating snaps per game using games column: games
2025-08-04 18:22:05,923 - src.features.usage_analytics - INFO - Successfully merged snap data using columns: ['player_name', 'team', 'total_snaps', 'avg_snap_share', 'snaps_per_game']
2025-08-04 18:22:05,923 - src.features.usage_analytics - ERROR - Error calculating snap metrics: 'total_snaps'
2025-08-04 18:22:05,924 - src.features.usage_analytics - INFO - Calculating usage efficiency metrics
2025-08-04 18:22:05,924 - src.features.usage_analytics - INFO - Calculated usage efficiency metrics for 115 players
2025-08-04 18:22:05,924 - src.features.usage_analytics - INFO - Calculating advanced route participation metrics
2025-08-04 18:22:05,959 - src.features.usage_analytics - INFO - Calculated advanced route participation for 115 players
2025-08-04 18:22:05,959 - src.features.usage_analytics - INFO - Calculating situational usage metrics
2025-08-04 18:22:06,002 - src.features.usage_analytics - ERROR - Error calculating situational usage: 'red_zone_usage'
2025-08-04 18:22:06,007 - src.features.usage_analytics - INFO - Completed all usage analytics for 115 players
2025-08-04 18:22:06,022 - feature_engineering - INFO -    ✅ Added 3 usage metrics for TE: ['targets_per_snap', 'route_participation', 'high_value_touches']
2025-08-04 18:22:06,022 - feature_engineering - INFO - ✅ Usage analytics integration complete
2025-08-04 18:22:06,022 - feature_engineering - INFO - 🔧 PHASE 2: Enhanced Position-Specific Features
2025-08-04 18:22:06,023 - feature_engineering - INFO - Applying enhanced QB feature engineering to 83 players
2025-08-04 18:22:06,023 - ColumnMapper - INFO - Column mapping: 9 found, 1 missing
2025-08-04 18:22:06,023 - QBFeatureEngineer_QB - INFO - Engineering features for 83 QB records
2025-08-04 18:22:06,023 - ColumnMapper - INFO - Column mapping: 9 found, 1 missing
2025-08-04 18:22:06,024 - ColumnMapper - INFO - Column mapping: 16 found, 2 missing
2025-08-04 18:22:06,024 - ColumnMapper - INFO - Column mapping: 10 found, 0 missing
2025-08-04 18:22:06,024 - ColumnMapper - INFO - Column mapping: 5 found, 1 missing
2025-08-04 18:22:06,025 - ColumnMapper - INFO - Column mapping: 5 found, 1 missing
2025-08-04 18:22:06,026 - QBFeatureEngineer_QB - INFO - QB feature engineering completed successfully
2025-08-04 18:22:06,026 - feature_engineering - INFO - Successfully enhanced QB features: 181 total columns
2025-08-04 18:22:06,026 - feature_engineering - INFO - Applying enhanced RB feature engineering to 6 players
2025-08-04 18:22:06,026 - src.data.feature_engineering.position.rb_features - INFO - 🏈 RB FEATURE ENGINEERING START
2025-08-04 18:22:06,026 - src.data.feature_engineering.position.rb_features - INFO - ============================================================
2025-08-04 18:22:06,026 - src.data.feature_engineering.position.rb_features - INFO - Processing 6 RB players
2025-08-04 18:22:06,026 - src.data.feature_engineering.position.rb_features - INFO - Input columns: 172
2025-08-04 18:22:06,026 - src.data.feature_engineering.position.rb_features - INFO - Available RB-relevant columns (67): ['passing_yards', 'sack_yards', 'passing_air_yards', 'passing_yards_after_catch', 'rushing_yards', 'rushing_tds', 'rushing_fumbles_x', 'rushing_fumbles_lost', 'rushing_first_downs', 'rushing_epa']...
2025-08-04 18:22:06,026 - src.data.feature_engineering.position.rb_features - INFO - 1️⃣ Calculating basic efficiency metrics...
2025-08-04 18:22:06,026 - src.data.feature_engineering.position.rb_features - INFO -    📊 Calculating RB efficiency metrics...
2025-08-04 18:22:06,026 - src.data.feature_engineering.position.rb_features - INFO -       Using 'rushing_yards' for rushing_yards
2025-08-04 18:22:06,026 - src.data.feature_engineering.position.rb_features - INFO -       Using 'carries' for carries
2025-08-04 18:22:06,026 - src.data.feature_engineering.position.rb_features - INFO -       Using 'receiving_yards' for receiving_yards
2025-08-04 18:22:06,026 - src.data.feature_engineering.position.rb_features - INFO -       Using 'receptions' for receptions
2025-08-04 18:22:06,026 - src.data.feature_engineering.position.rb_features - INFO -       Using 'rushing_tds' for rushing_tds
2025-08-04 18:22:06,027 - src.data.feature_engineering.position.rb_features - INFO -       ✅ Calculated catch_rate using targets
2025-08-04 18:22:06,027 - src.data.feature_engineering.position.rb_features - INFO -    ✅ RB efficiency metrics calculated successfully
2025-08-04 18:22:06,027 - src.data.feature_engineering.position.rb_features - INFO -    ✅ Efficiency metrics complete: 6 players retained
2025-08-04 18:22:06,027 - src.data.feature_engineering.position.rb_features - INFO - 2️⃣ Calculating per-game averages...
2025-08-04 18:22:06,028 - src.data.feature_engineering.position.rb_features - INFO -    ✅ Per-game metrics complete: 6 players retained
2025-08-04 18:22:06,028 - src.data.feature_engineering.position.rb_features - INFO - 3️⃣ Calculating usage metrics...
2025-08-04 18:22:06,028 - src.data.feature_engineering.position.rb_features - INFO -    ✅ Usage metrics complete: 6 players retained
2025-08-04 18:22:06,028 - src.data.feature_engineering.position.rb_features - INFO - 4️⃣ Adding opportunity metrics...
2025-08-04 18:22:06,029 - src.data.feature_engineering.position.rb_features - INFO - Adding opportunity metrics for RBs
2025-08-04 18:22:06,029 - src.features.opportunity_metrics - INFO - Enhancing existing opportunity metrics
2025-08-04 18:22:06,029 - src.features.opportunity_metrics - INFO - Found existing opportunity metrics: ['receiving_air_yards', 'target_share', 'air_yards_share', 'wopr_x', 'wopr_y']
2025-08-04 18:22:06,029 - src.features.opportunity_metrics - INFO - Air yards related columns: ['passing_air_yards', 'receiving_air_yards', 'air_yards_share', 'air_yards_per_target', 'total_air_yards']
2025-08-04 18:22:06,029 - src.features.opportunity_metrics - INFO - Enhanced opportunity metrics for 6 players
2025-08-04 18:22:06,030 - src.data.feature_engineering.position.rb_features - INFO - Successfully added opportunity metrics to 6 RB players
2025-08-04 18:22:06,030 - src.data.feature_engineering.position.rb_features - INFO -    ✅ Opportunity metrics complete: 6 players retained
2025-08-04 18:22:06,030 - src.data.feature_engineering.position.rb_features - INFO - 5️⃣ Adding usage analytics...
2025-08-04 18:22:06,030 - src.data.feature_engineering.position.rb_features - INFO - Adding usage analytics for RBs
2025-08-04 18:22:06,030 - src.features.usage_analytics - INFO - Calculating all usage analytics
2025-08-04 18:22:06,030 - src.features.usage_analytics - INFO - Calculating snap count metrics
2025-08-04 18:22:06,030 - src.features.usage_analytics - INFO - Loading snap count data for 2024
2025-08-04 18:22:06,167 - src.data_storage - INFO - Created player_name column from 'player' for 26600 players
2025-08-04 18:22:06,167 - src.features.usage_analytics - INFO - Loaded snap counts for 26600 player-week records
2025-08-04 18:22:06,167 - src.features.usage_analytics - INFO - Available snap data columns: ['game_id', 'pfr_game_id', 'season', 'game_type', 'week', 'player', 'pfr_player_id', 'position', 'team', 'opponent', 'offense_snaps', 'offense_pct', 'defense_snaps', 'defense_pct', 'st_snaps', 'st_pct', 'player_name']
2025-08-04 18:22:06,167 - src.features.usage_analytics - INFO - Snap data column mapping - snaps: offense_snaps, pct: offense_pct, player: player_name, team: team
2025-08-04 18:22:06,174 - src.features.usage_analytics - INFO - Calculating snaps per game using games column: games
2025-08-04 18:22:06,177 - src.features.usage_analytics - INFO - Successfully merged snap data using columns: ['player_name', 'team', 'total_snaps', 'avg_snap_share', 'snaps_per_game']
2025-08-04 18:22:06,177 - src.features.usage_analytics - ERROR - Error calculating snap metrics: 'total_snaps'
2025-08-04 18:22:06,178 - src.features.usage_analytics - INFO - Calculating usage efficiency metrics
2025-08-04 18:22:06,179 - src.features.usage_analytics - INFO - Calculated usage efficiency metrics for 6 players
2025-08-04 18:22:06,179 - src.features.usage_analytics - INFO - Calculating advanced route participation metrics
2025-08-04 18:22:07,543 - src.data_storage - INFO - Created player_name column from 'name' for 49492 players
2025-08-04 18:22:07,710 - src.features.usage_analytics - INFO - Calculated advanced route participation for 6 players
2025-08-04 18:22:07,728 - src.features.usage_analytics - INFO - Calculating situational usage metrics
2025-08-04 18:22:07,770 - src.features.usage_analytics - ERROR - Error calculating situational usage: 'red_zone_usage'
2025-08-04 18:22:07,776 - src.features.usage_analytics - INFO - Completed all usage analytics for 6 players
2025-08-04 18:22:07,776 - src.data.feature_engineering.position.rb_features - INFO - Successfully added usage analytics to 6 RB players
2025-08-04 18:22:07,785 - src.data.feature_engineering.position.rb_features - INFO -    ✅ Usage analytics complete: 6 players retained
2025-08-04 18:22:07,785 - src.data.feature_engineering.position.rb_features - INFO - 6️⃣ Calculating advanced RB metrics...
2025-08-04 18:22:07,788 - src.data.feature_engineering.position.rb_features - INFO -    ✅ Advanced metrics complete: 6 players retained
2025-08-04 18:22:07,788 - src.data.feature_engineering.position.rb_features - INFO - ✅ No RB players lost during feature engineering
2025-08-04 18:22:07,788 - src.data.feature_engineering.position.rb_features - INFO - 🏈 RB FEATURE ENGINEERING COMPLETE
2025-08-04 18:22:07,788 - src.data.feature_engineering.position.rb_features - INFO -    Final players: 6
2025-08-04 18:22:07,788 - src.data.feature_engineering.position.rb_features - INFO -    Final features: 201
2025-08-04 18:22:07,788 - src.data.feature_engineering.position.rb_features - INFO - ============================================================
2025-08-04 18:22:07,788 - feature_engineering - INFO - Successfully enhanced RB features: 201 total columns
2025-08-04 18:22:07,789 - feature_engineering - INFO - Applying enhanced WR feature engineering to 76 players
2025-08-04 18:22:07,789 - src.data.feature_engineering.position.wr_features - INFO - Engineering features for 76 WR players
2025-08-04 18:22:07,790 - src.data.feature_engineering.position.wr_features - INFO - Adding opportunity metrics for WRs
2025-08-04 18:22:07,790 - src.features.opportunity_metrics - INFO - Enhancing existing opportunity metrics
2025-08-04 18:22:07,791 - src.features.opportunity_metrics - INFO - Found existing opportunity metrics: ['receiving_air_yards', 'target_share', 'air_yards_share', 'wopr_x', 'wopr_y']
2025-08-04 18:22:07,791 - src.features.opportunity_metrics - INFO - Air yards related columns: ['passing_air_yards', 'receiving_air_yards', 'air_yards_share', 'air_yards_per_target', 'total_air_yards']
2025-08-04 18:22:07,791 - src.features.opportunity_metrics - INFO - Enhanced opportunity metrics for 76 players
2025-08-04 18:22:07,792 - src.data.feature_engineering.position.wr_features - INFO - Adding usage analytics for WRs
2025-08-04 18:22:07,792 - src.features.usage_analytics - INFO - Calculating all usage analytics
2025-08-04 18:22:07,792 - src.features.usage_analytics - INFO - Calculating snap count metrics
2025-08-04 18:22:07,792 - src.features.usage_analytics - INFO - Loading snap count data for 2024
2025-08-04 18:22:07,929 - src.data_storage - INFO - Created player_name column from 'player' for 26600 players
2025-08-04 18:22:07,929 - src.features.usage_analytics - INFO - Loaded snap counts for 26600 player-week records
2025-08-04 18:22:07,929 - src.features.usage_analytics - INFO - Available snap data columns: ['game_id', 'pfr_game_id', 'season', 'game_type', 'week', 'player', 'pfr_player_id', 'position', 'team', 'opponent', 'offense_snaps', 'offense_pct', 'defense_snaps', 'defense_pct', 'st_snaps', 'st_pct', 'player_name']
2025-08-04 18:22:07,929 - src.features.usage_analytics - INFO - Snap data column mapping - snaps: offense_snaps, pct: offense_pct, player: player_name, team: team
2025-08-04 18:22:07,934 - src.features.usage_analytics - INFO - Calculating snaps per game using games column: games
2025-08-04 18:22:07,938 - src.features.usage_analytics - INFO - Successfully merged snap data using columns: ['player_name', 'team', 'total_snaps', 'avg_snap_share', 'snaps_per_game']
2025-08-04 18:22:07,938 - src.features.usage_analytics - ERROR - Error calculating snap metrics: 'total_snaps'
2025-08-04 18:22:07,938 - src.features.usage_analytics - INFO - Calculating usage efficiency metrics
2025-08-04 18:22:07,939 - src.features.usage_analytics - INFO - Calculated usage efficiency metrics for 76 players
2025-08-04 18:22:07,939 - src.features.usage_analytics - INFO - Calculating advanced route participation metrics
2025-08-04 18:22:09,347 - src.data_storage - INFO - Created player_name column from 'name' for 49492 players
2025-08-04 18:22:09,513 - src.features.usage_analytics - INFO - Calculated advanced route participation for 76 players
2025-08-04 18:22:09,531 - src.features.usage_analytics - INFO - Calculating situational usage metrics
2025-08-04 18:22:09,573 - src.features.usage_analytics - ERROR - Error calculating situational usage: 'red_zone_usage'
2025-08-04 18:22:09,578 - src.features.usage_analytics - INFO - Completed all usage analytics for 76 players
2025-08-04 18:22:09,589 - src.data.feature_engineering.position.wr_features - INFO - Completed WR feature engineering with 189 total features
2025-08-04 18:22:09,589 - feature_engineering - INFO - Successfully enhanced WR features: 189 total columns
2025-08-04 18:22:09,589 - feature_engineering - INFO - Applying enhanced TE feature engineering to 19 players
2025-08-04 18:22:09,589 - src.data.feature_engineering.position.te_features - INFO - Engineering features for 19 TE players
2025-08-04 18:22:09,591 - src.data.feature_engineering.position.te_features - INFO - Adding opportunity metrics for TEs
2025-08-04 18:22:09,591 - src.features.opportunity_metrics - INFO - Enhancing existing opportunity metrics
2025-08-04 18:22:09,591 - src.features.opportunity_metrics - INFO - Found existing opportunity metrics: ['receiving_air_yards', 'target_share', 'air_yards_share', 'wopr_x', 'wopr_y']
2025-08-04 18:22:09,591 - src.features.opportunity_metrics - INFO - Air yards related columns: ['passing_air_yards', 'receiving_air_yards', 'air_yards_share', 'air_yards_per_target', 'total_air_yards']
2025-08-04 18:22:09,591 - src.features.opportunity_metrics - INFO - Enhanced opportunity metrics for 19 players
2025-08-04 18:22:09,592 - src.data.feature_engineering.position.te_features - INFO - Adding usage analytics for TEs
2025-08-04 18:22:09,592 - src.features.usage_analytics - INFO - Calculating all usage analytics
2025-08-04 18:22:09,593 - src.features.usage_analytics - INFO - Calculating snap count metrics
2025-08-04 18:22:09,593 - src.features.usage_analytics - INFO - Loading snap count data for 2024
2025-08-04 18:22:09,753 - src.data_storage - INFO - Created player_name column from 'player' for 26600 players
2025-08-04 18:22:09,753 - src.features.usage_analytics - INFO - Loaded snap counts for 26600 player-week records
2025-08-04 18:22:09,753 - src.features.usage_analytics - INFO - Available snap data columns: ['game_id', 'pfr_game_id', 'season', 'game_type', 'week', 'player', 'pfr_player_id', 'position', 'team', 'opponent', 'offense_snaps', 'offense_pct', 'defense_snaps', 'defense_pct', 'st_snaps', 'st_pct', 'player_name']
2025-08-04 18:22:09,753 - src.features.usage_analytics - INFO - Snap data column mapping - snaps: offense_snaps, pct: offense_pct, player: player_name, team: team
2025-08-04 18:22:09,760 - src.features.usage_analytics - INFO - Calculating snaps per game using games column: games
2025-08-04 18:22:09,763 - src.features.usage_analytics - INFO - Successfully merged snap data using columns: ['player_name', 'team', 'total_snaps', 'avg_snap_share', 'snaps_per_game']
2025-08-04 18:22:09,764 - src.features.usage_analytics - ERROR - Error calculating snap metrics: 'total_snaps'
2025-08-04 18:22:09,764 - src.features.usage_analytics - INFO - Calculating usage efficiency metrics
2025-08-04 18:22:09,765 - src.features.usage_analytics - INFO - Calculated usage efficiency metrics for 19 players
2025-08-04 18:22:09,765 - src.features.usage_analytics - INFO - Calculating advanced route participation metrics
2025-08-04 18:22:11,125 - src.data_storage - INFO - Created player_name column from 'name' for 49492 players
2025-08-04 18:22:11,293 - src.features.usage_analytics - INFO - Calculated advanced route participation for 19 players
2025-08-04 18:22:11,311 - src.features.usage_analytics - INFO - Calculating situational usage metrics
2025-08-04 18:22:11,352 - src.features.usage_analytics - ERROR - Error calculating situational usage: 'red_zone_usage'
2025-08-04 18:22:11,356 - src.features.usage_analytics - INFO - Completed all usage analytics for 19 players
2025-08-04 18:22:11,368 - src.data.feature_engineering.position.te_features - INFO - Completed TE feature engineering with 192 total features
2025-08-04 18:22:11,368 - feature_engineering - INFO - Successfully enhanced TE features: 192 total columns
2025-08-04 18:22:11,368 - feature_engineering - INFO - 🔄 POSITION-AWARE FEATURE COMBINATION START
2025-08-04 18:22:11,368 - feature_engineering - INFO - ======================================================================
2025-08-04 18:22:11,369 - feature_engineering - INFO - Combining 4 position DataFrames with 184 total players
2025-08-04 18:22:11,369 - feature_engineering - INFO -   DataFrame 1: 83 players, 181 features, positions: ['QB']
2025-08-04 18:22:11,369 - feature_engineering - INFO -   DataFrame 2: 6 players, 201 features, positions: ['RB']
2025-08-04 18:22:11,369 - feature_engineering - INFO -   DataFrame 3: 76 players, 189 features, positions: ['WR']
2025-08-04 18:22:11,369 - feature_engineering - INFO -   DataFrame 4: 19 players, 192 features, positions: ['TE']
2025-08-04 18:22:11,369 - feature_engineering - INFO - 📊 Total unique columns across all positions: 233
2025-08-04 18:22:11,369 - feature_engineering - INFO - 📋 Position-specific feature categories:
2025-08-04 18:22:11,370 - feature_engineering - INFO -    QB_specific: 27 features
2025-08-04 18:22:11,370 - feature_engineering - INFO -       ['avg_completion_probability', 'completion_percentage', 'interception_percentage']... (+24 more)
2025-08-04 18:22:11,370 - feature_engineering - INFO -    RB_specific: 5 features
2025-08-04 18:22:11,370 - feature_engineering - INFO -       ['early_down_rate', 'pass_catching_back', 'rb_age_factor', 'rb_role', 'workhorse_indicator']
2025-08-04 18:22:11,370 - feature_engineering - INFO -    WR_specific: 3 features
2025-08-04 18:22:11,370 - feature_engineering - INFO -       ['contested_catch_rate', 'deep_target_indicator', 'deep_target_rate']
2025-08-04 18:22:11,370 - feature_engineering - INFO -    TE_specific: 12 features
2025-08-04 18:22:11,370 - feature_engineering - INFO -       ['blocking_snap_estimate', 'inline_usage_estimate', 'intermediate_target_rate']... (+9 more)
2025-08-04 18:22:11,370 - feature_engineering - INFO -    skill_position_common: 63 features
2025-08-04 18:22:11,370 - feature_engineering - INFO -       ['adot', 'air_yards_dominance', 'air_yards_efficiency']... (+60 more)
2025-08-04 18:22:11,370 - feature_engineering - INFO -    universal: 123 features
2025-08-04 18:22:11,370 - feature_engineering - INFO -       ['age', 'attempts', 'attempts_L1']... (+120 more)
2025-08-04 18:22:11,370 - feature_engineering - INFO - 🔧 Normalizing DataFrame 1...
2025-08-04 18:22:11,370 - feature_engineering - INFO -    Processing positions: ['QB']
2025-08-04 18:22:11,370 - feature_engineering - INFO -    Adding 52 missing columns...
2025-08-04 18:22:11,373 - feature_engineering - INFO -    ✅ Normalized to 233 columns
2025-08-04 18:22:11,373 - feature_engineering - INFO - 🔧 Normalizing DataFrame 2...
2025-08-04 18:22:11,373 - feature_engineering - INFO -    Processing positions: ['RB']
2025-08-04 18:22:11,373 - feature_engineering - INFO -    Adding 32 missing columns...
2025-08-04 18:22:11,375 - feature_engineering - INFO -    ✅ Normalized to 233 columns
2025-08-04 18:22:11,375 - feature_engineering - INFO - 🔧 Normalizing DataFrame 3...
2025-08-04 18:22:11,375 - feature_engineering - INFO -    Processing positions: ['WR']
2025-08-04 18:22:11,375 - feature_engineering - INFO -    Adding 44 missing columns...
2025-08-04 18:22:11,378 - feature_engineering - INFO -    ✅ Normalized to 233 columns
2025-08-04 18:22:11,378 - feature_engineering - INFO - 🔧 Normalizing DataFrame 4...
2025-08-04 18:22:11,378 - feature_engineering - INFO -    Processing positions: ['TE']
2025-08-04 18:22:11,378 - feature_engineering - INFO -    Adding 41 missing columns...
2025-08-04 18:22:11,380 - feature_engineering - INFO -    ✅ Normalized to 233 columns
2025-08-04 18:22:11,380 - feature_engineering - INFO - 🔗 Concatenating normalized DataFrames...
2025-08-04 18:22:11,386 - feature_engineering - INFO - 🧹 Cleaning up null values in position-specific features...
2025-08-04 18:22:11,401 - feature_engineering - INFO -    Null values: 7951 → 0 (cleaned 7951)
2025-08-04 18:22:11,401 - feature_engineering - INFO - ✅ POSITION-AWARE COMBINATION COMPLETE
2025-08-04 18:22:11,401 - feature_engineering - INFO -    Final DataFrame: 184 players, 233 features
2025-08-04 18:22:11,401 - feature_engineering - INFO -    Final position breakdown: {'QB': 83, 'WR': 76, 'TE': 19, 'RB': 6}
2025-08-04 18:22:11,401 - feature_engineering - INFO -    ✅ QB: 83 players (no loss)
2025-08-04 18:22:11,401 - feature_engineering - INFO -    ✅ RB: 6 players (no loss)
2025-08-04 18:22:11,401 - feature_engineering - INFO -    ✅ WR: 76 players (no loss)
2025-08-04 18:22:11,401 - feature_engineering - INFO -    ✅ TE: 19 players (no loss)
2025-08-04 18:22:11,401 - feature_engineering - INFO - 🧹 CLEANING POSITION-SPECIFIC FEATURE CONTAMINATION
2025-08-04 18:22:11,411 - feature_engineering - INFO - ✅ Cleaned 424 total contaminated values across all positions
2025-08-04 18:22:11,411 - feature_engineering - INFO - 🔍 FEATURE CONTAMINATION CHECK
2025-08-04 18:22:11,412 - feature_engineering - INFO -    ✅ QB: No contamination detected
2025-08-04 18:22:11,414 - feature_engineering - INFO -    ✅ RB: No contamination detected
2025-08-04 18:22:11,415 - feature_engineering - INFO -    ✅ WR: No contamination detected
2025-08-04 18:22:11,417 - feature_engineering - INFO -    ✅ TE: No contamination detected
2025-08-04 18:22:11,417 - feature_engineering - INFO - 🎉 No feature contamination detected across any positions!
2025-08-04 18:22:11,417 - feature_engineering - INFO - ======================================================================
2025-08-04 18:22:11,417 - feature_engineering - INFO - ✅ Combined position-specific features: 184 players, 233 features
2025-08-04 18:22:11,419 - feature_engineering - INFO - Successfully merged target variable 'fantasy_points_ppr' for prediction season 2024.
2025-08-04 18:22:11,420 - feature_engineering - INFO - ================================================================================
2025-08-04 18:22:11,420 - feature_engineering - INFO - 🎯 COMPREHENSIVE FEATURE ENGINEERING SUMMARY
2025-08-04 18:22:11,420 - feature_engineering - INFO - ================================================================================
2025-08-04 18:22:11,420 - feature_engineering - INFO - 📊 Total Players: 184
2025-08-04 18:22:11,420 - feature_engineering - INFO - 📊 Total Features: 238
2025-08-04 18:22:11,420 - feature_engineering - INFO -    • Opportunity Metrics: 14
2025-08-04 18:22:11,420 - feature_engineering - INFO -    • Usage Analytics: 5
2025-08-04 18:22:11,420 - feature_engineering - INFO -    • Position-Specific: 2
2025-08-04 18:22:11,420 - feature_engineering - INFO -    • Matchup Intelligence: 0
2025-08-04 18:22:11,420 - feature_engineering - INFO - 🔍 Key Feature Validation:
2025-08-04 18:22:11,420 - feature_engineering - INFO -    • target_share: 14 non-zero (avg: 0.009)
2025-08-04 18:22:11,420 - feature_engineering - INFO -    • air_yards_share: 109 non-zero (avg: 0.911)
2025-08-04 18:22:11,420 - feature_engineering - INFO -    • red_zone_opportunities: 0 non-zero (avg: 0.000)
2025-08-04 18:22:11,420 - feature_engineering - INFO - 🏗️  Feature Enhancement Status:
2025-08-04 18:22:11,420 - feature_engineering - INFO -    ✅ Opportunity Metrics
2025-08-04 18:22:11,420 - feature_engineering - INFO -    ✅ Position-Specific Features
2025-08-04 18:22:11,420 - feature_engineering - INFO -    ❌ Matchup Intelligence
2025-08-04 18:22:11,420 - feature_engineering - INFO - 🔖 Feature Engineering Version: v2_integrated
2025-08-04 18:22:11,421 - feature_engineering - INFO - 
2025-08-04 18:22:11,421 - feature_engineering - INFO - 🔍 DETAILED COMPONENT STATUS REPORT
2025-08-04 18:22:11,421 - feature_engineering - INFO - --------------------------------------------------------------------------------
2025-08-04 18:22:11,421 - feature_engineering - INFO - 📊 Core Features:
2025-08-04 18:22:11,421 - feature_engineering - INFO -    ✅ Per-game statistics: SUCCESSFUL
2025-08-04 18:22:11,421 - feature_engineering - INFO -    ✅ Efficiency metrics: SUCCESSFUL
2025-08-04 18:22:11,421 - feature_engineering - INFO -    ✅ Team aggregates: SUCCESSFUL
2025-08-04 18:22:11,421 - feature_engineering - INFO -    ✅ Usage metrics: SUCCESSFUL
2025-08-04 18:22:11,421 - feature_engineering - INFO -    ✅ Lagged features: SUCCESSFUL
2025-08-04 18:22:11,421 - feature_engineering - INFO -    ✅ Age calculation: SUCCESSFUL
2025-08-04 18:22:11,421 - feature_engineering - INFO -    ✅ Rookie handling: SUCCESSFUL
2025-08-04 18:22:11,421 - feature_engineering - INFO - 🎯 Enhanced Features:
2025-08-04 18:22:11,421 - feature_engineering - INFO -    ✅ Opportunity Metrics: SUCCESSFUL (14 features)
2025-08-04 18:22:11,421 - feature_engineering - INFO -       • Target share, WOPR, air yards share calculations
2025-08-04 18:22:11,421 - feature_engineering - INFO -       • Applied to 3 skill positions
2025-08-04 18:22:11,421 - feature_engineering - INFO -    ✅ Usage Analytics: SUCCESSFUL (5 features)
2025-08-04 18:22:11,421 - feature_engineering - INFO -       • Snap share, route participation, high-value touches
2025-08-04 18:22:11,421 - feature_engineering - INFO -       • Applied to 3 skill positions
2025-08-04 18:22:11,421 - feature_engineering - INFO -    ✅ Position-Specific Features: SUCCESSFUL (2 features)
2025-08-04 18:22:11,421 - feature_engineering - INFO -       • Enhanced position-specific engineering completed
2025-08-04 18:22:11,421 - feature_engineering - INFO -       • Applied to QB, RB, WR, TE positions
2025-08-04 18:22:11,421 - feature_engineering - INFO -    ⚪ Matchup Intelligence: DISABLED (not requested)
2025-08-04 18:22:11,421 - feature_engineering - INFO - 
2025-08-04 18:22:11,421 - feature_engineering - INFO - 📋 Data Quality Report:
2025-08-04 18:22:11,421 - feature_engineering - INFO -    • Total players processed: 184
2025-08-04 18:22:11,423 - feature_engineering - INFO -    • Players with complete data: 140
2025-08-04 18:22:11,424 - feature_engineering - INFO -    • Missing data percentage: 0.1%
2025-08-04 18:22:11,424 - feature_engineering - INFO -    • Position breakdown: {'QB': 83, 'WR': 76, 'TE': 19, 'RB': 6}
2025-08-04 18:22:11,424 - feature_engineering - INFO - 
2025-08-04 18:22:11,424 - feature_engineering - INFO - 🏆 FEATURE ENGINEERING SUCCESS RATE: 75.0% (3/4 components)
2025-08-04 18:22:11,424 - feature_engineering - INFO - ✅ EXCELLENT! Most components executed successfully.
2025-08-04 18:22:11,424 - feature_engineering - INFO - ================================================================================
2025-08-04 21:42:32,315 - src.data_storage - INFO - Loading raw data for 2024 season from /Users/jihoonsong/Documents/projects/fantasy_draft_engine/data/raw/player_season_2024.parquet
2025-08-04 21:42:32,320 - current_data_pipeline - INFO - ✅ Loaded existing enhanced 2024 data: 569 records with advanced features
2025-08-04 21:42:32,320 - current_data_pipeline - INFO - 📊 PBP Features: 14 features - ['completions', 'passing_air_yards', 'passing_epa']...
2025-08-04 21:42:32,320 - current_data_pipeline - INFO - 📊 Snap Features: 4 features - ['total_offense_snaps', 'avg_offense_snap_pct', 'total_defense_snaps']...
2025-08-04 21:42:32,320 - current_data_pipeline - INFO - 📊 Basic Features: 5 features - ['carries', 'rushing_yards', 'receptions']...
2025-08-04 21:42:32,320 - current_data_pipeline - INFO - Fetching current roster assignments for 2024
2025-08-04 21:42:32,713 - current_data_pipeline - INFO - Successfully loaded 3215 current roster assignments
2025-08-04 21:42:32,714 - current_data_pipeline - INFO - ✅ Austin Ekeler: WAS RB
2025-08-04 21:42:32,714 - current_data_pipeline - INFO - ✅ Christian McCaffrey: SF RB
2025-08-04 21:42:32,715 - current_data_pipeline - INFO - ✅ Justin Jefferson: MIN WR
2025-08-04 21:42:32,716 - current_data_pipeline - INFO - Filtered rosters to 129 QB players
2025-08-04 21:42:32,716 - current_data_pipeline - INFO - Updating data with current team assignments
2025-08-04 21:42:32,719 - current_data_pipeline - INFO - ✅ Merge preserved all players: 569 → 569
2025-08-04 21:42:32,720 - current_data_pipeline - INFO - Cleaned up 4 suffix columns: ['position_old', 'player_name_old', 'player_name_current']...
2025-08-04 21:42:32,720 - current_data_pipeline - INFO - 🔍 Roster matching: 569/569 players have current roster data
2025-08-04 21:42:32,720 - current_data_pipeline - INFO - ✅ Team assignment update successful for 569 players
2025-08-04 21:42:32,721 - current_data_pipeline - INFO - Position filter: 78 QB players
2025-08-04 21:42:32,721 - current_data_pipeline - INFO - 🔧 Applying advanced feature engineering to 78 QB players
2025-08-04 21:42:32,721 - current_data_pipeline - INFO - 🧮 Adding calculated features to bridge ML feature gap
2025-08-04 21:42:32,721 - current_data_pipeline - INFO - 📊 Calculating per-game metrics using games
2025-08-04 21:42:32,726 - current_data_pipeline - INFO - ✅ Added 39 calculated features
2025-08-04 21:42:32,726 - current_data_pipeline - INFO - ✅ Applied calculated features (per-game metrics and efficiency ratios)
2025-08-04 21:42:32,726 - current_data_pipeline - INFO - 📈 Adding lagged features from 2023 season
2025-08-04 21:42:32,726 - current_data_pipeline - INFO - Loading 2023 season data for lagged features
2025-08-04 21:42:32,726 - src.data_storage - INFO - Loading raw data for 2023 season from /Users/jihoonsong/Documents/projects/fantasy_draft_engine/data/raw/player_season_2023.parquet
2025-08-04 21:42:32,731 - current_data_pipeline - INFO - Loaded 559 players from 2023 season
2025-08-04 21:42:32,733 - current_data_pipeline - INFO - Merging 18 lagged features with current data
2025-08-04 21:42:32,736 - current_data_pipeline - INFO - ✅ Added 26 lagged features (18 direct + 8 derived)
2025-08-04 21:42:32,737 - current_data_pipeline - INFO - 📊 Lagged data matched for 42/78 players
2025-08-04 21:42:32,737 - current_data_pipeline - INFO - ✅ Applied lagged features from previous season
2025-08-04 21:42:32,737 - src.features.opportunity_metrics - INFO - Enhancing existing opportunity metrics
2025-08-04 21:42:32,737 - src.features.opportunity_metrics - INFO - Found existing opportunity metrics: ['receiving_air_yards', 'target_share', 'air_yards_share', 'wopr_x', 'wopr_y']
2025-08-04 21:42:32,737 - src.features.opportunity_metrics - INFO - Air yards related columns: ['passing_air_yards', 'receiving_air_yards', 'air_yards_share', 'air_yards_per_target', 'total_air_yards']
2025-08-04 21:42:32,737 - src.features.opportunity_metrics - INFO - Calculated aDOT from existing air yards data
2025-08-04 21:42:32,737 - src.features.opportunity_metrics - INFO - Calculated enhanced WOPR from existing metrics
2025-08-04 21:42:32,737 - src.features.opportunity_metrics - INFO - Calculating red zone opportunities
2025-08-04 21:42:32,737 - src.features.opportunity_metrics - INFO - Loading play-by-play data for 2024
2025-08-04 21:42:34,417 - src.data_storage - INFO - Created player_name column from 'name' for 49492 players
2025-08-04 21:42:34,544 - src.features.opportunity_metrics - INFO - Loaded 17748 passing plays with column mapping
2025-08-04 21:42:34,544 - src.features.opportunity_metrics - INFO - Using columns - play_type: play_type, air_yards: air_yards, receiver: receiver_player_name
2025-08-04 21:42:34,575 - src.features.opportunity_metrics - INFO - Calculated red zone opportunities for 78 players
2025-08-04 21:42:34,578 - src.features.opportunity_metrics - INFO - Enhanced opportunity metrics for 78 players
2025-08-04 21:42:34,578 - current_data_pipeline - INFO - ✅ Applied opportunity metrics enhancement
2025-08-04 21:42:34,578 - src.features.usage_analytics - INFO - Calculating all usage analytics
2025-08-04 21:42:34,578 - src.features.usage_analytics - INFO - Calculating snap count metrics
2025-08-04 21:42:34,579 - src.features.usage_analytics - INFO - Loading snap count data for 2024
2025-08-04 21:42:34,826 - src.data_storage - INFO - Created player_name column from 'player' for 26600 players
2025-08-04 21:42:34,826 - src.features.usage_analytics - INFO - Loaded snap counts for 26600 player-week records
2025-08-04 21:42:34,826 - src.features.usage_analytics - INFO - Available snap data columns: ['game_id', 'pfr_game_id', 'season', 'game_type', 'week', 'player', 'pfr_player_id', 'position', 'team', 'opponent', 'offense_snaps', 'offense_pct', 'defense_snaps', 'defense_pct', 'st_snaps', 'st_pct', 'player_name']
2025-08-04 21:42:34,826 - src.features.usage_analytics - INFO - Snap data column mapping - snaps: offense_snaps, pct: offense_pct, player: player_name, team: team
2025-08-04 21:42:34,833 - src.features.usage_analytics - INFO - Calculating snaps per game using games column: games
2025-08-04 21:42:34,838 - src.features.usage_analytics - INFO - Successfully merged snap data using columns: ['player_name', 'team', 'total_snaps', 'avg_snap_share', 'snaps_per_game']
2025-08-04 21:42:34,838 - src.features.usage_analytics - INFO - Added snap metrics for 78 players
2025-08-04 21:42:34,838 - src.features.usage_analytics - INFO - Calculating usage efficiency metrics
2025-08-04 21:42:34,840 - src.features.usage_analytics - INFO - Calculated usage efficiency metrics for 78 players
2025-08-04 21:42:34,840 - src.features.usage_analytics - INFO - Calculating advanced route participation metrics
2025-08-04 21:42:36,266 - src.data_storage - INFO - Created player_name column from 'name' for 49492 players
2025-08-04 21:42:36,431 - src.features.usage_analytics - INFO - Calculated advanced route participation for 78 players
2025-08-04 21:42:36,449 - src.features.usage_analytics - INFO - Calculating situational usage metrics
2025-08-04 21:42:36,514 - src.features.usage_analytics - INFO - Calculated situational usage for 78 players
2025-08-04 21:42:36,519 - src.features.usage_analytics - INFO - Completed all usage analytics for 78 players
2025-08-04 21:42:36,519 - current_data_pipeline - INFO - ✅ Applied usage analytics enhancement
2025-08-04 21:42:36,519 - current_data_pipeline - INFO - 🎯 Applying position-specific feature engineering for QB
2025-08-04 21:42:36,520 - ColumnMapper - INFO - Column mapping: 9 found, 1 missing
2025-08-04 21:42:36,520 - QBFeatureEngineer_QB - INFO - Engineering features for 78 QB records
2025-08-04 21:42:36,520 - ColumnMapper - INFO - Column mapping: 9 found, 1 missing
2025-08-04 21:42:36,521 - ColumnMapper - INFO - Column mapping: 11 found, 7 missing
2025-08-04 21:42:36,521 - ColumnMapper - INFO - Column mapping: 10 found, 0 missing
2025-08-04 21:42:36,521 - ColumnMapper - INFO - Column mapping: 5 found, 1 missing
2025-08-04 21:42:36,522 - ColumnMapper - INFO - Column mapping: 5 found, 1 missing
2025-08-04 21:42:36,522 - QBFeatureEngineer_QB - INFO - QB feature engineering completed successfully
2025-08-04 21:42:36,523 - current_data_pipeline - INFO - ✅ Applied QB-specific feature engineering
2025-08-04 21:42:36,523 - current_data_pipeline - INFO - 🔢 Final feature count: 177 features for ML prediction
2025-08-04 21:42:36,525 - current_data_pipeline - INFO - ✅ Created enhanced current inference dataset: 78 records with advanced features
2025-08-04 21:42:36,934 - current_data_pipeline - INFO - Creating enhanced current inference dataset for RB
2025-08-04 21:42:36,935 - current_data_pipeline - INFO - Fetching enhanced current season performance data for 2024
2025-08-04 21:42:36,935 - src.data_storage - INFO - Loading raw data for 2024 season from /Users/jihoonsong/Documents/projects/fantasy_draft_engine/data/raw/player_season_2024.parquet
2025-08-04 21:42:36,940 - current_data_pipeline - INFO - ✅ Loaded existing enhanced 2024 data: 569 records with advanced features
2025-08-04 21:42:36,940 - current_data_pipeline - INFO - 📊 PBP Features: 14 features - ['completions', 'passing_air_yards', 'passing_epa']...
2025-08-04 21:42:36,940 - current_data_pipeline - INFO - 📊 Snap Features: 4 features - ['total_offense_snaps', 'avg_offense_snap_pct', 'total_defense_snaps']...
2025-08-04 21:42:36,940 - current_data_pipeline - INFO - 📊 Basic Features: 5 features - ['carries', 'rushing_yards', 'receptions']...
2025-08-04 21:42:36,940 - current_data_pipeline - INFO - Fetching current roster assignments for 2024
2025-08-04 21:42:37,326 - current_data_pipeline - INFO - Successfully loaded 3215 current roster assignments
2025-08-04 21:42:37,327 - current_data_pipeline - INFO - ✅ Austin Ekeler: WAS RB
2025-08-04 21:42:37,328 - current_data_pipeline - INFO - ✅ Christian McCaffrey: SF RB
2025-08-04 21:42:37,328 - current_data_pipeline - INFO - ✅ Justin Jefferson: MIN WR
2025-08-04 21:42:37,330 - current_data_pipeline - INFO - Filtered rosters to 233 RB players
2025-08-04 21:42:37,330 - current_data_pipeline - INFO - Updating data with current team assignments
2025-08-04 21:42:37,332 - current_data_pipeline - INFO - ✅ Merge preserved all players: 569 → 569
2025-08-04 21:42:37,333 - current_data_pipeline - INFO - Cleaned up 4 suffix columns: ['position_old', 'player_name_old', 'player_name_current']...
2025-08-04 21:42:37,333 - current_data_pipeline - INFO - 🔍 Roster matching: 569/569 players have current roster data
2025-08-04 21:42:37,333 - current_data_pipeline - INFO - ✅ Team assignment update successful for 569 players
2025-08-04 21:42:37,334 - current_data_pipeline - INFO - Position filter: 145 RB players
2025-08-04 21:42:37,334 - current_data_pipeline - INFO - 🔧 Applying advanced feature engineering to 145 RB players
2025-08-04 21:42:37,334 - current_data_pipeline - INFO - 🧮 Adding calculated features to bridge ML feature gap
2025-08-04 21:42:37,334 - current_data_pipeline - INFO - 📊 Calculating per-game metrics using games
2025-08-04 21:42:37,339 - current_data_pipeline - INFO - ✅ Added 39 calculated features
2025-08-04 21:42:37,339 - current_data_pipeline - INFO - ✅ Applied calculated features (per-game metrics and efficiency ratios)
2025-08-04 21:42:37,339 - current_data_pipeline - INFO - 📈 Adding lagged features from 2023 season
2025-08-04 21:42:37,339 - current_data_pipeline - INFO - Loading 2023 season data for lagged features
2025-08-04 21:42:37,339 - src.data_storage - INFO - Loading raw data for 2023 season from /Users/jihoonsong/Documents/projects/fantasy_draft_engine/data/raw/player_season_2023.parquet
2025-08-04 21:42:37,344 - current_data_pipeline - INFO - Loaded 559 players from 2023 season
2025-08-04 21:42:37,346 - current_data_pipeline - INFO - Merging 18 lagged features with current data
2025-08-04 21:42:37,350 - current_data_pipeline - INFO - ✅ Added 26 lagged features (18 direct + 8 derived)
2025-08-04 21:42:37,350 - current_data_pipeline - INFO - 📊 Lagged data matched for 84/145 players
2025-08-04 21:42:37,351 - current_data_pipeline - INFO - ✅ Applied lagged features from previous season
2025-08-04 21:42:37,351 - src.features.opportunity_metrics - INFO - Enhancing existing opportunity metrics
2025-08-04 21:42:37,351 - src.features.opportunity_metrics - INFO - Found existing opportunity metrics: ['receiving_air_yards', 'target_share', 'air_yards_share', 'wopr_x', 'wopr_y']
2025-08-04 21:42:37,351 - src.features.opportunity_metrics - INFO - Air yards related columns: ['passing_air_yards', 'receiving_air_yards', 'air_yards_share', 'air_yards_per_target', 'total_air_yards']
2025-08-04 21:42:37,351 - src.features.opportunity_metrics - INFO - Calculated aDOT from existing air yards data
2025-08-04 21:42:37,351 - src.features.opportunity_metrics - INFO - Calculated enhanced WOPR from existing metrics
2025-08-04 21:42:37,351 - src.features.opportunity_metrics - INFO - Calculating red zone opportunities
2025-08-04 21:42:37,351 - src.features.opportunity_metrics - INFO - Loading play-by-play data for 2024
2025-08-04 21:42:38,808 - src.data_storage - INFO - Created player_name column from 'name' for 49492 players
2025-08-04 21:42:38,933 - src.features.opportunity_metrics - INFO - Loaded 17748 passing plays with column mapping
2025-08-04 21:42:38,933 - src.features.opportunity_metrics - INFO - Using columns - play_type: play_type, air_yards: air_yards, receiver: receiver_player_name
2025-08-04 21:42:38,965 - src.features.opportunity_metrics - INFO - Calculated red zone opportunities for 145 players
2025-08-04 21:42:38,969 - src.features.opportunity_metrics - INFO - Enhanced opportunity metrics for 145 players
2025-08-04 21:42:38,969 - current_data_pipeline - INFO - ✅ Applied opportunity metrics enhancement
2025-08-04 21:42:38,969 - src.features.usage_analytics - INFO - Calculating all usage analytics
2025-08-04 21:42:38,969 - src.features.usage_analytics - INFO - Calculating snap count metrics
2025-08-04 21:42:38,969 - src.features.usage_analytics - INFO - Loading snap count data for 2024
2025-08-04 21:42:39,107 - src.data_storage - INFO - Created player_name column from 'player' for 26600 players
2025-08-04 21:42:39,107 - src.features.usage_analytics - INFO - Loaded snap counts for 26600 player-week records
2025-08-04 21:42:39,107 - src.features.usage_analytics - INFO - Available snap data columns: ['game_id', 'pfr_game_id', 'season', 'game_type', 'week', 'player', 'pfr_player_id', 'position', 'team', 'opponent', 'offense_snaps', 'offense_pct', 'defense_snaps', 'defense_pct', 'st_snaps', 'st_pct', 'player_name']
2025-08-04 21:42:39,107 - src.features.usage_analytics - INFO - Snap data column mapping - snaps: offense_snaps, pct: offense_pct, player: player_name, team: team
2025-08-04 21:42:39,112 - src.features.usage_analytics - INFO - Calculating snaps per game using games column: games
2025-08-04 21:42:39,116 - src.features.usage_analytics - INFO - Successfully merged snap data using columns: ['player_name', 'team', 'total_snaps', 'avg_snap_share', 'snaps_per_game']
2025-08-04 21:42:39,116 - src.features.usage_analytics - INFO - Added snap metrics for 145 players
2025-08-04 21:42:39,116 - src.features.usage_analytics - INFO - Calculating usage efficiency metrics
2025-08-04 21:42:39,118 - src.features.usage_analytics - INFO - Calculated usage efficiency metrics for 145 players
2025-08-04 21:42:39,118 - src.features.usage_analytics - INFO - Calculating advanced route participation metrics
2025-08-04 21:42:40,543 - src.data_storage - INFO - Created player_name column from 'name' for 49492 players
2025-08-04 21:42:40,709 - src.features.usage_analytics - INFO - Calculated advanced route participation for 145 players
2025-08-04 21:42:40,727 - src.features.usage_analytics - INFO - Calculating situational usage metrics
2025-08-04 21:42:40,792 - src.features.usage_analytics - INFO - Calculated situational usage for 145 players
2025-08-04 21:42:40,796 - src.features.usage_analytics - INFO - Completed all usage analytics for 145 players
2025-08-04 21:42:40,796 - current_data_pipeline - INFO - ✅ Applied usage analytics enhancement
2025-08-04 21:42:40,796 - current_data_pipeline - INFO - 🎯 Applying position-specific feature engineering for RB
2025-08-04 21:42:40,798 - ColumnMapper - INFO - Column mapping: 5 found, 1 missing
2025-08-04 21:42:40,798 - ColumnMapper - INFO - Column mapping: 10 found, 1 missing
2025-08-04 21:42:40,799 - RBFeatureEngineer_RB - INFO - Engineering features for 145 RB records
2025-08-04 21:42:40,799 - ColumnMapper - INFO - Column mapping: 5 found, 1 missing
2025-08-04 21:42:40,799 - ColumnMapper - INFO - Column mapping: 10 found, 1 missing
2025-08-04 21:42:40,800 - ColumnMapper - INFO - Column mapping: 11 found, 7 missing
2025-08-04 21:42:40,800 - ColumnMapper - INFO - Column mapping: 5 found, 1 missing
2025-08-04 21:42:40,800 - ColumnMapper - INFO - Column mapping: 10 found, 1 missing
2025-08-04 21:42:40,802 - RBFeatureEngineer_RB - INFO - RB feature engineering completed successfully
2025-08-04 21:42:40,804 - current_data_pipeline - INFO - ✅ Applied RB-specific feature engineering
2025-08-04 21:42:40,804 - current_data_pipeline - INFO - 🔢 Final feature count: 190 features for ML prediction
2025-08-04 21:42:40,807 - current_data_pipeline - INFO - ✅ Created enhanced current inference dataset: 145 records with advanced features
2025-08-04 21:42:40,823 - src.ensemble_model - INFO - 📂 Loading ensemble model from /Users/jihoonsong/Documents/projects/fantasy_draft_engine/saved_models/RB_ensemble_model.joblib
2025-08-04 21:42:40,841 - src.ensemble_model - INFO - 🤖 ENSEMBLE MODEL INITIALIZATION: RB
2025-08-04 21:42:40,841 - src.ensemble_model - INFO - ============================================================
2025-08-04 21:42:40,841 - src.ensemble_model - INFO - ✅ RandomForest hyperparameters for RB:
2025-08-04 21:42:40,841 - src.ensemble_model - INFO -    n_estimators: 300
2025-08-04 21:42:40,841 - src.ensemble_model - INFO -    max_depth: 12
2025-08-04 21:42:40,841 - src.ensemble_model - INFO -    min_samples_split: 8
2025-08-04 21:42:40,841 - src.ensemble_model - INFO -    min_samples_leaf: 2
2025-08-04 21:42:40,841 - src.ensemble_model - INFO -    max_features: 0.8
2025-08-04 21:42:40,841 - src.ensemble_model - INFO -    bootstrap: True
2025-08-04 21:42:40,841 - src.ensemble_model - INFO -    oob_score: True
2025-08-04 21:42:40,841 - src.ensemble_model - INFO -    random_state: 42
2025-08-04 21:42:40,841 - src.ensemble_model - INFO -    n_jobs: -1
2025-08-04 21:42:40,841 - src.ensemble_model - INFO - ✅ LightGBM hyperparameters for RB:
2025-08-04 21:42:40,841 - src.ensemble_model - INFO -    objective: regression_l1
2025-08-04 21:42:40,841 - src.ensemble_model - INFO -    metric: rmse
2025-08-04 21:42:40,841 - src.ensemble_model - INFO -    boosting_type: gbdt
2025-08-04 21:42:40,841 - src.ensemble_model - INFO -    n_estimators: 1000
2025-08-04 21:42:40,841 - src.ensemble_model - INFO -    learning_rate: 0.1
2025-08-04 21:42:40,841 - src.ensemble_model - INFO -    num_leaves: 96
2025-08-04 21:42:40,841 - src.ensemble_model - INFO -    max_depth: 10
2025-08-04 21:42:40,841 - src.ensemble_model - INFO -    min_data_in_leaf: 25
2025-08-04 21:42:40,841 - src.ensemble_model - INFO -    feature_fraction: 0.75
2025-08-04 21:42:40,841 - src.ensemble_model - INFO -    bagging_fraction: 0.8
2025-08-04 21:42:40,841 - src.ensemble_model - INFO -    bagging_freq: 1
2025-08-04 21:42:40,841 - src.ensemble_model - INFO -    lambda_l1: 0.2
2025-08-04 21:42:40,841 - src.ensemble_model - INFO -    lambda_l2: 0.1
2025-08-04 21:42:40,841 - src.ensemble_model - INFO -    min_gain_to_split: 0.02
2025-08-04 21:42:40,841 - src.ensemble_model - INFO -    verbose: -1
2025-08-04 21:42:40,841 - src.ensemble_model - INFO -    n_jobs: -1
2025-08-04 21:42:40,841 - src.ensemble_model - INFO -    seed: 42
2025-08-04 21:42:40,841 - src.ensemble_model - INFO -    force_col_wise: True
2025-08-04 21:42:40,841 - src.ensemble_model - INFO - ✅ Ensemble model initialized for RB
2025-08-04 21:42:40,842 - src.ensemble_model - INFO -    RandomForest: RandomForestRegressor
2025-08-04 21:42:40,842 - src.ensemble_model - INFO -    LightGBM: LGBMRegressor
2025-08-04 21:42:40,842 - src.ensemble_model - INFO -    Dynamic weighting: DynamicEnsembleWeighter
2025-08-04 21:42:40,842 - src.ensemble_model - INFO - ✅ Ensemble model loaded successfully for RB
2025-08-04 21:42:40,842 - src.ensemble_model - INFO -    Created: 2025-08-03T22:49:24.829261
2025-08-04 21:42:40,842 - src.ensemble_model - INFO -    Trained: True
2025-08-04 21:42:40,903 - current_data_pipeline - INFO - Creating enhanced current inference dataset for WR
2025-08-04 21:42:40,903 - current_data_pipeline - INFO - Fetching enhanced current season performance data for 2024
2025-08-04 21:42:40,903 - src.data_storage - INFO - Loading raw data for 2024 season from /Users/jihoonsong/Documents/projects/fantasy_draft_engine/data/raw/player_season_2024.parquet
2025-08-04 21:42:40,909 - current_data_pipeline - INFO - ✅ Loaded existing enhanced 2024 data: 569 records with advanced features
2025-08-04 21:42:40,909 - current_data_pipeline - INFO - 📊 PBP Features: 14 features - ['completions', 'passing_air_yards', 'passing_epa']...
2025-08-04 21:42:40,909 - current_data_pipeline - INFO - 📊 Snap Features: 4 features - ['total_offense_snaps', 'avg_offense_snap_pct', 'total_defense_snaps']...
2025-08-04 21:42:40,909 - current_data_pipeline - INFO - 📊 Basic Features: 5 features - ['carries', 'rushing_yards', 'receptions']...
2025-08-04 21:42:40,909 - current_data_pipeline - INFO - Fetching current roster assignments for 2024
2025-08-04 21:42:41,306 - current_data_pipeline - INFO - Successfully loaded 3215 current roster assignments
2025-08-04 21:42:41,307 - current_data_pipeline - INFO - ✅ Austin Ekeler: WAS RB
2025-08-04 21:42:41,308 - current_data_pipeline - INFO - ✅ Christian McCaffrey: SF RB
2025-08-04 21:42:41,308 - current_data_pipeline - INFO - ✅ Justin Jefferson: MIN WR
2025-08-04 21:42:41,310 - current_data_pipeline - INFO - Filtered rosters to 419 WR players
2025-08-04 21:42:41,310 - current_data_pipeline - INFO - Updating data with current team assignments
2025-08-04 21:42:41,311 - current_data_pipeline - INFO - ✅ Merge preserved all players: 569 → 569
2025-08-04 21:42:41,313 - current_data_pipeline - INFO - Cleaned up 4 suffix columns: ['position_old', 'player_name_old', 'player_name_current']...
2025-08-04 21:42:41,313 - current_data_pipeline - INFO - 🔍 Roster matching: 569/569 players have current roster data
2025-08-04 21:42:41,313 - current_data_pipeline - INFO - ✅ Team assignment update successful for 569 players
2025-08-04 21:42:41,313 - current_data_pipeline - INFO - Position filter: 227 WR players
2025-08-04 21:42:41,313 - current_data_pipeline - INFO - 🔧 Applying advanced feature engineering to 227 WR players
2025-08-04 21:42:41,313 - current_data_pipeline - INFO - 🧮 Adding calculated features to bridge ML feature gap
2025-08-04 21:42:41,313 - current_data_pipeline - INFO - 📊 Calculating per-game metrics using games
2025-08-04 21:42:41,318 - current_data_pipeline - INFO - ✅ Added 39 calculated features
2025-08-04 21:42:41,318 - current_data_pipeline - INFO - ✅ Applied calculated features (per-game metrics and efficiency ratios)
2025-08-04 21:42:41,318 - current_data_pipeline - INFO - 📈 Adding lagged features from 2023 season
2025-08-04 21:42:41,318 - current_data_pipeline - INFO - Loading 2023 season data for lagged features
2025-08-04 21:42:41,318 - src.data_storage - INFO - Loading raw data for 2023 season from /Users/jihoonsong/Documents/projects/fantasy_draft_engine/data/raw/player_season_2023.parquet
2025-08-04 21:42:41,323 - current_data_pipeline - INFO - Loaded 559 players from 2023 season
2025-08-04 21:42:41,324 - current_data_pipeline - INFO - Merging 18 lagged features with current data
2025-08-04 21:42:41,328 - current_data_pipeline - INFO - ✅ Added 26 lagged features (18 direct + 8 derived)
2025-08-04 21:42:41,328 - current_data_pipeline - INFO - 📊 Lagged data matched for 123/227 players
2025-08-04 21:42:41,328 - current_data_pipeline - INFO - ✅ Applied lagged features from previous season
2025-08-04 21:42:41,329 - src.features.opportunity_metrics - INFO - Enhancing existing opportunity metrics
2025-08-04 21:42:41,329 - src.features.opportunity_metrics - INFO - Found existing opportunity metrics: ['receiving_air_yards', 'target_share', 'air_yards_share', 'wopr_x', 'wopr_y']
2025-08-04 21:42:41,329 - src.features.opportunity_metrics - INFO - Air yards related columns: ['passing_air_yards', 'receiving_air_yards', 'air_yards_share', 'air_yards_per_target', 'total_air_yards']
2025-08-04 21:42:41,329 - src.features.opportunity_metrics - INFO - Calculated aDOT from existing air yards data
2025-08-04 21:42:41,329 - src.features.opportunity_metrics - INFO - Calculated enhanced WOPR from existing metrics
2025-08-04 21:42:41,329 - src.features.opportunity_metrics - INFO - Calculating red zone opportunities
2025-08-04 21:42:41,329 - src.features.opportunity_metrics - INFO - Loading play-by-play data for 2024
2025-08-04 21:42:42,832 - src.data_storage - INFO - Created player_name column from 'name' for 49492 players
2025-08-04 21:42:42,960 - src.features.opportunity_metrics - INFO - Loaded 17748 passing plays with column mapping
2025-08-04 21:42:42,960 - src.features.opportunity_metrics - INFO - Using columns - play_type: play_type, air_yards: air_yards, receiver: receiver_player_name
2025-08-04 21:42:42,992 - src.features.opportunity_metrics - INFO - Calculated red zone opportunities for 227 players
2025-08-04 21:42:42,995 - src.features.opportunity_metrics - INFO - Enhanced opportunity metrics for 227 players
2025-08-04 21:42:42,995 - current_data_pipeline - INFO - ✅ Applied opportunity metrics enhancement
2025-08-04 21:42:42,995 - src.features.usage_analytics - INFO - Calculating all usage analytics
2025-08-04 21:42:42,995 - src.features.usage_analytics - INFO - Calculating snap count metrics
2025-08-04 21:42:42,995 - src.features.usage_analytics - INFO - Loading snap count data for 2024
2025-08-04 21:42:43,125 - src.data_storage - INFO - Created player_name column from 'player' for 26600 players
2025-08-04 21:42:43,125 - src.features.usage_analytics - INFO - Loaded snap counts for 26600 player-week records
2025-08-04 21:42:43,125 - src.features.usage_analytics - INFO - Available snap data columns: ['game_id', 'pfr_game_id', 'season', 'game_type', 'week', 'player', 'pfr_player_id', 'position', 'team', 'opponent', 'offense_snaps', 'offense_pct', 'defense_snaps', 'defense_pct', 'st_snaps', 'st_pct', 'player_name']
2025-08-04 21:42:43,125 - src.features.usage_analytics - INFO - Snap data column mapping - snaps: offense_snaps, pct: offense_pct, player: player_name, team: team
2025-08-04 21:42:43,130 - src.features.usage_analytics - INFO - Calculating snaps per game using games column: games
2025-08-04 21:42:43,133 - src.features.usage_analytics - INFO - Successfully merged snap data using columns: ['player_name', 'team', 'total_snaps', 'avg_snap_share', 'snaps_per_game']
2025-08-04 21:42:43,133 - src.features.usage_analytics - INFO - Added snap metrics for 227 players
2025-08-04 21:42:43,133 - src.features.usage_analytics - INFO - Calculating usage efficiency metrics
2025-08-04 21:42:43,135 - src.features.usage_analytics - INFO - Calculated usage efficiency metrics for 227 players
2025-08-04 21:42:43,135 - src.features.usage_analytics - INFO - Calculating advanced route participation metrics
2025-08-04 21:42:44,581 - src.data_storage - INFO - Created player_name column from 'name' for 49492 players
2025-08-04 21:42:44,750 - src.features.usage_analytics - INFO - Calculated advanced route participation for 227 players
2025-08-04 21:42:44,768 - src.features.usage_analytics - INFO - Calculating situational usage metrics
2025-08-04 21:42:44,835 - src.features.usage_analytics - INFO - Calculated situational usage for 227 players
2025-08-04 21:42:44,840 - src.features.usage_analytics - INFO - Completed all usage analytics for 227 players
2025-08-04 21:42:44,840 - current_data_pipeline - INFO - ✅ Applied usage analytics enhancement
2025-08-04 21:42:44,840 - current_data_pipeline - INFO - 🎯 Applying position-specific feature engineering for WR
2025-08-04 21:42:44,842 - ColumnMapper - INFO - Column mapping: 10 found, 1 missing
2025-08-04 21:42:44,842 - WRFeatureEngineer_WR - INFO - Engineering features for 227 WR records
2025-08-04 21:42:44,842 - ColumnMapper - INFO - Column mapping: 10 found, 1 missing
2025-08-04 21:42:44,843 - ColumnMapper - INFO - Column mapping: 11 found, 7 missing
2025-08-04 21:42:44,843 - ColumnMapper - INFO - Column mapping: 10 found, 1 missing
2025-08-04 21:42:44,845 - WRFeatureEngineer_WR - INFO - WR feature engineering completed successfully
2025-08-04 21:42:44,847 - current_data_pipeline - INFO - ✅ Applied WR-specific feature engineering
2025-08-04 21:42:44,847 - current_data_pipeline - INFO - 🔢 Final feature count: 191 features for ML prediction
2025-08-04 21:42:44,851 - current_data_pipeline - INFO - ✅ Created enhanced current inference dataset: 227 records with advanced features
2025-08-04 21:42:44,867 - src.ensemble_model - INFO - 📂 Loading ensemble model from /Users/jihoonsong/Documents/projects/fantasy_draft_engine/saved_models/WR_ensemble_model.joblib
2025-08-04 21:42:44,927 - current_data_pipeline - INFO - Creating enhanced current inference dataset for TE
2025-08-04 21:42:44,927 - current_data_pipeline - INFO - Fetching enhanced current season performance data for 2024
2025-08-04 21:42:44,927 - src.data_storage - INFO - Loading raw data for 2024 season from /Users/jihoonsong/Documents/projects/fantasy_draft_engine/data/raw/player_season_2024.parquet
2025-08-04 21:42:44,932 - current_data_pipeline - INFO - ✅ Loaded existing enhanced 2024 data: 569 records with advanced features
2025-08-04 21:42:44,932 - current_data_pipeline - INFO - 📊 PBP Features: 14 features - ['completions', 'passing_air_yards', 'passing_epa']...
2025-08-04 21:42:44,932 - current_data_pipeline - INFO - 📊 Snap Features: 4 features - ['total_offense_snaps', 'avg_offense_snap_pct', 'total_defense_snaps']...
2025-08-04 21:42:44,932 - current_data_pipeline - INFO - 📊 Basic Features: 5 features - ['carries', 'rushing_yards', 'receptions']...
2025-08-04 21:42:44,932 - current_data_pipeline - INFO - Fetching current roster assignments for 2024
2025-08-04 21:42:45,404 - current_data_pipeline - INFO - Successfully loaded 3215 current roster assignments
2025-08-04 21:42:45,405 - current_data_pipeline - INFO - ✅ Austin Ekeler: WAS RB
2025-08-04 21:42:45,406 - current_data_pipeline - INFO - ✅ Christian McCaffrey: SF RB
2025-08-04 21:42:45,406 - current_data_pipeline - INFO - ✅ Justin Jefferson: MIN WR
2025-08-04 21:42:45,408 - current_data_pipeline - INFO - Filtered rosters to 215 TE players
2025-08-04 21:42:45,408 - current_data_pipeline - INFO - Updating data with current team assignments
2025-08-04 21:42:45,409 - current_data_pipeline - INFO - ✅ Merge preserved all players: 569 → 569
2025-08-04 21:42:45,411 - current_data_pipeline - INFO - Cleaned up 4 suffix columns: ['position_old', 'player_name_old', 'player_name_current']...
2025-08-04 21:42:45,411 - current_data_pipeline - INFO - 🔍 Roster matching: 569/569 players have current roster data
2025-08-04 21:42:45,411 - current_data_pipeline - INFO - ✅ Team assignment update successful for 569 players
2025-08-04 21:42:45,411 - current_data_pipeline - INFO - Position filter: 119 TE players
2025-08-04 21:42:45,412 - current_data_pipeline - INFO - 🔧 Applying advanced feature engineering to 119 TE players
2025-08-04 21:42:45,412 - current_data_pipeline - INFO - 🧮 Adding calculated features to bridge ML feature gap
2025-08-04 21:42:45,412 - current_data_pipeline - INFO - 📊 Calculating per-game metrics using games
2025-08-04 21:42:45,416 - current_data_pipeline - INFO - ✅ Added 39 calculated features
2025-08-04 21:42:45,416 - current_data_pipeline - INFO - ✅ Applied calculated features (per-game metrics and efficiency ratios)
2025-08-04 21:42:45,416 - current_data_pipeline - INFO - 📈 Adding lagged features from 2023 season
2025-08-04 21:42:45,416 - current_data_pipeline - INFO - Loading 2023 season data for lagged features
2025-08-04 21:42:45,417 - src.data_storage - INFO - Loading raw data for 2023 season from /Users/jihoonsong/Documents/projects/fantasy_draft_engine/data/raw/player_season_2023.parquet
2025-08-04 21:42:45,422 - current_data_pipeline - INFO - Loaded 559 players from 2023 season
2025-08-04 21:42:45,425 - current_data_pipeline - INFO - Merging 18 lagged features with current data
2025-08-04 21:42:45,428 - current_data_pipeline - INFO - ✅ Added 26 lagged features (18 direct + 8 derived)
2025-08-04 21:42:45,429 - current_data_pipeline - INFO - 📊 Lagged data matched for 74/119 players
2025-08-04 21:42:45,429 - current_data_pipeline - INFO - ✅ Applied lagged features from previous season
2025-08-04 21:42:45,429 - src.features.opportunity_metrics - INFO - Enhancing existing opportunity metrics
2025-08-04 21:42:45,429 - src.features.opportunity_metrics - INFO - Found existing opportunity metrics: ['receiving_air_yards', 'target_share', 'air_yards_share', 'wopr_x', 'wopr_y']
2025-08-04 21:42:45,429 - src.features.opportunity_metrics - INFO - Air yards related columns: ['passing_air_yards', 'receiving_air_yards', 'air_yards_share', 'air_yards_per_target', 'total_air_yards']
2025-08-04 21:42:45,429 - src.features.opportunity_metrics - INFO - Calculated aDOT from existing air yards data
2025-08-04 21:42:45,429 - src.features.opportunity_metrics - INFO - Calculated enhanced WOPR from existing metrics
2025-08-04 21:42:45,429 - src.features.opportunity_metrics - INFO - Calculating red zone opportunities
2025-08-04 21:42:45,429 - src.features.opportunity_metrics - INFO - Loading play-by-play data for 2024
2025-08-04 21:42:46,808 - src.data_storage - INFO - Created player_name column from 'name' for 49492 players
2025-08-04 21:42:46,935 - src.features.opportunity_metrics - INFO - Loaded 17748 passing plays with column mapping
2025-08-04 21:42:46,936 - src.features.opportunity_metrics - INFO - Using columns - play_type: play_type, air_yards: air_yards, receiver: receiver_player_name
2025-08-04 21:42:46,967 - src.features.opportunity_metrics - INFO - Calculated red zone opportunities for 119 players
2025-08-04 21:42:46,970 - src.features.opportunity_metrics - INFO - Enhanced opportunity metrics for 119 players
2025-08-04 21:42:46,971 - current_data_pipeline - INFO - ✅ Applied opportunity metrics enhancement
2025-08-04 21:42:46,971 - src.features.usage_analytics - INFO - Calculating all usage analytics
2025-08-04 21:42:46,971 - src.features.usage_analytics - INFO - Calculating snap count metrics
2025-08-04 21:42:46,971 - src.features.usage_analytics - INFO - Loading snap count data for 2024
2025-08-04 21:42:47,171 - src.data_storage - INFO - Created player_name column from 'player' for 26600 players
2025-08-04 21:42:47,171 - src.features.usage_analytics - INFO - Loaded snap counts for 26600 player-week records
2025-08-04 21:42:47,171 - src.features.usage_analytics - INFO - Available snap data columns: ['game_id', 'pfr_game_id', 'season', 'game_type', 'week', 'player', 'pfr_player_id', 'position', 'team', 'opponent', 'offense_snaps', 'offense_pct', 'defense_snaps', 'defense_pct', 'st_snaps', 'st_pct', 'player_name']
2025-08-04 21:42:47,171 - src.features.usage_analytics - INFO - Snap data column mapping - snaps: offense_snaps, pct: offense_pct, player: player_name, team: team
2025-08-04 21:42:47,178 - src.features.usage_analytics - INFO - Calculating snaps per game using games column: games
2025-08-04 21:42:47,182 - src.features.usage_analytics - INFO - Successfully merged snap data using columns: ['player_name', 'team', 'total_snaps', 'avg_snap_share', 'snaps_per_game']
2025-08-04 21:42:47,183 - src.features.usage_analytics - INFO - Added snap metrics for 119 players
2025-08-04 21:42:47,183 - src.features.usage_analytics - INFO - Calculating usage efficiency metrics
2025-08-04 21:42:47,184 - src.features.usage_analytics - INFO - Calculated usage efficiency metrics for 119 players
2025-08-04 21:42:47,184 - src.features.usage_analytics - INFO - Calculating advanced route participation metrics
2025-08-04 21:42:48,651 - src.data_storage - INFO - Created player_name column from 'name' for 49492 players
2025-08-04 21:42:48,821 - src.features.usage_analytics - INFO - Calculated advanced route participation for 119 players
2025-08-04 21:42:48,839 - src.features.usage_analytics - INFO - Calculating situational usage metrics
2025-08-04 21:42:48,904 - src.features.usage_analytics - INFO - Calculated situational usage for 119 players
2025-08-04 21:42:48,909 - src.features.usage_analytics - INFO - Completed all usage analytics for 119 players
2025-08-04 21:42:48,909 - current_data_pipeline - INFO - ✅ Applied usage analytics enhancement
2025-08-04 21:42:48,909 - current_data_pipeline - INFO - 🎯 Applying position-specific feature engineering for TE
2025-08-04 21:42:48,911 - ColumnMapper - INFO - Column mapping: 10 found, 1 missing
2025-08-04 21:42:48,911 - TEFeatureEngineer_TE - INFO - Engineering features for 119 TE records
2025-08-04 21:42:48,911 - ColumnMapper - INFO - Column mapping: 10 found, 1 missing
2025-08-04 21:42:48,912 - ColumnMapper - INFO - Column mapping: 11 found, 7 missing
2025-08-04 21:42:48,912 - ColumnMapper - INFO - Column mapping: 10 found, 1 missing
2025-08-04 21:42:48,914 - TEFeatureEngineer_TE - INFO - TE feature engineering completed successfully
2025-08-04 21:42:48,916 - current_data_pipeline - INFO - ✅ Applied TE-specific feature engineering
2025-08-04 21:42:48,916 - current_data_pipeline - INFO - 🔢 Final feature count: 188 features for ML prediction
2025-08-04 21:42:48,918 - current_data_pipeline - INFO - ✅ Created enhanced current inference dataset: 119 records with advanced features
2025-08-04 21:42:48,935 - src.ensemble_model - INFO - 📂 Loading ensemble model from /Users/jihoonsong/Documents/projects/fantasy_draft_engine/saved_models/TE_ensemble_model.joblib
2025-08-04 21:42:48,980 - current_data_pipeline - INFO - Creating enhanced current inference dataset for K
2025-08-04 21:42:48,980 - current_data_pipeline - INFO - Fetching enhanced current season performance data for 2024
2025-08-04 21:42:48,980 - src.data_storage - INFO - Loading raw data for 2024 season from /Users/jihoonsong/Documents/projects/fantasy_draft_engine/data/raw/player_season_2024.parquet
2025-08-04 21:42:48,985 - current_data_pipeline - INFO - ✅ Loaded existing enhanced 2024 data: 569 records with advanced features
2025-08-04 21:42:48,985 - current_data_pipeline - INFO - 📊 PBP Features: 14 features - ['completions', 'passing_air_yards', 'passing_epa']...
2025-08-04 21:42:48,985 - current_data_pipeline - INFO - 📊 Snap Features: 4 features - ['total_offense_snaps', 'avg_offense_snap_pct', 'total_defense_snaps']...
2025-08-04 21:42:48,985 - current_data_pipeline - INFO - 📊 Basic Features: 5 features - ['carries', 'rushing_yards', 'receptions']...
2025-08-04 21:42:48,985 - current_data_pipeline - INFO - Fetching current roster assignments for 2024
2025-08-04 21:42:49,369 - current_data_pipeline - INFO - Successfully loaded 3215 current roster assignments
2025-08-04 21:42:49,370 - current_data_pipeline - INFO - ✅ Austin Ekeler: WAS RB
2025-08-04 21:42:49,371 - current_data_pipeline - INFO - ✅ Christian McCaffrey: SF RB
2025-08-04 21:42:49,371 - current_data_pipeline - INFO - ✅ Justin Jefferson: MIN WR
2025-08-04 21:42:49,373 - current_data_pipeline - INFO - Filtered rosters to 53 K players
2025-08-04 21:42:49,373 - current_data_pipeline - INFO - Updating data with current team assignments
2025-08-04 21:42:49,375 - current_data_pipeline - INFO - ✅ Merge preserved all players: 569 → 569
2025-08-04 21:42:49,376 - current_data_pipeline - INFO - Cleaned up 4 suffix columns: ['position_old', 'player_name_old', 'player_name_current']...
2025-08-04 21:42:49,376 - current_data_pipeline - INFO - 🔍 Roster matching: 569/569 players have current roster data
2025-08-04 21:42:49,376 - current_data_pipeline - INFO - ✅ Team assignment update successful for 569 players
2025-08-04 21:42:49,376 - current_data_pipeline - INFO - Position filter: 0 K players
2025-08-04 21:42:49,376 - current_data_pipeline - INFO - 🔧 Applying advanced feature engineering to 0 K players
2025-08-04 21:42:49,376 - current_data_pipeline - INFO - 🧮 Adding calculated features to bridge ML feature gap
2025-08-04 21:42:49,376 - current_data_pipeline - INFO - ✅ Applied calculated features (per-game metrics and efficiency ratios)
2025-08-04 21:42:49,377 - current_data_pipeline - INFO - 📈 Adding lagged features from 2023 season
2025-08-04 21:42:49,377 - current_data_pipeline - INFO - ✅ Applied lagged features from previous season
2025-08-04 21:42:49,377 - src.features.opportunity_metrics - INFO - Enhancing existing opportunity metrics
2025-08-04 21:42:49,377 - src.features.opportunity_metrics - INFO - Found existing opportunity metrics: ['receiving_air_yards', 'target_share', 'air_yards_share', 'wopr_x', 'wopr_y']
2025-08-04 21:42:49,377 - src.features.opportunity_metrics - INFO - Air yards related columns: ['passing_air_yards', 'receiving_air_yards', 'air_yards_share', 'air_yards_per_target', 'total_air_yards']
2025-08-04 21:42:49,377 - src.features.opportunity_metrics - INFO - Calculated aDOT from existing air yards data
2025-08-04 21:42:49,377 - src.features.opportunity_metrics - INFO - Calculated enhanced WOPR from existing metrics
2025-08-04 21:42:49,377 - src.features.opportunity_metrics - INFO - Calculating red zone opportunities
2025-08-04 21:42:49,377 - src.features.opportunity_metrics - INFO - Loading play-by-play data for 2024
2025-08-04 21:42:50,793 - src.data_storage - INFO - Created player_name column from 'name' for 49492 players
2025-08-04 21:42:50,919 - src.features.opportunity_metrics - INFO - Loaded 17748 passing plays with column mapping
2025-08-04 21:42:50,919 - src.features.opportunity_metrics - INFO - Using columns - play_type: play_type, air_yards: air_yards, receiver: receiver_player_name
2025-08-04 21:42:50,950 - src.features.opportunity_metrics - INFO - Calculated red zone opportunities for 0 players
2025-08-04 21:42:50,953 - src.features.opportunity_metrics - INFO - Enhanced opportunity metrics for 0 players
2025-08-04 21:42:50,953 - current_data_pipeline - INFO - ✅ Applied opportunity metrics enhancement
2025-08-04 21:42:50,953 - src.features.usage_analytics - INFO - Calculating all usage analytics
2025-08-04 21:42:50,953 - src.features.usage_analytics - INFO - Calculating snap count metrics
2025-08-04 21:42:50,953 - src.features.usage_analytics - INFO - Loading snap count data for 2024
2025-08-04 21:42:51,107 - src.data_storage - INFO - Created player_name column from 'player' for 26600 players
2025-08-04 21:42:51,107 - src.features.usage_analytics - INFO - Loaded snap counts for 26600 player-week records
2025-08-04 21:42:51,107 - src.features.usage_analytics - INFO - Available snap data columns: ['game_id', 'pfr_game_id', 'season', 'game_type', 'week', 'player', 'pfr_player_id', 'position', 'team', 'opponent', 'offense_snaps', 'offense_pct', 'defense_snaps', 'defense_pct', 'st_snaps', 'st_pct', 'player_name']
2025-08-04 21:42:51,107 - src.features.usage_analytics - INFO - Snap data column mapping - snaps: offense_snaps, pct: offense_pct, player: player_name, team: team
2025-08-04 21:42:51,113 - src.features.usage_analytics - INFO - Calculating snaps per game using games column: games
2025-08-04 21:42:51,115 - src.features.usage_analytics - INFO - Successfully merged snap data using columns: ['player_name', 'team', 'total_snaps', 'avg_snap_share', 'snaps_per_game']
2025-08-04 21:42:51,116 - src.features.usage_analytics - INFO - Added snap metrics for 0 players
2025-08-04 21:42:51,116 - src.features.usage_analytics - INFO - Calculating usage efficiency metrics
2025-08-04 21:42:51,117 - src.features.usage_analytics - INFO - Calculated usage efficiency metrics for 0 players
2025-08-04 21:42:51,117 - src.features.usage_analytics - INFO - Calculating advanced route participation metrics
2025-08-04 21:42:52,660 - src.data_storage - INFO - Created player_name column from 'name' for 49492 players
2025-08-04 21:42:52,831 - src.features.usage_analytics - INFO - Calculated advanced route participation for 0 players
2025-08-04 21:42:52,849 - src.features.usage_analytics - INFO - Calculating situational usage metrics
2025-08-04 21:42:52,913 - src.features.usage_analytics - INFO - Calculated situational usage for 0 players
2025-08-04 21:42:52,917 - src.features.usage_analytics - INFO - Completed all usage analytics for 0 players
2025-08-04 21:42:52,917 - current_data_pipeline - INFO - ✅ Applied usage analytics enhancement
2025-08-04 21:42:52,917 - current_data_pipeline - INFO - 🎯 Applying position-specific feature engineering for K
2025-08-04 21:42:52,918 - KFeatureEngineer_K - INFO - Engineering features for 0 K records
2025-08-04 21:42:52,918 - KFeatureEngineer_K - WARNING - Empty DataFrame provided for K feature engineering
2025-08-04 21:42:52,918 - current_data_pipeline - WARNING - ⚠️ Position-specific feature engineering failed for K
2025-08-04 21:42:52,918 - current_data_pipeline - INFO - 🔢 Final feature count: 103 features for ML prediction
2025-08-04 21:42:52,919 - current_data_pipeline - INFO - ✅ Created enhanced current inference dataset: 0 records with advanced features
2025-08-04 21:42:52,936 - feature_engineering - INFO - 🏗️ FEATURE ENGINEERING START: 2023 → 2024
2025-08-04 21:42:52,936 - feature_engineering - INFO - ================================================================================
2025-08-04 21:42:52,936 - feature_engineering - INFO - 📊 Configuration:
2025-08-04 21:42:52,936 - feature_engineering - INFO -    Target season: 2023
2025-08-04 21:42:52,936 - feature_engineering - INFO -    Prediction season: 2024
2025-08-04 21:42:52,936 - feature_engineering - INFO -    Matchup intelligence: False
2025-08-04 21:42:52,936 - feature_engineering - INFO -    Position-specific features: True
2025-08-04 21:42:52,936 - feature_engineering - INFO -    Weeks ahead SOS: 4
2025-08-04 21:42:52,936 - feature_engineering - INFO -    Historical seasons: [2022, 2023]
2025-08-04 21:42:52,936 - feature_engineering - INFO - ================================================================================
2025-08-04 21:42:52,936 - src.data_storage - INFO - Loading raw data for 2024 season from /Users/jihoonsong/Documents/projects/fantasy_draft_engine/data/raw/player_season_2024.parquet
2025-08-04 21:42:52,941 - feature_engineering - INFO - Successfully loaded actuals data for 2024 to create target variable.
2025-08-04 21:42:52,941 - src.data_storage - INFO - Loading raw data for 2022 season from /Users/jihoonsong/Documents/projects/fantasy_draft_engine/data/raw/player_season_2022.parquet
2025-08-04 21:42:52,946 - src.data_storage - INFO - Loading raw data for 2023 season from /Users/jihoonsong/Documents/projects/fantasy_draft_engine/data/raw/player_season_2023.parquet
2025-08-04 21:42:52,950 - feature_engineering - INFO - Converted 'birth_date' column to datetime for season 2023 in current_season_df
2025-08-04 21:42:52,950 - feature_engineering - INFO - 🔧 COMPREHENSIVE DATA ENHANCEMENT: Adding missing columns for enhanced features
2025-08-04 21:42:52,950 - src.current_data_pipeline - INFO - Fetching current roster assignments for 2023
2025-08-04 21:42:53,321 - src.current_data_pipeline - INFO - Successfully loaded 3089 current roster assignments
2025-08-04 21:42:53,322 - src.current_data_pipeline - INFO - ✅ Austin Ekeler: LAC RB
2025-08-04 21:42:53,322 - src.current_data_pipeline - INFO - ✅ Christian McCaffrey: SF RB
2025-08-04 21:42:53,323 - src.current_data_pipeline - INFO - ✅ Justin Jefferson: MIN WR
2025-08-04 21:42:53,325 - feature_engineering - INFO - ✅ Loaded 3089 roster entries for data enhancement
2025-08-04 21:42:53,325 - feature_engineering - INFO -    Will add position → position
2025-08-04 21:42:53,325 - feature_engineering - INFO -    Will add current_team → team
2025-08-04 21:42:53,325 - feature_engineering - INFO -    Will add player_name → player_name
2025-08-04 21:42:53,325 - feature_engineering - INFO - 🔗 Merging roster data: ['player_id', 'position', 'current_team', 'player_name']
2025-08-04 21:42:53,328 - feature_engineering - INFO -    ✅ Standardized 'current_team' → 'team'
2025-08-04 21:42:53,329 - feature_engineering - INFO -    ➕ Added default column 'draftround' = 7
2025-08-04 21:42:53,329 - feature_engineering - INFO -    ➕ Added default column 'draft_club' = UNK
2025-08-04 21:42:53,329 - feature_engineering - INFO -    ➕ Added default column 'height' = 72
2025-08-04 21:42:53,329 - feature_engineering - INFO -    ➕ Added default column 'weight' = 200
2025-08-04 21:42:53,329 - feature_engineering - INFO -    ➕ Added default column 'college' = Unknown
2025-08-04 21:42:53,330 - feature_engineering - INFO -    ✅ Extracted first_name and last_name from player_name
2025-08-04 21:42:53,330 - feature_engineering - INFO -    🎯 Filtered to fantasy positions: 559 players
2025-08-04 21:42:53,330 - feature_engineering - INFO -    📊 Position breakdown: {'WR': 212, 'RB': 149, 'TE': 115, 'QB': 83}
2025-08-04 21:42:53,330 - feature_engineering - INFO - ✅ COMPREHENSIVE ENHANCEMENT COMPLETE
2025-08-04 21:42:53,330 - feature_engineering - INFO -    Final data shape: (559, 88)
2025-08-04 21:42:53,330 - feature_engineering - INFO -    Available teams: ['ARI', 'ATL', 'BAL', 'BUF', 'CAR', 'CHI', 'CIN', 'CLE', 'DAL', 'DEN', 'DET', 'GB', 'HOU', 'IND', 'JAX', 'KC', 'LA', 'LAC', 'LV', 'MIA', 'MIN', 'NE', 'NO', 'NYG', 'NYJ', 'PHI', 'PIT', 'SEA', 'SF', 'TB', 'TEN', 'WAS']
2025-08-04 21:42:53,331 - feature_engineering - INFO -    Available positions: ['QB', 'RB', 'TE', 'WR']
2025-08-04 21:42:53,331 - feature_engineering - INFO - ✅ Data validation passed - required columns present: ['position', 'games', 'player_id']
2025-08-04 21:42:53,331 - feature_engineering - INFO -    Data shape: (559, 88)
2025-08-04 21:42:53,331 - feature_engineering - INFO -    Available positions: ['QB', 'RB', 'TE', 'WR']
2025-08-04 21:42:53,331 - feature_engineering - INFO - Calculating per-game statistics
2025-08-04 21:42:53,337 - feature_engineering - INFO - Calculating efficiency metrics
2025-08-04 21:42:53,341 - feature_engineering - INFO - Calculating team-level aggregates
2025-08-04 21:42:53,343 - feature_engineering - INFO - Calculating usage metrics
2025-08-04 21:42:53,346 - feature_engineering - INFO - Creating lagged features from previous season
2025-08-04 21:42:53,351 - feature_engineering - INFO - Handling rookies for prediction
2025-08-04 21:42:53,360 - feature_engineering - INFO - Identified 0 rookies for 2024 season
2025-08-04 21:42:53,364 - feature_engineering - INFO - Handling players with minimal data (less than 4 games)
2025-08-04 21:42:53,364 - feature_engineering - INFO - Applied baseline FPPG of 1.0 to 32 QB players with minimal data
2025-08-04 21:42:53,364 - feature_engineering - INFO - Applied baseline FPPG of 1.0 to 46 RB players with minimal data
2025-08-04 21:42:53,364 - feature_engineering - INFO - Applied baseline FPPG of 1.0 to 74 WR players with minimal data
2025-08-04 21:42:53,365 - feature_engineering - INFO - Applied baseline FPPG of 1.0 to 35 TE players with minimal data
2025-08-04 21:42:53,365 - feature_engineering - INFO - Applied baseline FPPG of 1.0 to 0 K players with minimal data
2025-08-04 21:42:53,365 - feature_engineering - INFO - 🎯 STEP 9: Adding Opportunity Metrics
2025-08-04 21:42:53,365 - feature_engineering - INFO -    Adding opportunity metrics for 149 RB players
2025-08-04 21:42:53,365 - src.features.opportunity_metrics - INFO - Enhancing existing opportunity metrics
2025-08-04 21:42:53,365 - src.features.opportunity_metrics - INFO - Found existing opportunity metrics: ['receiving_air_yards', 'target_share', 'air_yards_share', 'wopr_x', 'wopr_y']
2025-08-04 21:42:53,365 - src.features.opportunity_metrics - INFO - Air yards related columns: ['passing_air_yards', 'receiving_air_yards', 'air_yards_share', 'air_yards_per_target', 'total_air_yards']
2025-08-04 21:42:53,365 - src.features.opportunity_metrics - INFO - Calculated aDOT from existing air yards data
2025-08-04 21:42:53,365 - src.features.opportunity_metrics - INFO - Calculated enhanced WOPR from existing metrics
2025-08-04 21:42:53,365 - src.features.opportunity_metrics - INFO - Calculating red zone opportunities
2025-08-04 21:42:53,366 - src.features.opportunity_metrics - INFO - Loading play-by-play data for 2023
2025-08-04 21:42:55,425 - src.data_storage - INFO - Created player_name column from 'name' for 49665 players
2025-08-04 21:42:55,564 - src.features.opportunity_metrics - INFO - Loaded 18373 passing plays with column mapping
2025-08-04 21:42:55,564 - src.features.opportunity_metrics - INFO - Using columns - play_type: play_type, air_yards: air_yards, receiver: receiver_player_name
2025-08-04 21:42:55,599 - src.features.opportunity_metrics - INFO - Calculated red zone opportunities for 149 players
2025-08-04 21:42:55,603 - src.features.opportunity_metrics - INFO - Enhanced opportunity metrics for 149 players
2025-08-04 21:42:55,620 - feature_engineering - INFO -    ✅ Added 4 opportunity metrics for RB: ['target_share', 'air_yards_share', 'adot', 'red_zone_opportunities']
2025-08-04 21:42:55,620 - feature_engineering - INFO -    Adding opportunity metrics for 212 WR players
2025-08-04 21:42:55,621 - src.features.opportunity_metrics - INFO - Enhancing existing opportunity metrics
2025-08-04 21:42:55,622 - src.features.opportunity_metrics - INFO - Found existing opportunity metrics: ['receiving_air_yards', 'target_share', 'air_yards_share', 'wopr_x', 'wopr_y']
2025-08-04 21:42:55,622 - src.features.opportunity_metrics - INFO - Air yards related columns: ['passing_air_yards', 'receiving_air_yards', 'air_yards_share', 'air_yards_per_target', 'total_air_yards']
2025-08-04 21:42:55,622 - src.features.opportunity_metrics - INFO - Enhanced opportunity metrics for 212 players
2025-08-04 21:42:55,628 - feature_engineering - INFO -    ✅ Added 4 opportunity metrics for WR: ['target_share', 'air_yards_share', 'adot', 'red_zone_opportunities']
2025-08-04 21:42:55,628 - feature_engineering - INFO -    Adding opportunity metrics for 115 TE players
2025-08-04 21:42:55,628 - src.features.opportunity_metrics - INFO - Enhancing existing opportunity metrics
2025-08-04 21:42:55,628 - src.features.opportunity_metrics - INFO - Found existing opportunity metrics: ['receiving_air_yards', 'target_share', 'air_yards_share', 'wopr_x', 'wopr_y']
2025-08-04 21:42:55,628 - src.features.opportunity_metrics - INFO - Air yards related columns: ['passing_air_yards', 'receiving_air_yards', 'air_yards_share', 'air_yards_per_target', 'total_air_yards']
2025-08-04 21:42:55,629 - src.features.opportunity_metrics - INFO - Enhanced opportunity metrics for 115 players
2025-08-04 21:42:55,635 - feature_engineering - INFO -    ✅ Added 4 opportunity metrics for TE: ['target_share', 'air_yards_share', 'adot', 'red_zone_opportunities']
2025-08-04 21:42:55,635 - feature_engineering - INFO - ✅ Opportunity metrics integration complete
2025-08-04 21:42:55,635 - feature_engineering - INFO - 📊 STEP 10: Adding Usage Analytics
2025-08-04 21:42:55,635 - feature_engineering - INFO -    Adding usage analytics for 34 RB players
2025-08-04 21:42:55,635 - src.features.usage_analytics - INFO - Calculating all usage analytics
2025-08-04 21:42:55,635 - src.features.usage_analytics - INFO - Calculating snap count metrics
2025-08-04 21:42:55,635 - src.features.usage_analytics - INFO - Loading snap count data for 2024
2025-08-04 21:42:55,799 - src.data_storage - INFO - Created player_name column from 'player' for 26600 players
2025-08-04 21:42:55,799 - src.features.usage_analytics - INFO - Loaded snap counts for 26600 player-week records
2025-08-04 21:42:55,799 - src.features.usage_analytics - INFO - Available snap data columns: ['game_id', 'pfr_game_id', 'season', 'game_type', 'week', 'player', 'pfr_player_id', 'position', 'team', 'opponent', 'offense_snaps', 'offense_pct', 'defense_snaps', 'defense_pct', 'st_snaps', 'st_pct', 'player_name']
2025-08-04 21:42:55,799 - src.features.usage_analytics - INFO - Snap data column mapping - snaps: offense_snaps, pct: offense_pct, player: player_name, team: team
2025-08-04 21:42:55,805 - src.features.usage_analytics - INFO - Calculating snaps per game using games column: games
2025-08-04 21:42:55,809 - src.features.usage_analytics - INFO - Successfully merged snap data using columns: ['player_name', 'team', 'total_snaps', 'avg_snap_share', 'snaps_per_game']
2025-08-04 21:42:55,809 - src.features.usage_analytics - INFO - Added snap metrics for 34 players
2025-08-04 21:42:55,809 - src.features.usage_analytics - INFO - Calculating usage efficiency metrics
2025-08-04 21:42:55,811 - src.features.usage_analytics - INFO - Calculated usage efficiency metrics for 34 players
2025-08-04 21:42:55,811 - src.features.usage_analytics - INFO - Calculating advanced route participation metrics
2025-08-04 21:42:57,248 - src.data_storage - INFO - Created player_name column from 'name' for 49492 players
2025-08-04 21:42:57,415 - src.features.usage_analytics - INFO - Calculated advanced route participation for 34 players
2025-08-04 21:42:57,433 - src.features.usage_analytics - INFO - Calculating situational usage metrics
2025-08-04 21:42:57,498 - src.features.usage_analytics - INFO - Calculated situational usage for 34 players
2025-08-04 21:42:57,504 - src.features.usage_analytics - INFO - Completed all usage analytics for 34 players
2025-08-04 21:42:57,556 - feature_engineering - INFO -    ✅ Added 3 usage metrics for RB: ['targets_per_snap', 'route_participation', 'high_value_touches']
2025-08-04 21:42:57,556 - feature_engineering - INFO -    Adding usage analytics for 212 WR players
2025-08-04 21:42:57,557 - src.features.usage_analytics - INFO - Calculating all usage analytics
2025-08-04 21:42:57,557 - src.features.usage_analytics - INFO - Calculating snap count metrics
2025-08-04 21:42:57,557 - src.features.usage_analytics - INFO - Available snap data columns: ['game_id', 'pfr_game_id', 'season', 'game_type', 'week', 'player', 'pfr_player_id', 'position', 'team', 'opponent', 'offense_snaps', 'offense_pct', 'defense_snaps', 'defense_pct', 'st_snaps', 'st_pct', 'player_name']
2025-08-04 21:42:57,557 - src.features.usage_analytics - INFO - Snap data column mapping - snaps: offense_snaps, pct: offense_pct, player: player_name, team: team
2025-08-04 21:42:57,562 - src.features.usage_analytics - INFO - Calculating snaps per game using games column: games
2025-08-04 21:42:57,564 - src.features.usage_analytics - INFO - Successfully merged snap data using columns: ['player_name', 'team', 'total_snaps', 'avg_snap_share', 'snaps_per_game']
2025-08-04 21:42:57,564 - src.features.usage_analytics - ERROR - Error calculating snap metrics: 'total_snaps'
2025-08-04 21:42:57,565 - src.features.usage_analytics - INFO - Calculating usage efficiency metrics
2025-08-04 21:42:57,565 - src.features.usage_analytics - INFO - Calculated usage efficiency metrics for 212 players
2025-08-04 21:42:57,566 - src.features.usage_analytics - INFO - Calculating advanced route participation metrics
2025-08-04 21:42:57,600 - src.features.usage_analytics - INFO - Calculated advanced route participation for 212 players
2025-08-04 21:42:57,600 - src.features.usage_analytics - INFO - Calculating situational usage metrics
2025-08-04 21:42:57,640 - src.features.usage_analytics - ERROR - Error calculating situational usage: 'red_zone_usage'
2025-08-04 21:42:57,646 - src.features.usage_analytics - INFO - Completed all usage analytics for 212 players
2025-08-04 21:42:57,662 - feature_engineering - INFO -    ✅ Added 3 usage metrics for WR: ['targets_per_snap', 'route_participation', 'high_value_touches']
2025-08-04 21:42:57,662 - feature_engineering - INFO -    Adding usage analytics for 115 TE players
2025-08-04 21:42:57,663 - src.features.usage_analytics - INFO - Calculating all usage analytics
2025-08-04 21:42:57,663 - src.features.usage_analytics - INFO - Calculating snap count metrics
2025-08-04 21:42:57,663 - src.features.usage_analytics - INFO - Available snap data columns: ['game_id', 'pfr_game_id', 'season', 'game_type', 'week', 'player', 'pfr_player_id', 'position', 'team', 'opponent', 'offense_snaps', 'offense_pct', 'defense_snaps', 'defense_pct', 'st_snaps', 'st_pct', 'player_name']
2025-08-04 21:42:57,663 - src.features.usage_analytics - INFO - Snap data column mapping - snaps: offense_snaps, pct: offense_pct, player: player_name, team: team
2025-08-04 21:42:57,667 - src.features.usage_analytics - INFO - Calculating snaps per game using games column: games
2025-08-04 21:42:57,671 - src.features.usage_analytics - INFO - Successfully merged snap data using columns: ['player_name', 'team', 'total_snaps', 'avg_snap_share', 'snaps_per_game']
2025-08-04 21:42:57,671 - src.features.usage_analytics - ERROR - Error calculating snap metrics: 'total_snaps'
2025-08-04 21:42:57,671 - src.features.usage_analytics - INFO - Calculating usage efficiency metrics
2025-08-04 21:42:57,672 - src.features.usage_analytics - INFO - Calculated usage efficiency metrics for 115 players
2025-08-04 21:42:57,672 - src.features.usage_analytics - INFO - Calculating advanced route participation metrics
2025-08-04 21:42:57,706 - src.features.usage_analytics - INFO - Calculated advanced route participation for 115 players
2025-08-04 21:42:57,706 - src.features.usage_analytics - INFO - Calculating situational usage metrics
2025-08-04 21:42:57,746 - src.features.usage_analytics - ERROR - Error calculating situational usage: 'red_zone_usage'
2025-08-04 21:42:57,750 - src.features.usage_analytics - INFO - Completed all usage analytics for 115 players
2025-08-04 21:42:57,767 - feature_engineering - INFO -    ✅ Added 3 usage metrics for TE: ['targets_per_snap', 'route_participation', 'high_value_touches']
2025-08-04 21:42:57,767 - feature_engineering - INFO - ✅ Usage analytics integration complete
2025-08-04 21:42:57,767 - feature_engineering - INFO - 🔧 PHASE 2: Enhanced Position-Specific Features
2025-08-04 21:42:57,767 - feature_engineering - INFO - Applying enhanced QB feature engineering to 83 players
2025-08-04 21:42:57,767 - ColumnMapper - INFO - Column mapping: 9 found, 1 missing
2025-08-04 21:42:57,767 - QBFeatureEngineer_QB - INFO - Engineering features for 83 QB records
2025-08-04 21:42:57,767 - ColumnMapper - INFO - Column mapping: 9 found, 1 missing
2025-08-04 21:42:57,768 - ColumnMapper - INFO - Column mapping: 16 found, 2 missing
2025-08-04 21:42:57,769 - ColumnMapper - INFO - Column mapping: 10 found, 0 missing
2025-08-04 21:42:57,769 - ColumnMapper - INFO - Column mapping: 5 found, 1 missing
2025-08-04 21:42:57,770 - ColumnMapper - INFO - Column mapping: 5 found, 1 missing
2025-08-04 21:42:57,770 - QBFeatureEngineer_QB - INFO - QB feature engineering completed successfully
2025-08-04 21:42:57,770 - feature_engineering - INFO - Successfully enhanced QB features: 181 total columns
2025-08-04 21:42:57,770 - feature_engineering - INFO - Applying enhanced RB feature engineering to 6 players
2025-08-04 21:42:57,770 - src.data.feature_engineering.position.rb_features - INFO - 🏈 RB FEATURE ENGINEERING START
2025-08-04 21:42:57,770 - src.data.feature_engineering.position.rb_features - INFO - ============================================================
2025-08-04 21:42:57,770 - src.data.feature_engineering.position.rb_features - INFO - Processing 6 RB players
2025-08-04 21:42:57,770 - src.data.feature_engineering.position.rb_features - INFO - Input columns: 172
2025-08-04 21:42:57,770 - src.data.feature_engineering.position.rb_features - INFO - Available RB-relevant columns (67): ['passing_yards', 'sack_yards', 'passing_air_yards', 'passing_yards_after_catch', 'rushing_yards', 'rushing_tds', 'rushing_fumbles_x', 'rushing_fumbles_lost', 'rushing_first_downs', 'rushing_epa']...
2025-08-04 21:42:57,770 - src.data.feature_engineering.position.rb_features - INFO - 1️⃣ Calculating basic efficiency metrics...
2025-08-04 21:42:57,770 - src.data.feature_engineering.position.rb_features - INFO -    📊 Calculating RB efficiency metrics...
2025-08-04 21:42:57,770 - src.data.feature_engineering.position.rb_features - INFO -       Using 'rushing_yards' for rushing_yards
2025-08-04 21:42:57,771 - src.data.feature_engineering.position.rb_features - INFO -       Using 'carries' for carries
2025-08-04 21:42:57,771 - src.data.feature_engineering.position.rb_features - INFO -       Using 'receiving_yards' for receiving_yards
2025-08-04 21:42:57,771 - src.data.feature_engineering.position.rb_features - INFO -       Using 'receptions' for receptions
2025-08-04 21:42:57,771 - src.data.feature_engineering.position.rb_features - INFO -       Using 'rushing_tds' for rushing_tds
2025-08-04 21:42:57,771 - src.data.feature_engineering.position.rb_features - INFO -       ✅ Calculated catch_rate using targets
2025-08-04 21:42:57,771 - src.data.feature_engineering.position.rb_features - INFO -    ✅ RB efficiency metrics calculated successfully
2025-08-04 21:42:57,771 - src.data.feature_engineering.position.rb_features - INFO -    ✅ Efficiency metrics complete: 6 players retained
2025-08-04 21:42:57,771 - src.data.feature_engineering.position.rb_features - INFO - 2️⃣ Calculating per-game averages...
2025-08-04 21:42:57,772 - src.data.feature_engineering.position.rb_features - INFO -    ✅ Per-game metrics complete: 6 players retained
2025-08-04 21:42:57,772 - src.data.feature_engineering.position.rb_features - INFO - 3️⃣ Calculating usage metrics...
2025-08-04 21:42:57,773 - src.data.feature_engineering.position.rb_features - INFO -    ✅ Usage metrics complete: 6 players retained
2025-08-04 21:42:57,773 - src.data.feature_engineering.position.rb_features - INFO - 4️⃣ Adding opportunity metrics...
2025-08-04 21:42:57,773 - src.data.feature_engineering.position.rb_features - INFO - Adding opportunity metrics for RBs
2025-08-04 21:42:57,773 - src.features.opportunity_metrics - INFO - Enhancing existing opportunity metrics
2025-08-04 21:42:57,773 - src.features.opportunity_metrics - INFO - Found existing opportunity metrics: ['receiving_air_yards', 'target_share', 'air_yards_share', 'wopr_x', 'wopr_y']
2025-08-04 21:42:57,773 - src.features.opportunity_metrics - INFO - Air yards related columns: ['passing_air_yards', 'receiving_air_yards', 'air_yards_share', 'air_yards_per_target', 'total_air_yards']
2025-08-04 21:42:57,773 - src.features.opportunity_metrics - INFO - Enhanced opportunity metrics for 6 players
2025-08-04 21:42:57,774 - src.data.feature_engineering.position.rb_features - INFO - Successfully added opportunity metrics to 6 RB players
2025-08-04 21:42:57,775 - src.data.feature_engineering.position.rb_features - INFO -    ✅ Opportunity metrics complete: 6 players retained
2025-08-04 21:42:57,775 - src.data.feature_engineering.position.rb_features - INFO - 5️⃣ Adding usage analytics...
2025-08-04 21:42:57,775 - src.data.feature_engineering.position.rb_features - INFO - Adding usage analytics for RBs
2025-08-04 21:42:57,775 - src.features.usage_analytics - INFO - Calculating all usage analytics
2025-08-04 21:42:57,775 - src.features.usage_analytics - INFO - Calculating snap count metrics
2025-08-04 21:42:57,775 - src.features.usage_analytics - INFO - Loading snap count data for 2024
2025-08-04 21:42:57,920 - src.data_storage - INFO - Created player_name column from 'player' for 26600 players
2025-08-04 21:42:57,920 - src.features.usage_analytics - INFO - Loaded snap counts for 26600 player-week records
2025-08-04 21:42:57,920 - src.features.usage_analytics - INFO - Available snap data columns: ['game_id', 'pfr_game_id', 'season', 'game_type', 'week', 'player', 'pfr_player_id', 'position', 'team', 'opponent', 'offense_snaps', 'offense_pct', 'defense_snaps', 'defense_pct', 'st_snaps', 'st_pct', 'player_name']
2025-08-04 21:42:57,920 - src.features.usage_analytics - INFO - Snap data column mapping - snaps: offense_snaps, pct: offense_pct, player: player_name, team: team
2025-08-04 21:42:57,924 - src.features.usage_analytics - INFO - Calculating snaps per game using games column: games
2025-08-04 21:42:57,928 - src.features.usage_analytics - INFO - Successfully merged snap data using columns: ['player_name', 'team', 'total_snaps', 'avg_snap_share', 'snaps_per_game']
2025-08-04 21:42:57,928 - src.features.usage_analytics - ERROR - Error calculating snap metrics: 'total_snaps'
2025-08-04 21:42:57,928 - src.features.usage_analytics - INFO - Calculating usage efficiency metrics
2025-08-04 21:42:57,929 - src.features.usage_analytics - INFO - Calculated usage efficiency metrics for 6 players
2025-08-04 21:42:57,929 - src.features.usage_analytics - INFO - Calculating advanced route participation metrics
2025-08-04 21:42:59,327 - src.data_storage - INFO - Created player_name column from 'name' for 49492 players
2025-08-04 21:42:59,491 - src.features.usage_analytics - INFO - Calculated advanced route participation for 6 players
2025-08-04 21:42:59,509 - src.features.usage_analytics - INFO - Calculating situational usage metrics
2025-08-04 21:42:59,551 - src.features.usage_analytics - ERROR - Error calculating situational usage: 'red_zone_usage'
2025-08-04 21:42:59,557 - src.features.usage_analytics - INFO - Completed all usage analytics for 6 players
2025-08-04 21:42:59,557 - src.data.feature_engineering.position.rb_features - INFO - Successfully added usage analytics to 6 RB players
2025-08-04 21:42:59,567 - src.data.feature_engineering.position.rb_features - INFO -    ✅ Usage analytics complete: 6 players retained
2025-08-04 21:42:59,567 - src.data.feature_engineering.position.rb_features - INFO - 6️⃣ Calculating advanced RB metrics...
2025-08-04 21:42:59,570 - src.data.feature_engineering.position.rb_features - INFO -    ✅ Advanced metrics complete: 6 players retained
2025-08-04 21:42:59,570 - src.data.feature_engineering.position.rb_features - INFO - ✅ No RB players lost during feature engineering
2025-08-04 21:42:59,570 - src.data.feature_engineering.position.rb_features - INFO - 🏈 RB FEATURE ENGINEERING COMPLETE
2025-08-04 21:42:59,570 - src.data.feature_engineering.position.rb_features - INFO -    Final players: 6
2025-08-04 21:42:59,570 - src.data.feature_engineering.position.rb_features - INFO -    Final features: 201
2025-08-04 21:42:59,570 - src.data.feature_engineering.position.rb_features - INFO - ============================================================
2025-08-04 21:42:59,570 - feature_engineering - INFO - Successfully enhanced RB features: 201 total columns
2025-08-04 21:42:59,571 - feature_engineering - INFO - Applying enhanced WR feature engineering to 76 players
2025-08-04 21:42:59,571 - src.data.feature_engineering.position.wr_features - INFO - Engineering features for 76 WR players
2025-08-04 21:42:59,572 - src.data.feature_engineering.position.wr_features - INFO - Adding opportunity metrics for WRs
2025-08-04 21:42:59,572 - src.features.opportunity_metrics - INFO - Enhancing existing opportunity metrics
2025-08-04 21:42:59,572 - src.features.opportunity_metrics - INFO - Found existing opportunity metrics: ['receiving_air_yards', 'target_share', 'air_yards_share', 'wopr_x', 'wopr_y']
2025-08-04 21:42:59,572 - src.features.opportunity_metrics - INFO - Air yards related columns: ['passing_air_yards', 'receiving_air_yards', 'air_yards_share', 'air_yards_per_target', 'total_air_yards']
2025-08-04 21:42:59,573 - src.features.opportunity_metrics - INFO - Enhanced opportunity metrics for 76 players
2025-08-04 21:42:59,574 - src.data.feature_engineering.position.wr_features - INFO - Adding usage analytics for WRs
2025-08-04 21:42:59,574 - src.features.usage_analytics - INFO - Calculating all usage analytics
2025-08-04 21:42:59,574 - src.features.usage_analytics - INFO - Calculating snap count metrics
2025-08-04 21:42:59,574 - src.features.usage_analytics - INFO - Loading snap count data for 2024
2025-08-04 21:42:59,705 - src.data_storage - INFO - Created player_name column from 'player' for 26600 players
2025-08-04 21:42:59,705 - src.features.usage_analytics - INFO - Loaded snap counts for 26600 player-week records
2025-08-04 21:42:59,705 - src.features.usage_analytics - INFO - Available snap data columns: ['game_id', 'pfr_game_id', 'season', 'game_type', 'week', 'player', 'pfr_player_id', 'position', 'team', 'opponent', 'offense_snaps', 'offense_pct', 'defense_snaps', 'defense_pct', 'st_snaps', 'st_pct', 'player_name']
2025-08-04 21:42:59,705 - src.features.usage_analytics - INFO - Snap data column mapping - snaps: offense_snaps, pct: offense_pct, player: player_name, team: team
2025-08-04 21:42:59,712 - src.features.usage_analytics - INFO - Calculating snaps per game using games column: games
2025-08-04 21:42:59,716 - src.features.usage_analytics - INFO - Successfully merged snap data using columns: ['player_name', 'team', 'total_snaps', 'avg_snap_share', 'snaps_per_game']
2025-08-04 21:42:59,716 - src.features.usage_analytics - ERROR - Error calculating snap metrics: 'total_snaps'
2025-08-04 21:42:59,716 - src.features.usage_analytics - INFO - Calculating usage efficiency metrics
2025-08-04 21:42:59,717 - src.features.usage_analytics - INFO - Calculated usage efficiency metrics for 76 players
2025-08-04 21:42:59,717 - src.features.usage_analytics - INFO - Calculating advanced route participation metrics
2025-08-04 21:43:01,141 - src.data_storage - INFO - Created player_name column from 'name' for 49492 players
2025-08-04 21:43:01,310 - src.features.usage_analytics - INFO - Calculated advanced route participation for 76 players
2025-08-04 21:43:01,328 - src.features.usage_analytics - INFO - Calculating situational usage metrics
2025-08-04 21:43:01,370 - src.features.usage_analytics - ERROR - Error calculating situational usage: 'red_zone_usage'
2025-08-04 21:43:01,375 - src.features.usage_analytics - INFO - Completed all usage analytics for 76 players
2025-08-04 21:43:01,386 - src.data.feature_engineering.position.wr_features - INFO - Completed WR feature engineering with 189 total features
2025-08-04 21:43:01,386 - feature_engineering - INFO - Successfully enhanced WR features: 189 total columns
2025-08-04 21:43:01,386 - feature_engineering - INFO - Applying enhanced TE feature engineering to 19 players
2025-08-04 21:43:01,387 - src.data.feature_engineering.position.te_features - INFO - Engineering features for 19 TE players
2025-08-04 21:43:01,388 - src.data.feature_engineering.position.te_features - INFO - Adding opportunity metrics for TEs
2025-08-04 21:43:01,388 - src.features.opportunity_metrics - INFO - Enhancing existing opportunity metrics
2025-08-04 21:43:01,388 - src.features.opportunity_metrics - INFO - Found existing opportunity metrics: ['receiving_air_yards', 'target_share', 'air_yards_share', 'wopr_x', 'wopr_y']
2025-08-04 21:43:01,388 - src.features.opportunity_metrics - INFO - Air yards related columns: ['passing_air_yards', 'receiving_air_yards', 'air_yards_share', 'air_yards_per_target', 'total_air_yards']
2025-08-04 21:43:01,388 - src.features.opportunity_metrics - INFO - Enhanced opportunity metrics for 19 players
2025-08-04 21:43:01,389 - src.data.feature_engineering.position.te_features - INFO - Adding usage analytics for TEs
2025-08-04 21:43:01,389 - src.features.usage_analytics - INFO - Calculating all usage analytics
2025-08-04 21:43:01,390 - src.features.usage_analytics - INFO - Calculating snap count metrics
2025-08-04 21:43:01,390 - src.features.usage_analytics - INFO - Loading snap count data for 2024
2025-08-04 21:43:01,547 - src.data_storage - INFO - Created player_name column from 'player' for 26600 players
2025-08-04 21:43:01,547 - src.features.usage_analytics - INFO - Loaded snap counts for 26600 player-week records
2025-08-04 21:43:01,547 - src.features.usage_analytics - INFO - Available snap data columns: ['game_id', 'pfr_game_id', 'season', 'game_type', 'week', 'player', 'pfr_player_id', 'position', 'team', 'opponent', 'offense_snaps', 'offense_pct', 'defense_snaps', 'defense_pct', 'st_snaps', 'st_pct', 'player_name']
2025-08-04 21:43:01,547 - src.features.usage_analytics - INFO - Snap data column mapping - snaps: offense_snaps, pct: offense_pct, player: player_name, team: team
2025-08-04 21:43:01,554 - src.features.usage_analytics - INFO - Calculating snaps per game using games column: games
2025-08-04 21:43:01,557 - src.features.usage_analytics - INFO - Successfully merged snap data using columns: ['player_name', 'team', 'total_snaps', 'avg_snap_share', 'snaps_per_game']
2025-08-04 21:43:01,557 - src.features.usage_analytics - ERROR - Error calculating snap metrics: 'total_snaps'
2025-08-04 21:43:01,557 - src.features.usage_analytics - INFO - Calculating usage efficiency metrics
2025-08-04 21:43:01,558 - src.features.usage_analytics - INFO - Calculated usage efficiency metrics for 19 players
2025-08-04 21:43:01,558 - src.features.usage_analytics - INFO - Calculating advanced route participation metrics
2025-08-04 21:43:02,974 - src.data_storage - INFO - Created player_name column from 'name' for 49492 players
2025-08-04 21:43:03,138 - src.features.usage_analytics - INFO - Calculated advanced route participation for 19 players
2025-08-04 21:43:03,156 - src.features.usage_analytics - INFO - Calculating situational usage metrics
2025-08-04 21:43:03,197 - src.features.usage_analytics - ERROR - Error calculating situational usage: 'red_zone_usage'
2025-08-04 21:43:03,201 - src.features.usage_analytics - INFO - Completed all usage analytics for 19 players
2025-08-04 21:43:03,213 - src.data.feature_engineering.position.te_features - INFO - Completed TE feature engineering with 192 total features
2025-08-04 21:43:03,214 - feature_engineering - INFO - Successfully enhanced TE features: 192 total columns
2025-08-04 21:43:03,214 - feature_engineering - INFO - 🔄 POSITION-AWARE FEATURE COMBINATION START
2025-08-04 21:43:03,214 - feature_engineering - INFO - ======================================================================
2025-08-04 21:43:03,214 - feature_engineering - INFO - Combining 4 position DataFrames with 184 total players
2025-08-04 21:43:03,214 - feature_engineering - INFO -   DataFrame 1: 83 players, 181 features, positions: ['QB']
2025-08-04 21:43:03,214 - feature_engineering - INFO -   DataFrame 2: 6 players, 201 features, positions: ['RB']
2025-08-04 21:43:03,214 - feature_engineering - INFO -   DataFrame 3: 76 players, 189 features, positions: ['WR']
2025-08-04 21:43:03,214 - feature_engineering - INFO -   DataFrame 4: 19 players, 192 features, positions: ['TE']
2025-08-04 21:43:03,214 - feature_engineering - INFO - 📊 Total unique columns across all positions: 233
2025-08-04 21:43:03,215 - feature_engineering - INFO - 📋 Position-specific feature categories:
2025-08-04 21:43:03,215 - feature_engineering - INFO -    QB_specific: 27 features
2025-08-04 21:43:03,215 - feature_engineering - INFO -       ['avg_completion_probability', 'completion_percentage', 'interception_percentage']... (+24 more)
2025-08-04 21:43:03,215 - feature_engineering - INFO -    RB_specific: 5 features
2025-08-04 21:43:03,215 - feature_engineering - INFO -       ['early_down_rate', 'pass_catching_back', 'rb_age_factor', 'rb_role', 'workhorse_indicator']
2025-08-04 21:43:03,215 - feature_engineering - INFO -    WR_specific: 3 features
2025-08-04 21:43:03,215 - feature_engineering - INFO -       ['contested_catch_rate', 'deep_target_indicator', 'deep_target_rate']
2025-08-04 21:43:03,215 - feature_engineering - INFO -    TE_specific: 12 features
2025-08-04 21:43:03,215 - feature_engineering - INFO -       ['blocking_snap_estimate', 'inline_usage_estimate', 'intermediate_target_rate']... (+9 more)
2025-08-04 21:43:03,215 - feature_engineering - INFO -    skill_position_common: 63 features
2025-08-04 21:43:03,215 - feature_engineering - INFO -       ['adot', 'air_yards_dominance', 'air_yards_efficiency']... (+60 more)
2025-08-04 21:43:03,215 - feature_engineering - INFO -    universal: 123 features
2025-08-04 21:43:03,215 - feature_engineering - INFO -       ['age', 'attempts', 'attempts_L1']... (+120 more)
2025-08-04 21:43:03,215 - feature_engineering - INFO - 🔧 Normalizing DataFrame 1...
2025-08-04 21:43:03,215 - feature_engineering - INFO -    Processing positions: ['QB']
2025-08-04 21:43:03,215 - feature_engineering - INFO -    Adding 52 missing columns...
2025-08-04 21:43:03,218 - feature_engineering - INFO -    ✅ Normalized to 233 columns
2025-08-04 21:43:03,218 - feature_engineering - INFO - 🔧 Normalizing DataFrame 2...
2025-08-04 21:43:03,218 - feature_engineering - INFO -    Processing positions: ['RB']
2025-08-04 21:43:03,218 - feature_engineering - INFO -    Adding 32 missing columns...
2025-08-04 21:43:03,220 - feature_engineering - INFO -    ✅ Normalized to 233 columns
2025-08-04 21:43:03,220 - feature_engineering - INFO - 🔧 Normalizing DataFrame 3...
2025-08-04 21:43:03,220 - feature_engineering - INFO -    Processing positions: ['WR']
2025-08-04 21:43:03,221 - feature_engineering - INFO -    Adding 44 missing columns...
2025-08-04 21:43:03,224 - feature_engineering - INFO -    ✅ Normalized to 233 columns
2025-08-04 21:43:03,224 - feature_engineering - INFO - 🔧 Normalizing DataFrame 4...
2025-08-04 21:43:03,224 - feature_engineering - INFO -    Processing positions: ['TE']
2025-08-04 21:43:03,224 - feature_engineering - INFO -    Adding 41 missing columns...
2025-08-04 21:43:03,226 - feature_engineering - INFO -    ✅ Normalized to 233 columns
2025-08-04 21:43:03,226 - feature_engineering - INFO - 🔗 Concatenating normalized DataFrames...
2025-08-04 21:43:03,231 - feature_engineering - INFO - 🧹 Cleaning up null values in position-specific features...
2025-08-04 21:43:03,246 - feature_engineering - INFO -    Null values: 7951 → 0 (cleaned 7951)
2025-08-04 21:43:03,246 - feature_engineering - INFO - ✅ POSITION-AWARE COMBINATION COMPLETE
2025-08-04 21:43:03,246 - feature_engineering - INFO -    Final DataFrame: 184 players, 233 features
2025-08-04 21:43:03,246 - feature_engineering - INFO -    Final position breakdown: {'QB': 83, 'WR': 76, 'TE': 19, 'RB': 6}
2025-08-04 21:43:03,246 - feature_engineering - INFO -    ✅ QB: 83 players (no loss)
2025-08-04 21:43:03,246 - feature_engineering - INFO -    ✅ RB: 6 players (no loss)
2025-08-04 21:43:03,246 - feature_engineering - INFO -    ✅ WR: 76 players (no loss)
2025-08-04 21:43:03,246 - feature_engineering - INFO -    ✅ TE: 19 players (no loss)
2025-08-04 21:43:03,246 - feature_engineering - INFO - 🧹 CLEANING POSITION-SPECIFIC FEATURE CONTAMINATION
2025-08-04 21:43:03,256 - feature_engineering - INFO - ✅ Cleaned 424 total contaminated values across all positions
2025-08-04 21:43:03,256 - feature_engineering - INFO - 🔍 FEATURE CONTAMINATION CHECK
2025-08-04 21:43:03,257 - feature_engineering - INFO -    ✅ QB: No contamination detected
2025-08-04 21:43:03,259 - feature_engineering - INFO -    ✅ RB: No contamination detected
2025-08-04 21:43:03,261 - feature_engineering - INFO -    ✅ WR: No contamination detected
2025-08-04 21:43:03,262 - feature_engineering - INFO -    ✅ TE: No contamination detected
2025-08-04 21:43:03,262 - feature_engineering - INFO - 🎉 No feature contamination detected across any positions!
2025-08-04 21:43:03,262 - feature_engineering - INFO - ======================================================================
2025-08-04 21:43:03,262 - feature_engineering - INFO - ✅ Combined position-specific features: 184 players, 233 features
2025-08-04 21:43:03,264 - feature_engineering - INFO - Successfully merged target variable 'fantasy_points_ppr' for prediction season 2024.
2025-08-04 21:43:03,264 - feature_engineering - INFO - ================================================================================
2025-08-04 21:43:03,264 - feature_engineering - INFO - 🎯 COMPREHENSIVE FEATURE ENGINEERING SUMMARY
2025-08-04 21:43:03,264 - feature_engineering - INFO - ================================================================================
2025-08-04 21:43:03,265 - feature_engineering - INFO - 📊 Total Players: 184
2025-08-04 21:43:03,265 - feature_engineering - INFO - 📊 Total Features: 238
2025-08-04 21:43:03,265 - feature_engineering - INFO -    • Opportunity Metrics: 14
2025-08-04 21:43:03,265 - feature_engineering - INFO -    • Usage Analytics: 5
2025-08-04 21:43:03,265 - feature_engineering - INFO -    • Position-Specific: 2
2025-08-04 21:43:03,265 - feature_engineering - INFO -    • Matchup Intelligence: 0
2025-08-04 21:43:03,265 - feature_engineering - INFO - 🔍 Key Feature Validation:
2025-08-04 21:43:03,265 - feature_engineering - INFO -    • target_share: 14 non-zero (avg: 0.009)
2025-08-04 21:43:03,265 - feature_engineering - INFO -    • air_yards_share: 109 non-zero (avg: 0.911)
2025-08-04 21:43:03,265 - feature_engineering - INFO -    • red_zone_opportunities: 0 non-zero (avg: 0.000)
2025-08-04 21:43:03,265 - feature_engineering - INFO - 🏗️  Feature Enhancement Status:
2025-08-04 21:43:03,265 - feature_engineering - INFO -    ✅ Opportunity Metrics
2025-08-04 21:43:03,265 - feature_engineering - INFO -    ✅ Position-Specific Features
2025-08-04 21:43:03,265 - feature_engineering - INFO -    ❌ Matchup Intelligence
2025-08-04 21:43:03,265 - feature_engineering - INFO - 🔖 Feature Engineering Version: v2_integrated
2025-08-04 21:43:03,265 - feature_engineering - INFO - 
2025-08-04 21:43:03,265 - feature_engineering - INFO - 🔍 DETAILED COMPONENT STATUS REPORT
2025-08-04 21:43:03,265 - feature_engineering - INFO - --------------------------------------------------------------------------------
2025-08-04 21:43:03,265 - feature_engineering - INFO - 📊 Core Features:
2025-08-04 21:43:03,265 - feature_engineering - INFO -    ✅ Per-game statistics: SUCCESSFUL
2025-08-04 21:43:03,265 - feature_engineering - INFO -    ✅ Efficiency metrics: SUCCESSFUL
2025-08-04 21:43:03,265 - feature_engineering - INFO -    ✅ Team aggregates: SUCCESSFUL
2025-08-04 21:43:03,265 - feature_engineering - INFO -    ✅ Usage metrics: SUCCESSFUL
2025-08-04 21:43:03,265 - feature_engineering - INFO -    ✅ Lagged features: SUCCESSFUL
2025-08-04 21:43:03,265 - feature_engineering - INFO -    ✅ Age calculation: SUCCESSFUL
2025-08-04 21:43:03,266 - feature_engineering - INFO -    ✅ Rookie handling: SUCCESSFUL
2025-08-04 21:43:03,266 - feature_engineering - INFO - 🎯 Enhanced Features:
2025-08-04 21:43:03,266 - feature_engineering - INFO -    ✅ Opportunity Metrics: SUCCESSFUL (14 features)
2025-08-04 21:43:03,266 - feature_engineering - INFO -       • Target share, WOPR, air yards share calculations
2025-08-04 21:43:03,266 - feature_engineering - INFO -       • Applied to 3 skill positions
2025-08-04 21:43:03,266 - feature_engineering - INFO -    ✅ Usage Analytics: SUCCESSFUL (5 features)
2025-08-04 21:43:03,266 - feature_engineering - INFO -       • Snap share, route participation, high-value touches
2025-08-04 21:43:03,266 - feature_engineering - INFO -       • Applied to 3 skill positions
2025-08-04 21:43:03,266 - feature_engineering - INFO -    ✅ Position-Specific Features: SUCCESSFUL (2 features)
2025-08-04 21:43:03,266 - feature_engineering - INFO -       • Enhanced position-specific engineering completed
2025-08-04 21:43:03,266 - feature_engineering - INFO -       • Applied to QB, RB, WR, TE positions
2025-08-04 21:43:03,266 - feature_engineering - INFO -    ⚪ Matchup Intelligence: DISABLED (not requested)
2025-08-04 21:43:03,266 - feature_engineering - INFO - 
2025-08-04 21:43:03,266 - feature_engineering - INFO - 📋 Data Quality Report:
2025-08-04 21:43:03,266 - feature_engineering - INFO -    • Total players processed: 184
2025-08-04 21:43:03,268 - feature_engineering - INFO -    • Players with complete data: 140
2025-08-04 21:43:03,269 - feature_engineering - INFO -    • Missing data percentage: 0.1%
2025-08-04 21:43:03,269 - feature_engineering - INFO -    • Position breakdown: {'QB': 83, 'WR': 76, 'TE': 19, 'RB': 6}
2025-08-04 21:43:03,269 - feature_engineering - INFO - 
2025-08-04 21:43:03,269 - feature_engineering - INFO - 🏆 FEATURE ENGINEERING SUCCESS RATE: 75.0% (3/4 components)
2025-08-04 21:43:03,269 - feature_engineering - INFO - ✅ EXCELLENT! Most components executed successfully.
2025-08-04 21:43:03,269 - feature_engineering - INFO - ================================================================================
2025-08-04 22:06:13,404 - src.data_storage - INFO - Loading raw data for 2024 season from /Users/jihoonsong/Documents/projects/fantasy_draft_engine/data/raw/player_season_2024.parquet
2025-08-04 22:06:13,409 - current_data_pipeline - INFO - ✅ Loaded existing enhanced 2024 data: 569 records with advanced features
2025-08-04 22:06:13,409 - current_data_pipeline - INFO - 📊 PBP Features: 14 features - ['completions', 'passing_air_yards', 'passing_epa']...
2025-08-04 22:06:13,409 - current_data_pipeline - INFO - 📊 Snap Features: 4 features - ['total_offense_snaps', 'avg_offense_snap_pct', 'total_defense_snaps']...
2025-08-04 22:06:13,409 - current_data_pipeline - INFO - 📊 Basic Features: 5 features - ['carries', 'rushing_yards', 'receptions']...
2025-08-04 22:06:13,409 - current_data_pipeline - INFO - Fetching current roster assignments for 2024
2025-08-04 22:06:13,809 - current_data_pipeline - INFO - Successfully loaded 3215 current roster assignments
2025-08-04 22:06:13,810 - current_data_pipeline - INFO - ✅ Austin Ekeler: WAS RB
2025-08-04 22:06:13,811 - current_data_pipeline - INFO - ✅ Christian McCaffrey: SF RB
2025-08-04 22:06:13,811 - current_data_pipeline - INFO - ✅ Justin Jefferson: MIN WR
2025-08-04 22:06:13,812 - current_data_pipeline - INFO - Filtered rosters to 129 QB players
2025-08-04 22:06:13,812 - current_data_pipeline - INFO - Updating data with current team assignments
2025-08-04 22:06:13,814 - current_data_pipeline - INFO - ✅ Merge preserved all players: 569 → 569
2025-08-04 22:06:13,815 - current_data_pipeline - INFO - Cleaned up 4 suffix columns: ['position_old', 'player_name_old', 'player_name_current']...
2025-08-04 22:06:13,815 - current_data_pipeline - INFO - 🔍 Roster matching: 569/569 players have current roster data
2025-08-04 22:06:13,815 - current_data_pipeline - INFO - ✅ Team assignment update successful for 569 players
2025-08-04 22:06:13,816 - current_data_pipeline - INFO - Position filter: 78 QB players
2025-08-04 22:06:13,816 - current_data_pipeline - INFO - 🔧 Applying advanced feature engineering to 78 QB players
2025-08-04 22:06:13,816 - current_data_pipeline - INFO - 🧮 Adding calculated features to bridge ML feature gap
2025-08-04 22:06:13,816 - current_data_pipeline - INFO - 📊 Calculating per-game metrics using games
2025-08-04 22:06:13,820 - current_data_pipeline - INFO - ✅ Added 39 calculated features
2025-08-04 22:06:13,820 - current_data_pipeline - INFO - ✅ Applied calculated features (per-game metrics and efficiency ratios)
2025-08-04 22:06:13,820 - current_data_pipeline - INFO - 📈 Adding lagged features from 2023 season
2025-08-04 22:06:13,821 - current_data_pipeline - INFO - Loading 2023 season data for lagged features
2025-08-04 22:06:13,821 - src.data_storage - INFO - Loading raw data for 2023 season from /Users/jihoonsong/Documents/projects/fantasy_draft_engine/data/raw/player_season_2023.parquet
2025-08-04 22:06:13,827 - current_data_pipeline - INFO - Loaded 559 players from 2023 season
2025-08-04 22:06:13,829 - current_data_pipeline - INFO - Merging 18 lagged features with current data
2025-08-04 22:06:13,832 - current_data_pipeline - INFO - ✅ Added 26 lagged features (18 direct + 8 derived)
2025-08-04 22:06:13,833 - current_data_pipeline - INFO - 📊 Lagged data matched for 42/78 players
2025-08-04 22:06:13,833 - current_data_pipeline - INFO - ✅ Applied lagged features from previous season
2025-08-04 22:06:13,833 - src.features.opportunity_metrics - INFO - Enhancing existing opportunity metrics
2025-08-04 22:06:13,833 - src.features.opportunity_metrics - INFO - Found existing opportunity metrics: ['receiving_air_yards', 'target_share', 'air_yards_share', 'wopr_x', 'wopr_y']
2025-08-04 22:06:13,833 - src.features.opportunity_metrics - INFO - Air yards related columns: ['passing_air_yards', 'receiving_air_yards', 'air_yards_share', 'air_yards_per_target', 'total_air_yards']
2025-08-04 22:06:13,833 - src.features.opportunity_metrics - INFO - Calculated aDOT from existing air yards data
2025-08-04 22:06:13,833 - src.features.opportunity_metrics - INFO - Calculated enhanced WOPR from existing metrics
2025-08-04 22:06:13,833 - src.features.opportunity_metrics - INFO - Calculating red zone opportunities
2025-08-04 22:06:13,833 - src.features.opportunity_metrics - INFO - Loading play-by-play data for 2024
2025-08-04 22:06:15,643 - src.data_storage - INFO - Created player_name column from 'name' for 49492 players
2025-08-04 22:06:15,769 - src.features.opportunity_metrics - INFO - Loaded 17748 passing plays with column mapping
2025-08-04 22:06:15,769 - src.features.opportunity_metrics - INFO - Using columns - play_type: play_type, air_yards: air_yards, receiver: receiver_player_name
2025-08-04 22:06:15,801 - src.features.opportunity_metrics - INFO - Calculated red zone opportunities for 78 players
2025-08-04 22:06:15,804 - src.features.opportunity_metrics - INFO - Enhanced opportunity metrics for 78 players
2025-08-04 22:06:15,804 - current_data_pipeline - INFO - ✅ Applied opportunity metrics enhancement
2025-08-04 22:06:15,804 - src.features.usage_analytics - INFO - Calculating all usage analytics
2025-08-04 22:06:15,804 - src.features.usage_analytics - INFO - Calculating snap count metrics
2025-08-04 22:06:15,804 - src.features.usage_analytics - INFO - Loading snap count data for 2024
2025-08-04 22:06:15,996 - src.data_storage - INFO - Created player_name column from 'player' for 26600 players
2025-08-04 22:06:15,997 - src.features.usage_analytics - INFO - Loaded snap counts for 26600 player-week records
2025-08-04 22:06:15,997 - src.features.usage_analytics - INFO - Available snap data columns: ['game_id', 'pfr_game_id', 'season', 'game_type', 'week', 'player', 'pfr_player_id', 'position', 'team', 'opponent', 'offense_snaps', 'offense_pct', 'defense_snaps', 'defense_pct', 'st_snaps', 'st_pct', 'player_name']
2025-08-04 22:06:15,997 - src.features.usage_analytics - INFO - Snap data column mapping - snaps: offense_snaps, pct: offense_pct, player: player_name, team: team
2025-08-04 22:06:16,004 - src.features.usage_analytics - INFO - Calculating snaps per game using games column: games
2025-08-04 22:06:16,008 - src.features.usage_analytics - INFO - Successfully merged snap data using columns: ['player_name', 'team', 'total_snaps', 'avg_snap_share', 'snaps_per_game']
2025-08-04 22:06:16,008 - src.features.usage_analytics - INFO - Added snap metrics for 78 players
2025-08-04 22:06:16,008 - src.features.usage_analytics - INFO - Calculating usage efficiency metrics
2025-08-04 22:06:16,010 - src.features.usage_analytics - INFO - Calculated usage efficiency metrics for 78 players
2025-08-04 22:06:16,010 - src.features.usage_analytics - INFO - Calculating advanced route participation metrics
2025-08-04 22:06:17,447 - src.data_storage - INFO - Created player_name column from 'name' for 49492 players
2025-08-04 22:06:17,613 - src.features.usage_analytics - INFO - Calculated advanced route participation for 78 players
2025-08-04 22:06:17,631 - src.features.usage_analytics - INFO - Calculating situational usage metrics
2025-08-04 22:06:17,697 - src.features.usage_analytics - INFO - Calculated situational usage for 78 players
2025-08-04 22:06:17,701 - src.features.usage_analytics - INFO - Completed all usage analytics for 78 players
2025-08-04 22:06:17,701 - current_data_pipeline - INFO - ✅ Applied usage analytics enhancement
2025-08-04 22:06:17,701 - current_data_pipeline - INFO - 🎯 Applying position-specific feature engineering for QB
2025-08-04 22:06:17,702 - ColumnMapper - INFO - Column mapping: 9 found, 1 missing
2025-08-04 22:06:17,702 - QBFeatureEngineer_QB - INFO - Engineering features for 78 QB records
2025-08-04 22:06:17,702 - ColumnMapper - INFO - Column mapping: 9 found, 1 missing
2025-08-04 22:06:17,703 - ColumnMapper - INFO - Column mapping: 11 found, 7 missing
2025-08-04 22:06:17,703 - ColumnMapper - INFO - Column mapping: 10 found, 0 missing
2025-08-04 22:06:17,703 - ColumnMapper - INFO - Column mapping: 5 found, 1 missing
2025-08-04 22:06:17,704 - ColumnMapper - INFO - Column mapping: 5 found, 1 missing
2025-08-04 22:06:17,705 - QBFeatureEngineer_QB - INFO - QB feature engineering completed successfully
2025-08-04 22:06:17,705 - current_data_pipeline - INFO - ✅ Applied QB-specific feature engineering
2025-08-04 22:06:17,705 - current_data_pipeline - INFO - 🔢 Final feature count: 177 features for ML prediction
2025-08-04 22:06:17,707 - current_data_pipeline - INFO - ✅ Created enhanced current inference dataset: 78 records with advanced features
2025-08-04 22:06:18,113 - current_data_pipeline - INFO - Creating enhanced current inference dataset for RB
2025-08-04 22:06:18,113 - current_data_pipeline - INFO - Fetching enhanced current season performance data for 2024
2025-08-04 22:06:18,113 - src.data_storage - INFO - Loading raw data for 2024 season from /Users/jihoonsong/Documents/projects/fantasy_draft_engine/data/raw/player_season_2024.parquet
2025-08-04 22:06:18,118 - current_data_pipeline - INFO - ✅ Loaded existing enhanced 2024 data: 569 records with advanced features
2025-08-04 22:06:18,118 - current_data_pipeline - INFO - 📊 PBP Features: 14 features - ['completions', 'passing_air_yards', 'passing_epa']...
2025-08-04 22:06:18,118 - current_data_pipeline - INFO - 📊 Snap Features: 4 features - ['total_offense_snaps', 'avg_offense_snap_pct', 'total_defense_snaps']...
2025-08-04 22:06:18,118 - current_data_pipeline - INFO - 📊 Basic Features: 5 features - ['carries', 'rushing_yards', 'receptions']...
2025-08-04 22:06:18,118 - current_data_pipeline - INFO - Fetching current roster assignments for 2024
2025-08-04 22:06:18,573 - current_data_pipeline - INFO - Successfully loaded 3215 current roster assignments
2025-08-04 22:06:18,574 - current_data_pipeline - INFO - ✅ Austin Ekeler: WAS RB
2025-08-04 22:06:18,575 - current_data_pipeline - INFO - ✅ Christian McCaffrey: SF RB
2025-08-04 22:06:18,576 - current_data_pipeline - INFO - ✅ Justin Jefferson: MIN WR
2025-08-04 22:06:18,577 - current_data_pipeline - INFO - Filtered rosters to 233 RB players
2025-08-04 22:06:18,577 - current_data_pipeline - INFO - Updating data with current team assignments
2025-08-04 22:06:18,579 - current_data_pipeline - INFO - ✅ Merge preserved all players: 569 → 569
2025-08-04 22:06:18,580 - current_data_pipeline - INFO - Cleaned up 4 suffix columns: ['position_old', 'player_name_old', 'player_name_current']...
2025-08-04 22:06:18,580 - current_data_pipeline - INFO - 🔍 Roster matching: 569/569 players have current roster data
2025-08-04 22:06:18,580 - current_data_pipeline - INFO - ✅ Team assignment update successful for 569 players
2025-08-04 22:06:18,581 - current_data_pipeline - INFO - Position filter: 145 RB players
2025-08-04 22:06:18,581 - current_data_pipeline - INFO - 🔧 Applying advanced feature engineering to 145 RB players
2025-08-04 22:06:18,581 - current_data_pipeline - INFO - 🧮 Adding calculated features to bridge ML feature gap
2025-08-04 22:06:18,581 - current_data_pipeline - INFO - 📊 Calculating per-game metrics using games
2025-08-04 22:06:18,585 - current_data_pipeline - INFO - ✅ Added 39 calculated features
2025-08-04 22:06:18,586 - current_data_pipeline - INFO - ✅ Applied calculated features (per-game metrics and efficiency ratios)
2025-08-04 22:06:18,586 - current_data_pipeline - INFO - 📈 Adding lagged features from 2023 season
2025-08-04 22:06:18,586 - current_data_pipeline - INFO - Loading 2023 season data for lagged features
2025-08-04 22:06:18,586 - src.data_storage - INFO - Loading raw data for 2023 season from /Users/jihoonsong/Documents/projects/fantasy_draft_engine/data/raw/player_season_2023.parquet
2025-08-04 22:06:18,591 - current_data_pipeline - INFO - Loaded 559 players from 2023 season
2025-08-04 22:06:18,592 - current_data_pipeline - INFO - Merging 18 lagged features with current data
2025-08-04 22:06:18,597 - current_data_pipeline - INFO - ✅ Added 26 lagged features (18 direct + 8 derived)
2025-08-04 22:06:18,597 - current_data_pipeline - INFO - 📊 Lagged data matched for 84/145 players
2025-08-04 22:06:18,598 - current_data_pipeline - INFO - ✅ Applied lagged features from previous season
2025-08-04 22:06:18,598 - src.features.opportunity_metrics - INFO - Enhancing existing opportunity metrics
2025-08-04 22:06:18,598 - src.features.opportunity_metrics - INFO - Found existing opportunity metrics: ['receiving_air_yards', 'target_share', 'air_yards_share', 'wopr_x', 'wopr_y']
2025-08-04 22:06:18,598 - src.features.opportunity_metrics - INFO - Air yards related columns: ['passing_air_yards', 'receiving_air_yards', 'air_yards_share', 'air_yards_per_target', 'total_air_yards']
2025-08-04 22:06:18,598 - src.features.opportunity_metrics - INFO - Calculated aDOT from existing air yards data
2025-08-04 22:06:18,598 - src.features.opportunity_metrics - INFO - Calculated enhanced WOPR from existing metrics
2025-08-04 22:06:18,598 - src.features.opportunity_metrics - INFO - Calculating red zone opportunities
2025-08-04 22:06:18,598 - src.features.opportunity_metrics - INFO - Loading play-by-play data for 2024
2025-08-04 22:06:20,048 - src.data_storage - INFO - Created player_name column from 'name' for 49492 players
2025-08-04 22:06:20,172 - src.features.opportunity_metrics - INFO - Loaded 17748 passing plays with column mapping
2025-08-04 22:06:20,173 - src.features.opportunity_metrics - INFO - Using columns - play_type: play_type, air_yards: air_yards, receiver: receiver_player_name
2025-08-04 22:06:20,204 - src.features.opportunity_metrics - INFO - Calculated red zone opportunities for 145 players
2025-08-04 22:06:20,207 - src.features.opportunity_metrics - INFO - Enhanced opportunity metrics for 145 players
2025-08-04 22:06:20,207 - current_data_pipeline - INFO - ✅ Applied opportunity metrics enhancement
2025-08-04 22:06:20,207 - src.features.usage_analytics - INFO - Calculating all usage analytics
2025-08-04 22:06:20,207 - src.features.usage_analytics - INFO - Calculating snap count metrics
2025-08-04 22:06:20,207 - src.features.usage_analytics - INFO - Loading snap count data for 2024
2025-08-04 22:06:20,350 - src.data_storage - INFO - Created player_name column from 'player' for 26600 players
2025-08-04 22:06:20,350 - src.features.usage_analytics - INFO - Loaded snap counts for 26600 player-week records
2025-08-04 22:06:20,350 - src.features.usage_analytics - INFO - Available snap data columns: ['game_id', 'pfr_game_id', 'season', 'game_type', 'week', 'player', 'pfr_player_id', 'position', 'team', 'opponent', 'offense_snaps', 'offense_pct', 'defense_snaps', 'defense_pct', 'st_snaps', 'st_pct', 'player_name']
2025-08-04 22:06:20,350 - src.features.usage_analytics - INFO - Snap data column mapping - snaps: offense_snaps, pct: offense_pct, player: player_name, team: team
2025-08-04 22:06:20,355 - src.features.usage_analytics - INFO - Calculating snaps per game using games column: games
2025-08-04 22:06:20,358 - src.features.usage_analytics - INFO - Successfully merged snap data using columns: ['player_name', 'team', 'total_snaps', 'avg_snap_share', 'snaps_per_game']
2025-08-04 22:06:20,358 - src.features.usage_analytics - INFO - Added snap metrics for 145 players
2025-08-04 22:06:20,358 - src.features.usage_analytics - INFO - Calculating usage efficiency metrics
2025-08-04 22:06:20,359 - src.features.usage_analytics - INFO - Calculated usage efficiency metrics for 145 players
2025-08-04 22:06:20,359 - src.features.usage_analytics - INFO - Calculating advanced route participation metrics
2025-08-04 22:06:21,820 - src.data_storage - INFO - Created player_name column from 'name' for 49492 players
2025-08-04 22:06:21,985 - src.features.usage_analytics - INFO - Calculated advanced route participation for 145 players
2025-08-04 22:06:22,003 - src.features.usage_analytics - INFO - Calculating situational usage metrics
2025-08-04 22:06:22,068 - src.features.usage_analytics - INFO - Calculated situational usage for 145 players
2025-08-04 22:06:22,073 - src.features.usage_analytics - INFO - Completed all usage analytics for 145 players
2025-08-04 22:06:22,073 - current_data_pipeline - INFO - ✅ Applied usage analytics enhancement
2025-08-04 22:06:22,073 - current_data_pipeline - INFO - 🎯 Applying position-specific feature engineering for RB
2025-08-04 22:06:22,074 - ColumnMapper - INFO - Column mapping: 5 found, 1 missing
2025-08-04 22:06:22,075 - ColumnMapper - INFO - Column mapping: 10 found, 1 missing
2025-08-04 22:06:22,075 - RBFeatureEngineer_RB - INFO - Engineering features for 145 RB records
2025-08-04 22:06:22,075 - ColumnMapper - INFO - Column mapping: 5 found, 1 missing
2025-08-04 22:06:22,075 - ColumnMapper - INFO - Column mapping: 10 found, 1 missing
2025-08-04 22:06:22,076 - ColumnMapper - INFO - Column mapping: 11 found, 7 missing
2025-08-04 22:06:22,076 - ColumnMapper - INFO - Column mapping: 5 found, 1 missing
2025-08-04 22:06:22,076 - ColumnMapper - INFO - Column mapping: 10 found, 1 missing
2025-08-04 22:06:22,078 - RBFeatureEngineer_RB - INFO - RB feature engineering completed successfully
2025-08-04 22:06:22,080 - current_data_pipeline - INFO - ✅ Applied RB-specific feature engineering
2025-08-04 22:06:22,080 - current_data_pipeline - INFO - 🔢 Final feature count: 190 features for ML prediction
2025-08-04 22:06:22,083 - current_data_pipeline - INFO - ✅ Created enhanced current inference dataset: 145 records with advanced features
2025-08-04 22:06:22,099 - src.ensemble_model - INFO - 📂 Loading ensemble model from /Users/jihoonsong/Documents/projects/fantasy_draft_engine/saved_models/RB_ensemble_model.joblib
2025-08-04 22:06:22,117 - src.ensemble_model - INFO - 🤖 ENSEMBLE MODEL INITIALIZATION: RB
2025-08-04 22:06:22,118 - src.ensemble_model - INFO - ============================================================
2025-08-04 22:06:22,118 - src.ensemble_model - INFO - ✅ RandomForest hyperparameters for RB:
2025-08-04 22:06:22,118 - src.ensemble_model - INFO -    n_estimators: 300
2025-08-04 22:06:22,118 - src.ensemble_model - INFO -    max_depth: 12
2025-08-04 22:06:22,118 - src.ensemble_model - INFO -    min_samples_split: 8
2025-08-04 22:06:22,118 - src.ensemble_model - INFO -    min_samples_leaf: 2
2025-08-04 22:06:22,118 - src.ensemble_model - INFO -    max_features: 0.8
2025-08-04 22:06:22,118 - src.ensemble_model - INFO -    bootstrap: True
2025-08-04 22:06:22,118 - src.ensemble_model - INFO -    oob_score: True
2025-08-04 22:06:22,118 - src.ensemble_model - INFO -    random_state: 42
2025-08-04 22:06:22,118 - src.ensemble_model - INFO -    n_jobs: -1
2025-08-04 22:06:22,118 - src.ensemble_model - INFO - ✅ LightGBM hyperparameters for RB:
2025-08-04 22:06:22,118 - src.ensemble_model - INFO -    objective: regression_l1
2025-08-04 22:06:22,118 - src.ensemble_model - INFO -    metric: rmse
2025-08-04 22:06:22,118 - src.ensemble_model - INFO -    boosting_type: gbdt
2025-08-04 22:06:22,118 - src.ensemble_model - INFO -    n_estimators: 1000
2025-08-04 22:06:22,118 - src.ensemble_model - INFO -    learning_rate: 0.1
2025-08-04 22:06:22,118 - src.ensemble_model - INFO -    num_leaves: 96
2025-08-04 22:06:22,118 - src.ensemble_model - INFO -    max_depth: 10
2025-08-04 22:06:22,118 - src.ensemble_model - INFO -    min_data_in_leaf: 25
2025-08-04 22:06:22,118 - src.ensemble_model - INFO -    feature_fraction: 0.75
2025-08-04 22:06:22,118 - src.ensemble_model - INFO -    bagging_fraction: 0.8
2025-08-04 22:06:22,118 - src.ensemble_model - INFO -    bagging_freq: 1
2025-08-04 22:06:22,118 - src.ensemble_model - INFO -    lambda_l1: 0.2
2025-08-04 22:06:22,118 - src.ensemble_model - INFO -    lambda_l2: 0.1
2025-08-04 22:06:22,118 - src.ensemble_model - INFO -    min_gain_to_split: 0.02
2025-08-04 22:06:22,118 - src.ensemble_model - INFO -    verbose: -1
2025-08-04 22:06:22,118 - src.ensemble_model - INFO -    n_jobs: -1
2025-08-04 22:06:22,118 - src.ensemble_model - INFO -    seed: 42
2025-08-04 22:06:22,118 - src.ensemble_model - INFO -    force_col_wise: True
2025-08-04 22:06:22,118 - src.ensemble_model - INFO - ✅ Ensemble model initialized for RB
2025-08-04 22:06:22,118 - src.ensemble_model - INFO -    RandomForest: RandomForestRegressor
2025-08-04 22:06:22,118 - src.ensemble_model - INFO -    LightGBM: LGBMRegressor
2025-08-04 22:06:22,118 - src.ensemble_model - INFO -    Dynamic weighting: DynamicEnsembleWeighter
2025-08-04 22:06:22,118 - src.ensemble_model - INFO - ✅ Ensemble model loaded successfully for RB
2025-08-04 22:06:22,118 - src.ensemble_model - INFO -    Created: 2025-08-03T22:49:24.829261
2025-08-04 22:06:22,118 - src.ensemble_model - INFO -    Trained: True
2025-08-04 22:06:22,179 - current_data_pipeline - INFO - Creating enhanced current inference dataset for WR
2025-08-04 22:06:22,179 - current_data_pipeline - INFO - Fetching enhanced current season performance data for 2024
2025-08-04 22:06:22,179 - src.data_storage - INFO - Loading raw data for 2024 season from /Users/jihoonsong/Documents/projects/fantasy_draft_engine/data/raw/player_season_2024.parquet
2025-08-04 22:06:22,185 - current_data_pipeline - INFO - ✅ Loaded existing enhanced 2024 data: 569 records with advanced features
2025-08-04 22:06:22,185 - current_data_pipeline - INFO - 📊 PBP Features: 14 features - ['completions', 'passing_air_yards', 'passing_epa']...
2025-08-04 22:06:22,185 - current_data_pipeline - INFO - 📊 Snap Features: 4 features - ['total_offense_snaps', 'avg_offense_snap_pct', 'total_defense_snaps']...
2025-08-04 22:06:22,185 - current_data_pipeline - INFO - 📊 Basic Features: 5 features - ['carries', 'rushing_yards', 'receptions']...
2025-08-04 22:06:22,185 - current_data_pipeline - INFO - Fetching current roster assignments for 2024
2025-08-04 22:06:22,546 - current_data_pipeline - INFO - Successfully loaded 3215 current roster assignments
2025-08-04 22:06:22,546 - current_data_pipeline - INFO - ✅ Austin Ekeler: WAS RB
2025-08-04 22:06:22,547 - current_data_pipeline - INFO - ✅ Christian McCaffrey: SF RB
2025-08-04 22:06:22,548 - current_data_pipeline - INFO - ✅ Justin Jefferson: MIN WR
2025-08-04 22:06:22,549 - current_data_pipeline - INFO - Filtered rosters to 419 WR players
2025-08-04 22:06:22,549 - current_data_pipeline - INFO - Updating data with current team assignments
2025-08-04 22:06:22,551 - current_data_pipeline - INFO - ✅ Merge preserved all players: 569 → 569
2025-08-04 22:06:22,552 - current_data_pipeline - INFO - Cleaned up 4 suffix columns: ['position_old', 'player_name_old', 'player_name_current']...
2025-08-04 22:06:22,552 - current_data_pipeline - INFO - 🔍 Roster matching: 569/569 players have current roster data
2025-08-04 22:06:22,552 - current_data_pipeline - INFO - ✅ Team assignment update successful for 569 players
2025-08-04 22:06:22,553 - current_data_pipeline - INFO - Position filter: 227 WR players
2025-08-04 22:06:22,553 - current_data_pipeline - INFO - 🔧 Applying advanced feature engineering to 227 WR players
2025-08-04 22:06:22,553 - current_data_pipeline - INFO - 🧮 Adding calculated features to bridge ML feature gap
2025-08-04 22:06:22,553 - current_data_pipeline - INFO - 📊 Calculating per-game metrics using games
2025-08-04 22:06:22,557 - current_data_pipeline - INFO - ✅ Added 39 calculated features
2025-08-04 22:06:22,557 - current_data_pipeline - INFO - ✅ Applied calculated features (per-game metrics and efficiency ratios)
2025-08-04 22:06:22,557 - current_data_pipeline - INFO - 📈 Adding lagged features from 2023 season
2025-08-04 22:06:22,557 - current_data_pipeline - INFO - Loading 2023 season data for lagged features
2025-08-04 22:06:22,557 - src.data_storage - INFO - Loading raw data for 2023 season from /Users/jihoonsong/Documents/projects/fantasy_draft_engine/data/raw/player_season_2023.parquet
2025-08-04 22:06:22,562 - current_data_pipeline - INFO - Loaded 559 players from 2023 season
2025-08-04 22:06:22,564 - current_data_pipeline - INFO - Merging 18 lagged features with current data
2025-08-04 22:06:22,568 - current_data_pipeline - INFO - ✅ Added 26 lagged features (18 direct + 8 derived)
2025-08-04 22:06:22,568 - current_data_pipeline - INFO - 📊 Lagged data matched for 123/227 players
2025-08-04 22:06:22,569 - current_data_pipeline - INFO - ✅ Applied lagged features from previous season
2025-08-04 22:06:22,569 - src.features.opportunity_metrics - INFO - Enhancing existing opportunity metrics
2025-08-04 22:06:22,569 - src.features.opportunity_metrics - INFO - Found existing opportunity metrics: ['receiving_air_yards', 'target_share', 'air_yards_share', 'wopr_x', 'wopr_y']
2025-08-04 22:06:22,569 - src.features.opportunity_metrics - INFO - Air yards related columns: ['passing_air_yards', 'receiving_air_yards', 'air_yards_share', 'air_yards_per_target', 'total_air_yards']
2025-08-04 22:06:22,569 - src.features.opportunity_metrics - INFO - Calculated aDOT from existing air yards data
2025-08-04 22:06:22,569 - src.features.opportunity_metrics - INFO - Calculated enhanced WOPR from existing metrics
2025-08-04 22:06:22,569 - src.features.opportunity_metrics - INFO - Calculating red zone opportunities
2025-08-04 22:06:22,569 - src.features.opportunity_metrics - INFO - Loading play-by-play data for 2024
2025-08-04 22:06:24,064 - src.data_storage - INFO - Created player_name column from 'name' for 49492 players
2025-08-04 22:06:24,189 - src.features.opportunity_metrics - INFO - Loaded 17748 passing plays with column mapping
2025-08-04 22:06:24,189 - src.features.opportunity_metrics - INFO - Using columns - play_type: play_type, air_yards: air_yards, receiver: receiver_player_name
2025-08-04 22:06:24,220 - src.features.opportunity_metrics - INFO - Calculated red zone opportunities for 227 players
2025-08-04 22:06:24,223 - src.features.opportunity_metrics - INFO - Enhanced opportunity metrics for 227 players
2025-08-04 22:06:24,223 - current_data_pipeline - INFO - ✅ Applied opportunity metrics enhancement
2025-08-04 22:06:24,223 - src.features.usage_analytics - INFO - Calculating all usage analytics
2025-08-04 22:06:24,224 - src.features.usage_analytics - INFO - Calculating snap count metrics
2025-08-04 22:06:24,224 - src.features.usage_analytics - INFO - Loading snap count data for 2024
2025-08-04 22:06:24,389 - src.data_storage - INFO - Created player_name column from 'player' for 26600 players
2025-08-04 22:06:24,389 - src.features.usage_analytics - INFO - Loaded snap counts for 26600 player-week records
2025-08-04 22:06:24,390 - src.features.usage_analytics - INFO - Available snap data columns: ['game_id', 'pfr_game_id', 'season', 'game_type', 'week', 'player', 'pfr_player_id', 'position', 'team', 'opponent', 'offense_snaps', 'offense_pct', 'defense_snaps', 'defense_pct', 'st_snaps', 'st_pct', 'player_name']
2025-08-04 22:06:24,390 - src.features.usage_analytics - INFO - Snap data column mapping - snaps: offense_snaps, pct: offense_pct, player: player_name, team: team
2025-08-04 22:06:24,395 - src.features.usage_analytics - INFO - Calculating snaps per game using games column: games
2025-08-04 22:06:24,399 - src.features.usage_analytics - INFO - Successfully merged snap data using columns: ['player_name', 'team', 'total_snaps', 'avg_snap_share', 'snaps_per_game']
2025-08-04 22:06:24,399 - src.features.usage_analytics - INFO - Added snap metrics for 227 players
2025-08-04 22:06:24,399 - src.features.usage_analytics - INFO - Calculating usage efficiency metrics
2025-08-04 22:06:24,401 - src.features.usage_analytics - INFO - Calculated usage efficiency metrics for 227 players
2025-08-04 22:06:24,401 - src.features.usage_analytics - INFO - Calculating advanced route participation metrics
2025-08-04 22:06:25,819 - src.data_storage - INFO - Created player_name column from 'name' for 49492 players
2025-08-04 22:06:25,984 - src.features.usage_analytics - INFO - Calculated advanced route participation for 227 players
2025-08-04 22:06:26,002 - src.features.usage_analytics - INFO - Calculating situational usage metrics
2025-08-04 22:06:26,068 - src.features.usage_analytics - INFO - Calculated situational usage for 227 players
2025-08-04 22:06:26,072 - src.features.usage_analytics - INFO - Completed all usage analytics for 227 players
2025-08-04 22:06:26,073 - current_data_pipeline - INFO - ✅ Applied usage analytics enhancement
2025-08-04 22:06:26,073 - current_data_pipeline - INFO - 🎯 Applying position-specific feature engineering for WR
2025-08-04 22:06:26,075 - ColumnMapper - INFO - Column mapping: 10 found, 1 missing
2025-08-04 22:06:26,075 - WRFeatureEngineer_WR - INFO - Engineering features for 227 WR records
2025-08-04 22:06:26,075 - ColumnMapper - INFO - Column mapping: 10 found, 1 missing
2025-08-04 22:06:26,076 - ColumnMapper - INFO - Column mapping: 11 found, 7 missing
2025-08-04 22:06:26,076 - ColumnMapper - INFO - Column mapping: 10 found, 1 missing
2025-08-04 22:06:26,078 - WRFeatureEngineer_WR - INFO - WR feature engineering completed successfully
2025-08-04 22:06:26,080 - current_data_pipeline - INFO - ✅ Applied WR-specific feature engineering
2025-08-04 22:06:26,080 - current_data_pipeline - INFO - 🔢 Final feature count: 191 features for ML prediction
2025-08-04 22:06:26,084 - current_data_pipeline - INFO - ✅ Created enhanced current inference dataset: 227 records with advanced features
2025-08-04 22:06:26,100 - src.ensemble_model - INFO - 📂 Loading ensemble model from /Users/jihoonsong/Documents/projects/fantasy_draft_engine/saved_models/WR_ensemble_model.joblib
2025-08-04 22:06:26,160 - current_data_pipeline - INFO - Creating enhanced current inference dataset for TE
2025-08-04 22:06:26,160 - current_data_pipeline - INFO - Fetching enhanced current season performance data for 2024
2025-08-04 22:06:26,160 - src.data_storage - INFO - Loading raw data for 2024 season from /Users/jihoonsong/Documents/projects/fantasy_draft_engine/data/raw/player_season_2024.parquet
2025-08-04 22:06:26,165 - current_data_pipeline - INFO - ✅ Loaded existing enhanced 2024 data: 569 records with advanced features
2025-08-04 22:06:26,165 - current_data_pipeline - INFO - 📊 PBP Features: 14 features - ['completions', 'passing_air_yards', 'passing_epa']...
2025-08-04 22:06:26,165 - current_data_pipeline - INFO - 📊 Snap Features: 4 features - ['total_offense_snaps', 'avg_offense_snap_pct', 'total_defense_snaps']...
2025-08-04 22:06:26,165 - current_data_pipeline - INFO - 📊 Basic Features: 5 features - ['carries', 'rushing_yards', 'receptions']...
2025-08-04 22:06:26,165 - current_data_pipeline - INFO - Fetching current roster assignments for 2024
2025-08-04 22:06:26,756 - current_data_pipeline - INFO - Successfully loaded 3215 current roster assignments
2025-08-04 22:06:26,757 - current_data_pipeline - INFO - ✅ Austin Ekeler: WAS RB
2025-08-04 22:06:26,757 - current_data_pipeline - INFO - ✅ Christian McCaffrey: SF RB
2025-08-04 22:06:26,758 - current_data_pipeline - INFO - ✅ Justin Jefferson: MIN WR
2025-08-04 22:06:26,759 - current_data_pipeline - INFO - Filtered rosters to 215 TE players
2025-08-04 22:06:26,759 - current_data_pipeline - INFO - Updating data with current team assignments
2025-08-04 22:06:26,761 - current_data_pipeline - INFO - ✅ Merge preserved all players: 569 → 569
2025-08-04 22:06:26,762 - current_data_pipeline - INFO - Cleaned up 4 suffix columns: ['position_old', 'player_name_old', 'player_name_current']...
2025-08-04 22:06:26,762 - current_data_pipeline - INFO - 🔍 Roster matching: 569/569 players have current roster data
2025-08-04 22:06:26,762 - current_data_pipeline - INFO - ✅ Team assignment update successful for 569 players
2025-08-04 22:06:26,763 - current_data_pipeline - INFO - Position filter: 119 TE players
2025-08-04 22:06:26,763 - current_data_pipeline - INFO - 🔧 Applying advanced feature engineering to 119 TE players
2025-08-04 22:06:26,763 - current_data_pipeline - INFO - 🧮 Adding calculated features to bridge ML feature gap
2025-08-04 22:06:26,763 - current_data_pipeline - INFO - 📊 Calculating per-game metrics using games
2025-08-04 22:06:26,767 - current_data_pipeline - INFO - ✅ Added 39 calculated features
2025-08-04 22:06:26,767 - current_data_pipeline - INFO - ✅ Applied calculated features (per-game metrics and efficiency ratios)
2025-08-04 22:06:26,767 - current_data_pipeline - INFO - 📈 Adding lagged features from 2023 season
2025-08-04 22:06:26,768 - current_data_pipeline - INFO - Loading 2023 season data for lagged features
2025-08-04 22:06:26,768 - src.data_storage - INFO - Loading raw data for 2023 season from /Users/jihoonsong/Documents/projects/fantasy_draft_engine/data/raw/player_season_2023.parquet
2025-08-04 22:06:26,773 - current_data_pipeline - INFO - Loaded 559 players from 2023 season
2025-08-04 22:06:26,775 - current_data_pipeline - INFO - Merging 18 lagged features with current data
2025-08-04 22:06:26,778 - current_data_pipeline - INFO - ✅ Added 26 lagged features (18 direct + 8 derived)
2025-08-04 22:06:26,779 - current_data_pipeline - INFO - 📊 Lagged data matched for 74/119 players
2025-08-04 22:06:26,779 - current_data_pipeline - INFO - ✅ Applied lagged features from previous season
2025-08-04 22:06:26,779 - src.features.opportunity_metrics - INFO - Enhancing existing opportunity metrics
2025-08-04 22:06:26,779 - src.features.opportunity_metrics - INFO - Found existing opportunity metrics: ['receiving_air_yards', 'target_share', 'air_yards_share', 'wopr_x', 'wopr_y']
2025-08-04 22:06:26,779 - src.features.opportunity_metrics - INFO - Air yards related columns: ['passing_air_yards', 'receiving_air_yards', 'air_yards_share', 'air_yards_per_target', 'total_air_yards']
2025-08-04 22:06:26,779 - src.features.opportunity_metrics - INFO - Calculated aDOT from existing air yards data
2025-08-04 22:06:26,779 - src.features.opportunity_metrics - INFO - Calculated enhanced WOPR from existing metrics
2025-08-04 22:06:26,780 - src.features.opportunity_metrics - INFO - Calculating red zone opportunities
2025-08-04 22:06:26,780 - src.features.opportunity_metrics - INFO - Loading play-by-play data for 2024
2025-08-04 22:06:28,192 - src.data_storage - INFO - Created player_name column from 'name' for 49492 players
2025-08-04 22:06:28,318 - src.features.opportunity_metrics - INFO - Loaded 17748 passing plays with column mapping
2025-08-04 22:06:28,318 - src.features.opportunity_metrics - INFO - Using columns - play_type: play_type, air_yards: air_yards, receiver: receiver_player_name
2025-08-04 22:06:28,351 - src.features.opportunity_metrics - INFO - Calculated red zone opportunities for 119 players
2025-08-04 22:06:28,354 - src.features.opportunity_metrics - INFO - Enhanced opportunity metrics for 119 players
2025-08-04 22:06:28,354 - current_data_pipeline - INFO - ✅ Applied opportunity metrics enhancement
2025-08-04 22:06:28,354 - src.features.usage_analytics - INFO - Calculating all usage analytics
2025-08-04 22:06:28,355 - src.features.usage_analytics - INFO - Calculating snap count metrics
2025-08-04 22:06:28,355 - src.features.usage_analytics - INFO - Loading snap count data for 2024
2025-08-04 22:06:28,487 - src.data_storage - INFO - Created player_name column from 'player' for 26600 players
2025-08-04 22:06:28,487 - src.features.usage_analytics - INFO - Loaded snap counts for 26600 player-week records
2025-08-04 22:06:28,487 - src.features.usage_analytics - INFO - Available snap data columns: ['game_id', 'pfr_game_id', 'season', 'game_type', 'week', 'player', 'pfr_player_id', 'position', 'team', 'opponent', 'offense_snaps', 'offense_pct', 'defense_snaps', 'defense_pct', 'st_snaps', 'st_pct', 'player_name']
2025-08-04 22:06:28,487 - src.features.usage_analytics - INFO - Snap data column mapping - snaps: offense_snaps, pct: offense_pct, player: player_name, team: team
2025-08-04 22:06:28,492 - src.features.usage_analytics - INFO - Calculating snaps per game using games column: games
2025-08-04 22:06:28,495 - src.features.usage_analytics - INFO - Successfully merged snap data using columns: ['player_name', 'team', 'total_snaps', 'avg_snap_share', 'snaps_per_game']
2025-08-04 22:06:28,496 - src.features.usage_analytics - INFO - Added snap metrics for 119 players
2025-08-04 22:06:28,496 - src.features.usage_analytics - INFO - Calculating usage efficiency metrics
2025-08-04 22:06:28,497 - src.features.usage_analytics - INFO - Calculated usage efficiency metrics for 119 players
2025-08-04 22:06:28,497 - src.features.usage_analytics - INFO - Calculating advanced route participation metrics
2025-08-04 22:06:29,920 - src.data_storage - INFO - Created player_name column from 'name' for 49492 players
2025-08-04 22:06:30,086 - src.features.usage_analytics - INFO - Calculated advanced route participation for 119 players
2025-08-04 22:06:30,104 - src.features.usage_analytics - INFO - Calculating situational usage metrics
2025-08-04 22:06:30,169 - src.features.usage_analytics - INFO - Calculated situational usage for 119 players
2025-08-04 22:06:30,174 - src.features.usage_analytics - INFO - Completed all usage analytics for 119 players
2025-08-04 22:06:30,174 - current_data_pipeline - INFO - ✅ Applied usage analytics enhancement
2025-08-04 22:06:30,174 - current_data_pipeline - INFO - 🎯 Applying position-specific feature engineering for TE
2025-08-04 22:06:30,176 - ColumnMapper - INFO - Column mapping: 10 found, 1 missing
2025-08-04 22:06:30,176 - TEFeatureEngineer_TE - INFO - Engineering features for 119 TE records
2025-08-04 22:06:30,177 - ColumnMapper - INFO - Column mapping: 10 found, 1 missing
2025-08-04 22:06:30,177 - ColumnMapper - INFO - Column mapping: 11 found, 7 missing
2025-08-04 22:06:30,177 - ColumnMapper - INFO - Column mapping: 10 found, 1 missing
2025-08-04 22:06:30,180 - TEFeatureEngineer_TE - INFO - TE feature engineering completed successfully
2025-08-04 22:06:30,181 - current_data_pipeline - INFO - ✅ Applied TE-specific feature engineering
2025-08-04 22:06:30,182 - current_data_pipeline - INFO - 🔢 Final feature count: 188 features for ML prediction
2025-08-04 22:06:30,184 - current_data_pipeline - INFO - ✅ Created enhanced current inference dataset: 119 records with advanced features
2025-08-04 22:06:30,202 - src.ensemble_model - INFO - 📂 Loading ensemble model from /Users/jihoonsong/Documents/projects/fantasy_draft_engine/saved_models/TE_ensemble_model.joblib
2025-08-04 22:06:30,246 - current_data_pipeline - INFO - Creating enhanced current inference dataset for K
2025-08-04 22:06:30,246 - current_data_pipeline - INFO - Fetching enhanced current season performance data for 2024
2025-08-04 22:06:30,246 - src.data_storage - INFO - Loading raw data for 2024 season from /Users/jihoonsong/Documents/projects/fantasy_draft_engine/data/raw/player_season_2024.parquet
2025-08-04 22:06:30,251 - current_data_pipeline - INFO - ✅ Loaded existing enhanced 2024 data: 569 records with advanced features
2025-08-04 22:06:30,251 - current_data_pipeline - INFO - 📊 PBP Features: 14 features - ['completions', 'passing_air_yards', 'passing_epa']...
2025-08-04 22:06:30,251 - current_data_pipeline - INFO - 📊 Snap Features: 4 features - ['total_offense_snaps', 'avg_offense_snap_pct', 'total_defense_snaps']...
2025-08-04 22:06:30,251 - current_data_pipeline - INFO - 📊 Basic Features: 5 features - ['carries', 'rushing_yards', 'receptions']...
2025-08-04 22:06:30,251 - current_data_pipeline - INFO - Fetching current roster assignments for 2024
2025-08-04 22:06:30,630 - current_data_pipeline - INFO - Successfully loaded 3215 current roster assignments
2025-08-04 22:06:30,631 - current_data_pipeline - INFO - ✅ Austin Ekeler: WAS RB
2025-08-04 22:06:30,631 - current_data_pipeline - INFO - ✅ Christian McCaffrey: SF RB
2025-08-04 22:06:30,632 - current_data_pipeline - INFO - ✅ Justin Jefferson: MIN WR
2025-08-04 22:06:30,634 - current_data_pipeline - INFO - Filtered rosters to 53 K players
2025-08-04 22:06:30,634 - current_data_pipeline - INFO - Updating data with current team assignments
2025-08-04 22:06:30,635 - current_data_pipeline - INFO - ✅ Merge preserved all players: 569 → 569
2025-08-04 22:06:30,637 - current_data_pipeline - INFO - Cleaned up 4 suffix columns: ['position_old', 'player_name_old', 'player_name_current']...
2025-08-04 22:06:30,637 - current_data_pipeline - INFO - 🔍 Roster matching: 569/569 players have current roster data
2025-08-04 22:06:30,637 - current_data_pipeline - INFO - ✅ Team assignment update successful for 569 players
2025-08-04 22:06:30,637 - current_data_pipeline - INFO - Position filter: 0 K players
2025-08-04 22:06:30,637 - current_data_pipeline - INFO - 🔧 Applying advanced feature engineering to 0 K players
2025-08-04 22:06:30,637 - current_data_pipeline - INFO - 🧮 Adding calculated features to bridge ML feature gap
2025-08-04 22:06:30,637 - current_data_pipeline - INFO - ✅ Applied calculated features (per-game metrics and efficiency ratios)
2025-08-04 22:06:30,637 - current_data_pipeline - INFO - 📈 Adding lagged features from 2023 season
2025-08-04 22:06:30,637 - current_data_pipeline - INFO - ✅ Applied lagged features from previous season
2025-08-04 22:06:30,638 - src.features.opportunity_metrics - INFO - Enhancing existing opportunity metrics
2025-08-04 22:06:30,638 - src.features.opportunity_metrics - INFO - Found existing opportunity metrics: ['receiving_air_yards', 'target_share', 'air_yards_share', 'wopr_x', 'wopr_y']
2025-08-04 22:06:30,638 - src.features.opportunity_metrics - INFO - Air yards related columns: ['passing_air_yards', 'receiving_air_yards', 'air_yards_share', 'air_yards_per_target', 'total_air_yards']
2025-08-04 22:06:30,638 - src.features.opportunity_metrics - INFO - Calculated aDOT from existing air yards data
2025-08-04 22:06:30,638 - src.features.opportunity_metrics - INFO - Calculated enhanced WOPR from existing metrics
2025-08-04 22:06:30,638 - src.features.opportunity_metrics - INFO - Calculating red zone opportunities
2025-08-04 22:06:30,638 - src.features.opportunity_metrics - INFO - Loading play-by-play data for 2024
2025-08-04 22:06:32,111 - src.data_storage - INFO - Created player_name column from 'name' for 49492 players
2025-08-04 22:06:32,241 - src.features.opportunity_metrics - INFO - Loaded 17748 passing plays with column mapping
2025-08-04 22:06:32,241 - src.features.opportunity_metrics - INFO - Using columns - play_type: play_type, air_yards: air_yards, receiver: receiver_player_name
2025-08-04 22:06:32,273 - src.features.opportunity_metrics - INFO - Calculated red zone opportunities for 0 players
2025-08-04 22:06:32,276 - src.features.opportunity_metrics - INFO - Enhanced opportunity metrics for 0 players
2025-08-04 22:06:32,277 - current_data_pipeline - INFO - ✅ Applied opportunity metrics enhancement
2025-08-04 22:06:32,277 - src.features.usage_analytics - INFO - Calculating all usage analytics
2025-08-04 22:06:32,277 - src.features.usage_analytics - INFO - Calculating snap count metrics
2025-08-04 22:06:32,277 - src.features.usage_analytics - INFO - Loading snap count data for 2024
2025-08-04 22:06:32,433 - src.data_storage - INFO - Created player_name column from 'player' for 26600 players
2025-08-04 22:06:32,433 - src.features.usage_analytics - INFO - Loaded snap counts for 26600 player-week records
2025-08-04 22:06:32,434 - src.features.usage_analytics - INFO - Available snap data columns: ['game_id', 'pfr_game_id', 'season', 'game_type', 'week', 'player', 'pfr_player_id', 'position', 'team', 'opponent', 'offense_snaps', 'offense_pct', 'defense_snaps', 'defense_pct', 'st_snaps', 'st_pct', 'player_name']
2025-08-04 22:06:32,434 - src.features.usage_analytics - INFO - Snap data column mapping - snaps: offense_snaps, pct: offense_pct, player: player_name, team: team
2025-08-04 22:06:32,439 - src.features.usage_analytics - INFO - Calculating snaps per game using games column: games
2025-08-04 22:06:32,441 - src.features.usage_analytics - INFO - Successfully merged snap data using columns: ['player_name', 'team', 'total_snaps', 'avg_snap_share', 'snaps_per_game']
2025-08-04 22:06:32,441 - src.features.usage_analytics - INFO - Added snap metrics for 0 players
2025-08-04 22:06:32,441 - src.features.usage_analytics - INFO - Calculating usage efficiency metrics
2025-08-04 22:06:32,443 - src.features.usage_analytics - INFO - Calculated usage efficiency metrics for 0 players
2025-08-04 22:06:32,443 - src.features.usage_analytics - INFO - Calculating advanced route participation metrics
2025-08-04 22:06:33,881 - src.data_storage - INFO - Created player_name column from 'name' for 49492 players
2025-08-04 22:06:34,050 - src.features.usage_analytics - INFO - Calculated advanced route participation for 0 players
2025-08-04 22:06:34,068 - src.features.usage_analytics - INFO - Calculating situational usage metrics
2025-08-04 22:06:34,135 - src.features.usage_analytics - INFO - Calculated situational usage for 0 players
2025-08-04 22:06:34,140 - src.features.usage_analytics - INFO - Completed all usage analytics for 0 players
2025-08-04 22:06:34,140 - current_data_pipeline - INFO - ✅ Applied usage analytics enhancement
2025-08-04 22:06:34,140 - current_data_pipeline - INFO - 🎯 Applying position-specific feature engineering for K
2025-08-04 22:06:34,141 - KFeatureEngineer_K - INFO - Engineering features for 0 K records
2025-08-04 22:06:34,141 - KFeatureEngineer_K - WARNING - Empty DataFrame provided for K feature engineering
2025-08-04 22:06:34,141 - current_data_pipeline - WARNING - ⚠️ Position-specific feature engineering failed for K
2025-08-04 22:06:34,141 - current_data_pipeline - INFO - 🔢 Final feature count: 103 features for ML prediction
2025-08-04 22:06:34,142 - current_data_pipeline - INFO - ✅ Created enhanced current inference dataset: 0 records with advanced features
2025-08-04 22:06:34,160 - feature_engineering - INFO - 🏗️ FEATURE ENGINEERING START: 2023 → 2024
2025-08-04 22:06:34,160 - feature_engineering - INFO - ================================================================================
2025-08-04 22:06:34,160 - feature_engineering - INFO - 📊 Configuration:
2025-08-04 22:06:34,160 - feature_engineering - INFO -    Target season: 2023
2025-08-04 22:06:34,160 - feature_engineering - INFO -    Prediction season: 2024
2025-08-04 22:06:34,160 - feature_engineering - INFO -    Matchup intelligence: False
2025-08-04 22:06:34,160 - feature_engineering - INFO -    Position-specific features: True
2025-08-04 22:06:34,160 - feature_engineering - INFO -    Weeks ahead SOS: 4
2025-08-04 22:06:34,160 - feature_engineering - INFO -    Historical seasons: [2022, 2023]
2025-08-04 22:06:34,160 - feature_engineering - INFO - ================================================================================
2025-08-04 22:06:34,160 - src.data_storage - INFO - Loading raw data for 2024 season from /Users/jihoonsong/Documents/projects/fantasy_draft_engine/data/raw/player_season_2024.parquet
2025-08-04 22:06:34,165 - feature_engineering - INFO - Successfully loaded actuals data for 2024 to create target variable.
2025-08-04 22:06:34,165 - src.data_storage - INFO - Loading raw data for 2022 season from /Users/jihoonsong/Documents/projects/fantasy_draft_engine/data/raw/player_season_2022.parquet
2025-08-04 22:06:34,169 - src.data_storage - INFO - Loading raw data for 2023 season from /Users/jihoonsong/Documents/projects/fantasy_draft_engine/data/raw/player_season_2023.parquet
2025-08-04 22:06:34,174 - feature_engineering - INFO - Converted 'birth_date' column to datetime for season 2023 in current_season_df
2025-08-04 22:06:34,174 - feature_engineering - INFO - 🔧 COMPREHENSIVE DATA ENHANCEMENT: Adding missing columns for enhanced features
2025-08-04 22:06:34,174 - src.current_data_pipeline - INFO - Fetching current roster assignments for 2023
2025-08-04 22:06:34,571 - src.current_data_pipeline - INFO - Successfully loaded 3089 current roster assignments
2025-08-04 22:06:34,572 - src.current_data_pipeline - INFO - ✅ Austin Ekeler: LAC RB
2025-08-04 22:06:34,572 - src.current_data_pipeline - INFO - ✅ Christian McCaffrey: SF RB
2025-08-04 22:06:34,573 - src.current_data_pipeline - INFO - ✅ Justin Jefferson: MIN WR
2025-08-04 22:06:34,575 - feature_engineering - INFO - ✅ Loaded 3089 roster entries for data enhancement
2025-08-04 22:06:34,575 - feature_engineering - INFO -    Will add position → position
2025-08-04 22:06:34,575 - feature_engineering - INFO -    Will add current_team → team
2025-08-04 22:06:34,575 - feature_engineering - INFO -    Will add player_name → player_name
2025-08-04 22:06:34,575 - feature_engineering - INFO - 🔗 Merging roster data: ['player_id', 'position', 'current_team', 'player_name']
2025-08-04 22:06:34,577 - feature_engineering - INFO -    ✅ Standardized 'current_team' → 'team'
2025-08-04 22:06:34,579 - feature_engineering - INFO -    ➕ Added default column 'draftround' = 7
2025-08-04 22:06:34,579 - feature_engineering - INFO -    ➕ Added default column 'draft_club' = UNK
2025-08-04 22:06:34,579 - feature_engineering - INFO -    ➕ Added default column 'height' = 72
2025-08-04 22:06:34,579 - feature_engineering - INFO -    ➕ Added default column 'weight' = 200
2025-08-04 22:06:34,579 - feature_engineering - INFO -    ➕ Added default column 'college' = Unknown
2025-08-04 22:06:34,580 - feature_engineering - INFO -    ✅ Extracted first_name and last_name from player_name
2025-08-04 22:06:34,580 - feature_engineering - INFO -    🎯 Filtered to fantasy positions: 559 players
2025-08-04 22:06:34,580 - feature_engineering - INFO -    📊 Position breakdown: {'WR': 212, 'RB': 149, 'TE': 115, 'QB': 83}
2025-08-04 22:06:34,580 - feature_engineering - INFO - ✅ COMPREHENSIVE ENHANCEMENT COMPLETE
2025-08-04 22:06:34,580 - feature_engineering - INFO -    Final data shape: (559, 88)
2025-08-04 22:06:34,580 - feature_engineering - INFO -    Available teams: ['ARI', 'ATL', 'BAL', 'BUF', 'CAR', 'CHI', 'CIN', 'CLE', 'DAL', 'DEN', 'DET', 'GB', 'HOU', 'IND', 'JAX', 'KC', 'LA', 'LAC', 'LV', 'MIA', 'MIN', 'NE', 'NO', 'NYG', 'NYJ', 'PHI', 'PIT', 'SEA', 'SF', 'TB', 'TEN', 'WAS']
2025-08-04 22:06:34,580 - feature_engineering - INFO -    Available positions: ['QB', 'RB', 'TE', 'WR']
2025-08-04 22:06:34,581 - feature_engineering - INFO - ✅ Data validation passed - required columns present: ['position', 'games', 'player_id']
2025-08-04 22:06:34,581 - feature_engineering - INFO -    Data shape: (559, 88)
2025-08-04 22:06:34,581 - feature_engineering - INFO -    Available positions: ['QB', 'RB', 'TE', 'WR']
2025-08-04 22:06:34,581 - feature_engineering - INFO - Calculating per-game statistics
2025-08-04 22:06:34,587 - feature_engineering - INFO - Calculating efficiency metrics
2025-08-04 22:06:34,592 - feature_engineering - INFO - Calculating team-level aggregates
2025-08-04 22:06:34,593 - feature_engineering - INFO - Calculating usage metrics
2025-08-04 22:06:34,597 - feature_engineering - INFO - Creating lagged features from previous season
2025-08-04 22:06:34,600 - feature_engineering - INFO - Handling rookies for prediction
2025-08-04 22:06:34,609 - feature_engineering - INFO - Identified 0 rookies for 2024 season
2025-08-04 22:06:34,613 - feature_engineering - INFO - Handling players with minimal data (less than 4 games)
2025-08-04 22:06:34,613 - feature_engineering - INFO - Applied baseline FPPG of 1.0 to 32 QB players with minimal data
2025-08-04 22:06:34,613 - feature_engineering - INFO - Applied baseline FPPG of 1.0 to 46 RB players with minimal data
2025-08-04 22:06:34,614 - feature_engineering - INFO - Applied baseline FPPG of 1.0 to 74 WR players with minimal data
2025-08-04 22:06:34,614 - feature_engineering - INFO - Applied baseline FPPG of 1.0 to 35 TE players with minimal data
2025-08-04 22:06:34,614 - feature_engineering - INFO - Applied baseline FPPG of 1.0 to 0 K players with minimal data
2025-08-04 22:06:34,614 - feature_engineering - INFO - 🎯 STEP 9: Adding Opportunity Metrics
2025-08-04 22:06:34,614 - feature_engineering - INFO -    Adding opportunity metrics for 149 RB players
2025-08-04 22:06:34,614 - src.features.opportunity_metrics - INFO - Enhancing existing opportunity metrics
2025-08-04 22:06:34,614 - src.features.opportunity_metrics - INFO - Found existing opportunity metrics: ['receiving_air_yards', 'target_share', 'air_yards_share', 'wopr_x', 'wopr_y']
2025-08-04 22:06:34,614 - src.features.opportunity_metrics - INFO - Air yards related columns: ['passing_air_yards', 'receiving_air_yards', 'air_yards_share', 'air_yards_per_target', 'total_air_yards']
2025-08-04 22:06:34,615 - src.features.opportunity_metrics - INFO - Calculated aDOT from existing air yards data
2025-08-04 22:06:34,615 - src.features.opportunity_metrics - INFO - Calculated enhanced WOPR from existing metrics
2025-08-04 22:06:34,615 - src.features.opportunity_metrics - INFO - Calculating red zone opportunities
2025-08-04 22:06:34,615 - src.features.opportunity_metrics - INFO - Loading play-by-play data for 2023
2025-08-04 22:06:36,702 - src.data_storage - INFO - Created player_name column from 'name' for 49665 players
2025-08-04 22:06:36,841 - src.features.opportunity_metrics - INFO - Loaded 18373 passing plays with column mapping
2025-08-04 22:06:36,841 - src.features.opportunity_metrics - INFO - Using columns - play_type: play_type, air_yards: air_yards, receiver: receiver_player_name
2025-08-04 22:06:36,875 - src.features.opportunity_metrics - INFO - Calculated red zone opportunities for 149 players
2025-08-04 22:06:36,878 - src.features.opportunity_metrics - INFO - Enhanced opportunity metrics for 149 players
2025-08-04 22:06:36,894 - feature_engineering - INFO -    ✅ Added 4 opportunity metrics for RB: ['target_share', 'air_yards_share', 'adot', 'red_zone_opportunities']
2025-08-04 22:06:36,894 - feature_engineering - INFO -    Adding opportunity metrics for 212 WR players
2025-08-04 22:06:36,895 - src.features.opportunity_metrics - INFO - Enhancing existing opportunity metrics
2025-08-04 22:06:36,895 - src.features.opportunity_metrics - INFO - Found existing opportunity metrics: ['receiving_air_yards', 'target_share', 'air_yards_share', 'wopr_x', 'wopr_y']
2025-08-04 22:06:36,895 - src.features.opportunity_metrics - INFO - Air yards related columns: ['passing_air_yards', 'receiving_air_yards', 'air_yards_share', 'air_yards_per_target', 'total_air_yards']
2025-08-04 22:06:36,895 - src.features.opportunity_metrics - INFO - Enhanced opportunity metrics for 212 players
2025-08-04 22:06:36,901 - feature_engineering - INFO -    ✅ Added 4 opportunity metrics for WR: ['target_share', 'air_yards_share', 'adot', 'red_zone_opportunities']
2025-08-04 22:06:36,902 - feature_engineering - INFO -    Adding opportunity metrics for 115 TE players
2025-08-04 22:06:36,902 - src.features.opportunity_metrics - INFO - Enhancing existing opportunity metrics
2025-08-04 22:06:36,902 - src.features.opportunity_metrics - INFO - Found existing opportunity metrics: ['receiving_air_yards', 'target_share', 'air_yards_share', 'wopr_x', 'wopr_y']
2025-08-04 22:06:36,902 - src.features.opportunity_metrics - INFO - Air yards related columns: ['passing_air_yards', 'receiving_air_yards', 'air_yards_share', 'air_yards_per_target', 'total_air_yards']
2025-08-04 22:06:36,902 - src.features.opportunity_metrics - INFO - Enhanced opportunity metrics for 115 players
2025-08-04 22:06:36,908 - feature_engineering - INFO -    ✅ Added 4 opportunity metrics for TE: ['target_share', 'air_yards_share', 'adot', 'red_zone_opportunities']
2025-08-04 22:06:36,908 - feature_engineering - INFO - ✅ Opportunity metrics integration complete
2025-08-04 22:06:36,908 - feature_engineering - INFO - 📊 STEP 10: Adding Usage Analytics
2025-08-04 22:06:36,908 - feature_engineering - INFO -    Adding usage analytics for 34 RB players
2025-08-04 22:06:36,909 - src.features.usage_analytics - INFO - Calculating all usage analytics
2025-08-04 22:06:36,909 - src.features.usage_analytics - INFO - Calculating snap count metrics
2025-08-04 22:06:36,909 - src.features.usage_analytics - INFO - Loading snap count data for 2024
2025-08-04 22:06:37,039 - src.data_storage - INFO - Created player_name column from 'player' for 26600 players
2025-08-04 22:06:37,039 - src.features.usage_analytics - INFO - Loaded snap counts for 26600 player-week records
2025-08-04 22:06:37,039 - src.features.usage_analytics - INFO - Available snap data columns: ['game_id', 'pfr_game_id', 'season', 'game_type', 'week', 'player', 'pfr_player_id', 'position', 'team', 'opponent', 'offense_snaps', 'offense_pct', 'defense_snaps', 'defense_pct', 'st_snaps', 'st_pct', 'player_name']
2025-08-04 22:06:37,039 - src.features.usage_analytics - INFO - Snap data column mapping - snaps: offense_snaps, pct: offense_pct, player: player_name, team: team
2025-08-04 22:06:37,045 - src.features.usage_analytics - INFO - Calculating snaps per game using games column: games
2025-08-04 22:06:37,048 - src.features.usage_analytics - INFO - Successfully merged snap data using columns: ['player_name', 'team', 'total_snaps', 'avg_snap_share', 'snaps_per_game']
2025-08-04 22:06:37,049 - src.features.usage_analytics - INFO - Added snap metrics for 34 players
2025-08-04 22:06:37,049 - src.features.usage_analytics - INFO - Calculating usage efficiency metrics
2025-08-04 22:06:37,050 - src.features.usage_analytics - INFO - Calculated usage efficiency metrics for 34 players
2025-08-04 22:06:37,050 - src.features.usage_analytics - INFO - Calculating advanced route participation metrics
2025-08-04 22:06:38,474 - src.data_storage - INFO - Created player_name column from 'name' for 49492 players
2025-08-04 22:06:38,639 - src.features.usage_analytics - INFO - Calculated advanced route participation for 34 players
2025-08-04 22:06:38,657 - src.features.usage_analytics - INFO - Calculating situational usage metrics
2025-08-04 22:06:38,721 - src.features.usage_analytics - INFO - Calculated situational usage for 34 players
2025-08-04 22:06:38,725 - src.features.usage_analytics - INFO - Completed all usage analytics for 34 players
2025-08-04 22:06:38,771 - feature_engineering - INFO -    ✅ Added 3 usage metrics for RB: ['targets_per_snap', 'route_participation', 'high_value_touches']
2025-08-04 22:06:38,772 - feature_engineering - INFO -    Adding usage analytics for 212 WR players
2025-08-04 22:06:38,773 - src.features.usage_analytics - INFO - Calculating all usage analytics
2025-08-04 22:06:38,773 - src.features.usage_analytics - INFO - Calculating snap count metrics
2025-08-04 22:06:38,773 - src.features.usage_analytics - INFO - Available snap data columns: ['game_id', 'pfr_game_id', 'season', 'game_type', 'week', 'player', 'pfr_player_id', 'position', 'team', 'opponent', 'offense_snaps', 'offense_pct', 'defense_snaps', 'defense_pct', 'st_snaps', 'st_pct', 'player_name']
2025-08-04 22:06:38,773 - src.features.usage_analytics - INFO - Snap data column mapping - snaps: offense_snaps, pct: offense_pct, player: player_name, team: team
2025-08-04 22:06:38,777 - src.features.usage_analytics - INFO - Calculating snaps per game using games column: games
2025-08-04 22:06:38,780 - src.features.usage_analytics - INFO - Successfully merged snap data using columns: ['player_name', 'team', 'total_snaps', 'avg_snap_share', 'snaps_per_game']
2025-08-04 22:06:38,780 - src.features.usage_analytics - ERROR - Error calculating snap metrics: 'total_snaps'
2025-08-04 22:06:38,780 - src.features.usage_analytics - INFO - Calculating usage efficiency metrics
2025-08-04 22:06:38,781 - src.features.usage_analytics - INFO - Calculated usage efficiency metrics for 212 players
2025-08-04 22:06:38,781 - src.features.usage_analytics - INFO - Calculating advanced route participation metrics
2025-08-04 22:06:38,815 - src.features.usage_analytics - INFO - Calculated advanced route participation for 212 players
2025-08-04 22:06:38,815 - src.features.usage_analytics - INFO - Calculating situational usage metrics
2025-08-04 22:06:38,855 - src.features.usage_analytics - ERROR - Error calculating situational usage: 'red_zone_usage'
2025-08-04 22:06:38,860 - src.features.usage_analytics - INFO - Completed all usage analytics for 212 players
2025-08-04 22:06:38,876 - feature_engineering - INFO -    ✅ Added 3 usage metrics for WR: ['targets_per_snap', 'route_participation', 'high_value_touches']
2025-08-04 22:06:38,876 - feature_engineering - INFO -    Adding usage analytics for 115 TE players
2025-08-04 22:06:38,876 - src.features.usage_analytics - INFO - Calculating all usage analytics
2025-08-04 22:06:38,876 - src.features.usage_analytics - INFO - Calculating snap count metrics
2025-08-04 22:06:38,876 - src.features.usage_analytics - INFO - Available snap data columns: ['game_id', 'pfr_game_id', 'season', 'game_type', 'week', 'player', 'pfr_player_id', 'position', 'team', 'opponent', 'offense_snaps', 'offense_pct', 'defense_snaps', 'defense_pct', 'st_snaps', 'st_pct', 'player_name']
2025-08-04 22:06:38,876 - src.features.usage_analytics - INFO - Snap data column mapping - snaps: offense_snaps, pct: offense_pct, player: player_name, team: team
2025-08-04 22:06:38,880 - src.features.usage_analytics - INFO - Calculating snaps per game using games column: games
2025-08-04 22:06:38,883 - src.features.usage_analytics - INFO - Successfully merged snap data using columns: ['player_name', 'team', 'total_snaps', 'avg_snap_share', 'snaps_per_game']
2025-08-04 22:06:38,883 - src.features.usage_analytics - ERROR - Error calculating snap metrics: 'total_snaps'
2025-08-04 22:06:38,883 - src.features.usage_analytics - INFO - Calculating usage efficiency metrics
2025-08-04 22:06:38,884 - src.features.usage_analytics - INFO - Calculated usage efficiency metrics for 115 players
2025-08-04 22:06:38,884 - src.features.usage_analytics - INFO - Calculating advanced route participation metrics
2025-08-04 22:06:38,919 - src.features.usage_analytics - INFO - Calculated advanced route participation for 115 players
2025-08-04 22:06:38,919 - src.features.usage_analytics - INFO - Calculating situational usage metrics
2025-08-04 22:06:38,958 - src.features.usage_analytics - ERROR - Error calculating situational usage: 'red_zone_usage'
2025-08-04 22:06:38,963 - src.features.usage_analytics - INFO - Completed all usage analytics for 115 players
2025-08-04 22:06:38,978 - feature_engineering - INFO -    ✅ Added 3 usage metrics for TE: ['targets_per_snap', 'route_participation', 'high_value_touches']
2025-08-04 22:06:38,978 - feature_engineering - INFO - ✅ Usage analytics integration complete
2025-08-04 22:06:38,978 - feature_engineering - INFO - 🔧 PHASE 2: Enhanced Position-Specific Features
2025-08-04 22:06:38,979 - feature_engineering - INFO - Applying enhanced QB feature engineering to 83 players
2025-08-04 22:06:38,979 - ColumnMapper - INFO - Column mapping: 9 found, 1 missing
2025-08-04 22:06:38,979 - QBFeatureEngineer_QB - INFO - Engineering features for 83 QB records
2025-08-04 22:06:38,979 - ColumnMapper - INFO - Column mapping: 9 found, 1 missing
2025-08-04 22:06:38,980 - ColumnMapper - INFO - Column mapping: 16 found, 2 missing
2025-08-04 22:06:38,980 - ColumnMapper - INFO - Column mapping: 10 found, 0 missing
2025-08-04 22:06:38,980 - ColumnMapper - INFO - Column mapping: 5 found, 1 missing
2025-08-04 22:06:38,981 - ColumnMapper - INFO - Column mapping: 5 found, 1 missing
2025-08-04 22:06:38,981 - QBFeatureEngineer_QB - INFO - QB feature engineering completed successfully
2025-08-04 22:06:38,982 - feature_engineering - INFO - Successfully enhanced QB features: 181 total columns
2025-08-04 22:06:38,982 - feature_engineering - INFO - Applying enhanced RB feature engineering to 6 players
2025-08-04 22:06:38,982 - src.data.feature_engineering.position.rb_features - INFO - 🏈 RB FEATURE ENGINEERING START
2025-08-04 22:06:38,982 - src.data.feature_engineering.position.rb_features - INFO - ============================================================
2025-08-04 22:06:38,982 - src.data.feature_engineering.position.rb_features - INFO - Processing 6 RB players
2025-08-04 22:06:38,982 - src.data.feature_engineering.position.rb_features - INFO - Input columns: 172
2025-08-04 22:06:38,982 - src.data.feature_engineering.position.rb_features - INFO - Available RB-relevant columns (67): ['passing_yards', 'sack_yards', 'passing_air_yards', 'passing_yards_after_catch', 'rushing_yards', 'rushing_tds', 'rushing_fumbles_x', 'rushing_fumbles_lost', 'rushing_first_downs', 'rushing_epa']...
2025-08-04 22:06:38,982 - src.data.feature_engineering.position.rb_features - INFO - 1️⃣ Calculating basic efficiency metrics...
2025-08-04 22:06:38,982 - src.data.feature_engineering.position.rb_features - INFO -    📊 Calculating RB efficiency metrics...
2025-08-04 22:06:38,982 - src.data.feature_engineering.position.rb_features - INFO -       Using 'rushing_yards' for rushing_yards
2025-08-04 22:06:38,982 - src.data.feature_engineering.position.rb_features - INFO -       Using 'carries' for carries
2025-08-04 22:06:38,982 - src.data.feature_engineering.position.rb_features - INFO -       Using 'receiving_yards' for receiving_yards
2025-08-04 22:06:38,982 - src.data.feature_engineering.position.rb_features - INFO -       Using 'receptions' for receptions
2025-08-04 22:06:38,982 - src.data.feature_engineering.position.rb_features - INFO -       Using 'rushing_tds' for rushing_tds
2025-08-04 22:06:38,983 - src.data.feature_engineering.position.rb_features - INFO -       ✅ Calculated catch_rate using targets
2025-08-04 22:06:38,983 - src.data.feature_engineering.position.rb_features - INFO -    ✅ RB efficiency metrics calculated successfully
2025-08-04 22:06:38,983 - src.data.feature_engineering.position.rb_features - INFO -    ✅ Efficiency metrics complete: 6 players retained
2025-08-04 22:06:38,983 - src.data.feature_engineering.position.rb_features - INFO - 2️⃣ Calculating per-game averages...
2025-08-04 22:06:38,984 - src.data.feature_engineering.position.rb_features - INFO -    ✅ Per-game metrics complete: 6 players retained
2025-08-04 22:06:38,984 - src.data.feature_engineering.position.rb_features - INFO - 3️⃣ Calculating usage metrics...
2025-08-04 22:06:38,984 - src.data.feature_engineering.position.rb_features - INFO -    ✅ Usage metrics complete: 6 players retained
2025-08-04 22:06:38,984 - src.data.feature_engineering.position.rb_features - INFO - 4️⃣ Adding opportunity metrics...
2025-08-04 22:06:38,985 - src.data.feature_engineering.position.rb_features - INFO - Adding opportunity metrics for RBs
2025-08-04 22:06:38,985 - src.features.opportunity_metrics - INFO - Enhancing existing opportunity metrics
2025-08-04 22:06:38,985 - src.features.opportunity_metrics - INFO - Found existing opportunity metrics: ['receiving_air_yards', 'target_share', 'air_yards_share', 'wopr_x', 'wopr_y']
2025-08-04 22:06:38,985 - src.features.opportunity_metrics - INFO - Air yards related columns: ['passing_air_yards', 'receiving_air_yards', 'air_yards_share', 'air_yards_per_target', 'total_air_yards']
2025-08-04 22:06:38,985 - src.features.opportunity_metrics - INFO - Enhanced opportunity metrics for 6 players
2025-08-04 22:06:38,986 - src.data.feature_engineering.position.rb_features - INFO - Successfully added opportunity metrics to 6 RB players
2025-08-04 22:06:38,986 - src.data.feature_engineering.position.rb_features - INFO -    ✅ Opportunity metrics complete: 6 players retained
2025-08-04 22:06:38,986 - src.data.feature_engineering.position.rb_features - INFO - 5️⃣ Adding usage analytics...
2025-08-04 22:06:38,986 - src.data.feature_engineering.position.rb_features - INFO - Adding usage analytics for RBs
2025-08-04 22:06:38,986 - src.features.usage_analytics - INFO - Calculating all usage analytics
2025-08-04 22:06:38,986 - src.features.usage_analytics - INFO - Calculating snap count metrics
2025-08-04 22:06:38,986 - src.features.usage_analytics - INFO - Loading snap count data for 2024
2025-08-04 22:06:39,120 - src.data_storage - INFO - Created player_name column from 'player' for 26600 players
2025-08-04 22:06:39,120 - src.features.usage_analytics - INFO - Loaded snap counts for 26600 player-week records
2025-08-04 22:06:39,120 - src.features.usage_analytics - INFO - Available snap data columns: ['game_id', 'pfr_game_id', 'season', 'game_type', 'week', 'player', 'pfr_player_id', 'position', 'team', 'opponent', 'offense_snaps', 'offense_pct', 'defense_snaps', 'defense_pct', 'st_snaps', 'st_pct', 'player_name']
2025-08-04 22:06:39,120 - src.features.usage_analytics - INFO - Snap data column mapping - snaps: offense_snaps, pct: offense_pct, player: player_name, team: team
2025-08-04 22:06:39,126 - src.features.usage_analytics - INFO - Calculating snaps per game using games column: games
2025-08-04 22:06:39,129 - src.features.usage_analytics - INFO - Successfully merged snap data using columns: ['player_name', 'team', 'total_snaps', 'avg_snap_share', 'snaps_per_game']
2025-08-04 22:06:39,129 - src.features.usage_analytics - ERROR - Error calculating snap metrics: 'total_snaps'
2025-08-04 22:06:39,129 - src.features.usage_analytics - INFO - Calculating usage efficiency metrics
2025-08-04 22:06:39,130 - src.features.usage_analytics - INFO - Calculated usage efficiency metrics for 6 players
2025-08-04 22:06:39,130 - src.features.usage_analytics - INFO - Calculating advanced route participation metrics
2025-08-04 22:06:40,565 - src.data_storage - INFO - Created player_name column from 'name' for 49492 players
2025-08-04 22:06:40,729 - src.features.usage_analytics - INFO - Calculated advanced route participation for 6 players
2025-08-04 22:06:40,747 - src.features.usage_analytics - INFO - Calculating situational usage metrics
2025-08-04 22:06:40,787 - src.features.usage_analytics - ERROR - Error calculating situational usage: 'red_zone_usage'
2025-08-04 22:06:40,792 - src.features.usage_analytics - INFO - Completed all usage analytics for 6 players
2025-08-04 22:06:40,792 - src.data.feature_engineering.position.rb_features - INFO - Successfully added usage analytics to 6 RB players
2025-08-04 22:06:40,801 - src.data.feature_engineering.position.rb_features - INFO -    ✅ Usage analytics complete: 6 players retained
2025-08-04 22:06:40,801 - src.data.feature_engineering.position.rb_features - INFO - 6️⃣ Calculating advanced RB metrics...
2025-08-04 22:06:40,804 - src.data.feature_engineering.position.rb_features - INFO -    ✅ Advanced metrics complete: 6 players retained
2025-08-04 22:06:40,804 - src.data.feature_engineering.position.rb_features - INFO - ✅ No RB players lost during feature engineering
2025-08-04 22:06:40,804 - src.data.feature_engineering.position.rb_features - INFO - 🏈 RB FEATURE ENGINEERING COMPLETE
2025-08-04 22:06:40,804 - src.data.feature_engineering.position.rb_features - INFO -    Final players: 6
2025-08-04 22:06:40,804 - src.data.feature_engineering.position.rb_features - INFO -    Final features: 201
2025-08-04 22:06:40,804 - src.data.feature_engineering.position.rb_features - INFO - ============================================================
2025-08-04 22:06:40,804 - feature_engineering - INFO - Successfully enhanced RB features: 201 total columns
2025-08-04 22:06:40,804 - feature_engineering - INFO - Applying enhanced WR feature engineering to 76 players
2025-08-04 22:06:40,804 - src.data.feature_engineering.position.wr_features - INFO - Engineering features for 76 WR players
2025-08-04 22:06:40,806 - src.data.feature_engineering.position.wr_features - INFO - Adding opportunity metrics for WRs
2025-08-04 22:06:40,806 - src.features.opportunity_metrics - INFO - Enhancing existing opportunity metrics
2025-08-04 22:06:40,806 - src.features.opportunity_metrics - INFO - Found existing opportunity metrics: ['receiving_air_yards', 'target_share', 'air_yards_share', 'wopr_x', 'wopr_y']
2025-08-04 22:06:40,806 - src.features.opportunity_metrics - INFO - Air yards related columns: ['passing_air_yards', 'receiving_air_yards', 'air_yards_share', 'air_yards_per_target', 'total_air_yards']
2025-08-04 22:06:40,806 - src.features.opportunity_metrics - INFO - Enhanced opportunity metrics for 76 players
2025-08-04 22:06:40,807 - src.data.feature_engineering.position.wr_features - INFO - Adding usage analytics for WRs
2025-08-04 22:06:40,807 - src.features.usage_analytics - INFO - Calculating all usage analytics
2025-08-04 22:06:40,807 - src.features.usage_analytics - INFO - Calculating snap count metrics
2025-08-04 22:06:40,807 - src.features.usage_analytics - INFO - Loading snap count data for 2024
2025-08-04 22:06:40,963 - src.data_storage - INFO - Created player_name column from 'player' for 26600 players
2025-08-04 22:06:40,963 - src.features.usage_analytics - INFO - Loaded snap counts for 26600 player-week records
2025-08-04 22:06:40,963 - src.features.usage_analytics - INFO - Available snap data columns: ['game_id', 'pfr_game_id', 'season', 'game_type', 'week', 'player', 'pfr_player_id', 'position', 'team', 'opponent', 'offense_snaps', 'offense_pct', 'defense_snaps', 'defense_pct', 'st_snaps', 'st_pct', 'player_name']
2025-08-04 22:06:40,963 - src.features.usage_analytics - INFO - Snap data column mapping - snaps: offense_snaps, pct: offense_pct, player: player_name, team: team
2025-08-04 22:06:40,969 - src.features.usage_analytics - INFO - Calculating snaps per game using games column: games
2025-08-04 22:06:40,972 - src.features.usage_analytics - INFO - Successfully merged snap data using columns: ['player_name', 'team', 'total_snaps', 'avg_snap_share', 'snaps_per_game']
2025-08-04 22:06:40,972 - src.features.usage_analytics - ERROR - Error calculating snap metrics: 'total_snaps'
2025-08-04 22:06:40,972 - src.features.usage_analytics - INFO - Calculating usage efficiency metrics
2025-08-04 22:06:40,974 - src.features.usage_analytics - INFO - Calculated usage efficiency metrics for 76 players
2025-08-04 22:06:40,974 - src.features.usage_analytics - INFO - Calculating advanced route participation metrics
2025-08-04 22:06:42,405 - src.data_storage - INFO - Created player_name column from 'name' for 49492 players
2025-08-04 22:06:42,566 - src.features.usage_analytics - INFO - Calculated advanced route participation for 76 players
2025-08-04 22:06:42,584 - src.features.usage_analytics - INFO - Calculating situational usage metrics
2025-08-04 22:06:42,624 - src.features.usage_analytics - ERROR - Error calculating situational usage: 'red_zone_usage'
2025-08-04 22:06:42,629 - src.features.usage_analytics - INFO - Completed all usage analytics for 76 players
2025-08-04 22:06:42,640 - src.data.feature_engineering.position.wr_features - INFO - Completed WR feature engineering with 189 total features
2025-08-04 22:06:42,640 - feature_engineering - INFO - Successfully enhanced WR features: 189 total columns
2025-08-04 22:06:42,640 - feature_engineering - INFO - Applying enhanced TE feature engineering to 19 players
2025-08-04 22:06:42,640 - src.data.feature_engineering.position.te_features - INFO - Engineering features for 19 TE players
2025-08-04 22:06:42,642 - src.data.feature_engineering.position.te_features - INFO - Adding opportunity metrics for TEs
2025-08-04 22:06:42,642 - src.features.opportunity_metrics - INFO - Enhancing existing opportunity metrics
2025-08-04 22:06:42,642 - src.features.opportunity_metrics - INFO - Found existing opportunity metrics: ['receiving_air_yards', 'target_share', 'air_yards_share', 'wopr_x', 'wopr_y']
2025-08-04 22:06:42,642 - src.features.opportunity_metrics - INFO - Air yards related columns: ['passing_air_yards', 'receiving_air_yards', 'air_yards_share', 'air_yards_per_target', 'total_air_yards']
2025-08-04 22:06:42,642 - src.features.opportunity_metrics - INFO - Enhanced opportunity metrics for 19 players
2025-08-04 22:06:42,643 - src.data.feature_engineering.position.te_features - INFO - Adding usage analytics for TEs
2025-08-04 22:06:42,643 - src.features.usage_analytics - INFO - Calculating all usage analytics
2025-08-04 22:06:42,643 - src.features.usage_analytics - INFO - Calculating snap count metrics
2025-08-04 22:06:42,643 - src.features.usage_analytics - INFO - Loading snap count data for 2024
2025-08-04 22:06:42,826 - src.data_storage - INFO - Created player_name column from 'player' for 26600 players
2025-08-04 22:06:42,827 - src.features.usage_analytics - INFO - Loaded snap counts for 26600 player-week records
2025-08-04 22:06:42,827 - src.features.usage_analytics - INFO - Available snap data columns: ['game_id', 'pfr_game_id', 'season', 'game_type', 'week', 'player', 'pfr_player_id', 'position', 'team', 'opponent', 'offense_snaps', 'offense_pct', 'defense_snaps', 'defense_pct', 'st_snaps', 'st_pct', 'player_name']
2025-08-04 22:06:42,827 - src.features.usage_analytics - INFO - Snap data column mapping - snaps: offense_snaps, pct: offense_pct, player: player_name, team: team
2025-08-04 22:06:42,833 - src.features.usage_analytics - INFO - Calculating snaps per game using games column: games
2025-08-04 22:06:42,837 - src.features.usage_analytics - INFO - Successfully merged snap data using columns: ['player_name', 'team', 'total_snaps', 'avg_snap_share', 'snaps_per_game']
2025-08-04 22:06:42,837 - src.features.usage_analytics - ERROR - Error calculating snap metrics: 'total_snaps'
2025-08-04 22:06:42,837 - src.features.usage_analytics - INFO - Calculating usage efficiency metrics
2025-08-04 22:06:42,838 - src.features.usage_analytics - INFO - Calculated usage efficiency metrics for 19 players
2025-08-04 22:06:42,838 - src.features.usage_analytics - INFO - Calculating advanced route participation metrics
2025-08-04 22:06:44,277 - src.data_storage - INFO - Created player_name column from 'name' for 49492 players
2025-08-04 22:06:44,444 - src.features.usage_analytics - INFO - Calculated advanced route participation for 19 players
2025-08-04 22:06:44,462 - src.features.usage_analytics - INFO - Calculating situational usage metrics
2025-08-04 22:06:44,503 - src.features.usage_analytics - ERROR - Error calculating situational usage: 'red_zone_usage'
2025-08-04 22:06:44,507 - src.features.usage_analytics - INFO - Completed all usage analytics for 19 players
2025-08-04 22:06:44,519 - src.data.feature_engineering.position.te_features - INFO - Completed TE feature engineering with 192 total features
2025-08-04 22:06:44,519 - feature_engineering - INFO - Successfully enhanced TE features: 192 total columns
2025-08-04 22:06:44,519 - feature_engineering - INFO - 🔄 POSITION-AWARE FEATURE COMBINATION START
2025-08-04 22:06:44,519 - feature_engineering - INFO - ======================================================================
2025-08-04 22:06:44,519 - feature_engineering - INFO - Combining 4 position DataFrames with 184 total players
2025-08-04 22:06:44,519 - feature_engineering - INFO -   DataFrame 1: 83 players, 181 features, positions: ['QB']
2025-08-04 22:06:44,519 - feature_engineering - INFO -   DataFrame 2: 6 players, 201 features, positions: ['RB']
2025-08-04 22:06:44,519 - feature_engineering - INFO -   DataFrame 3: 76 players, 189 features, positions: ['WR']
2025-08-04 22:06:44,519 - feature_engineering - INFO -   DataFrame 4: 19 players, 192 features, positions: ['TE']
2025-08-04 22:06:44,519 - feature_engineering - INFO - 📊 Total unique columns across all positions: 233
2025-08-04 22:06:44,520 - feature_engineering - INFO - 📋 Position-specific feature categories:
2025-08-04 22:06:44,520 - feature_engineering - INFO -    QB_specific: 27 features
2025-08-04 22:06:44,520 - feature_engineering - INFO -       ['avg_completion_probability', 'completion_percentage', 'interception_percentage']... (+24 more)
2025-08-04 22:06:44,520 - feature_engineering - INFO -    RB_specific: 5 features
2025-08-04 22:06:44,520 - feature_engineering - INFO -       ['early_down_rate', 'pass_catching_back', 'rb_age_factor', 'rb_role', 'workhorse_indicator']
2025-08-04 22:06:44,520 - feature_engineering - INFO -    WR_specific: 3 features
2025-08-04 22:06:44,520 - feature_engineering - INFO -       ['contested_catch_rate', 'deep_target_indicator', 'deep_target_rate']
2025-08-04 22:06:44,520 - feature_engineering - INFO -    TE_specific: 12 features
2025-08-04 22:06:44,520 - feature_engineering - INFO -       ['blocking_snap_estimate', 'inline_usage_estimate', 'intermediate_target_rate']... (+9 more)
2025-08-04 22:06:44,520 - feature_engineering - INFO -    skill_position_common: 63 features
2025-08-04 22:06:44,520 - feature_engineering - INFO -       ['adot', 'air_yards_dominance', 'air_yards_efficiency']... (+60 more)
2025-08-04 22:06:44,520 - feature_engineering - INFO -    universal: 123 features
2025-08-04 22:06:44,520 - feature_engineering - INFO -       ['age', 'attempts', 'attempts_L1']... (+120 more)
2025-08-04 22:06:44,520 - feature_engineering - INFO - 🔧 Normalizing DataFrame 1...
2025-08-04 22:06:44,520 - feature_engineering - INFO -    Processing positions: ['QB']
2025-08-04 22:06:44,521 - feature_engineering - INFO -    Adding 52 missing columns...
2025-08-04 22:06:44,524 - feature_engineering - INFO -    ✅ Normalized to 233 columns
2025-08-04 22:06:44,524 - feature_engineering - INFO - 🔧 Normalizing DataFrame 2...
2025-08-04 22:06:44,524 - feature_engineering - INFO -    Processing positions: ['RB']
2025-08-04 22:06:44,524 - feature_engineering - INFO -    Adding 32 missing columns...
2025-08-04 22:06:44,526 - feature_engineering - INFO -    ✅ Normalized to 233 columns
2025-08-04 22:06:44,526 - feature_engineering - INFO - 🔧 Normalizing DataFrame 3...
2025-08-04 22:06:44,526 - feature_engineering - INFO -    Processing positions: ['WR']
2025-08-04 22:06:44,526 - feature_engineering - INFO -    Adding 44 missing columns...
2025-08-04 22:06:44,529 - feature_engineering - INFO -    ✅ Normalized to 233 columns
2025-08-04 22:06:44,529 - feature_engineering - INFO - 🔧 Normalizing DataFrame 4...
2025-08-04 22:06:44,529 - feature_engineering - INFO -    Processing positions: ['TE']
2025-08-04 22:06:44,529 - feature_engineering - INFO -    Adding 41 missing columns...
2025-08-04 22:06:44,531 - feature_engineering - INFO -    ✅ Normalized to 233 columns
2025-08-04 22:06:44,531 - feature_engineering - INFO - 🔗 Concatenating normalized DataFrames...
2025-08-04 22:06:44,536 - feature_engineering - INFO - 🧹 Cleaning up null values in position-specific features...
2025-08-04 22:06:44,550 - feature_engineering - INFO -    Null values: 7951 → 0 (cleaned 7951)
2025-08-04 22:06:44,550 - feature_engineering - INFO - ✅ POSITION-AWARE COMBINATION COMPLETE
2025-08-04 22:06:44,550 - feature_engineering - INFO -    Final DataFrame: 184 players, 233 features
2025-08-04 22:06:44,551 - feature_engineering - INFO -    Final position breakdown: {'QB': 83, 'WR': 76, 'TE': 19, 'RB': 6}
2025-08-04 22:06:44,551 - feature_engineering - INFO -    ✅ QB: 83 players (no loss)
2025-08-04 22:06:44,551 - feature_engineering - INFO -    ✅ RB: 6 players (no loss)
2025-08-04 22:06:44,551 - feature_engineering - INFO -    ✅ WR: 76 players (no loss)
2025-08-04 22:06:44,551 - feature_engineering - INFO -    ✅ TE: 19 players (no loss)
2025-08-04 22:06:44,551 - feature_engineering - INFO - 🧹 CLEANING POSITION-SPECIFIC FEATURE CONTAMINATION
2025-08-04 22:06:44,561 - feature_engineering - INFO - ✅ Cleaned 424 total contaminated values across all positions
2025-08-04 22:06:44,561 - feature_engineering - INFO - 🔍 FEATURE CONTAMINATION CHECK
2025-08-04 22:06:44,562 - feature_engineering - INFO -    ✅ QB: No contamination detected
2025-08-04 22:06:44,563 - feature_engineering - INFO -    ✅ RB: No contamination detected
2025-08-04 22:06:44,565 - feature_engineering - INFO -    ✅ WR: No contamination detected
2025-08-04 22:06:44,566 - feature_engineering - INFO -    ✅ TE: No contamination detected
2025-08-04 22:06:44,566 - feature_engineering - INFO - 🎉 No feature contamination detected across any positions!
2025-08-04 22:06:44,566 - feature_engineering - INFO - ======================================================================
2025-08-04 22:06:44,567 - feature_engineering - INFO - ✅ Combined position-specific features: 184 players, 233 features
2025-08-04 22:06:44,569 - feature_engineering - INFO - Successfully merged target variable 'fantasy_points_ppr' for prediction season 2024.
2025-08-04 22:06:44,569 - feature_engineering - INFO - ================================================================================
2025-08-04 22:06:44,570 - feature_engineering - INFO - 🎯 COMPREHENSIVE FEATURE ENGINEERING SUMMARY
2025-08-04 22:06:44,570 - feature_engineering - INFO - ================================================================================
2025-08-04 22:06:44,570 - feature_engineering - INFO - 📊 Total Players: 184
2025-08-04 22:06:44,570 - feature_engineering - INFO - 📊 Total Features: 238
2025-08-04 22:06:44,570 - feature_engineering - INFO -    • Opportunity Metrics: 14
2025-08-04 22:06:44,570 - feature_engineering - INFO -    • Usage Analytics: 5
2025-08-04 22:06:44,570 - feature_engineering - INFO -    • Position-Specific: 2
2025-08-04 22:06:44,570 - feature_engineering - INFO -    • Matchup Intelligence: 0
2025-08-04 22:06:44,570 - feature_engineering - INFO - 🔍 Key Feature Validation:
2025-08-04 22:06:44,570 - feature_engineering - INFO -    • target_share: 14 non-zero (avg: 0.009)
2025-08-04 22:06:44,570 - feature_engineering - INFO -    • air_yards_share: 109 non-zero (avg: 0.911)
2025-08-04 22:06:44,570 - feature_engineering - INFO -    • red_zone_opportunities: 0 non-zero (avg: 0.000)
2025-08-04 22:06:44,570 - feature_engineering - INFO - 🏗️  Feature Enhancement Status:
2025-08-04 22:06:44,570 - feature_engineering - INFO -    ✅ Opportunity Metrics
2025-08-04 22:06:44,570 - feature_engineering - INFO -    ✅ Position-Specific Features
2025-08-04 22:06:44,570 - feature_engineering - INFO -    ❌ Matchup Intelligence
2025-08-04 22:06:44,570 - feature_engineering - INFO - 🔖 Feature Engineering Version: v2_integrated
2025-08-04 22:06:44,570 - feature_engineering - INFO - 
2025-08-04 22:06:44,570 - feature_engineering - INFO - 🔍 DETAILED COMPONENT STATUS REPORT
2025-08-04 22:06:44,571 - feature_engineering - INFO - --------------------------------------------------------------------------------
2025-08-04 22:06:44,571 - feature_engineering - INFO - 📊 Core Features:
2025-08-04 22:06:44,571 - feature_engineering - INFO -    ✅ Per-game statistics: SUCCESSFUL
2025-08-04 22:06:44,571 - feature_engineering - INFO -    ✅ Efficiency metrics: SUCCESSFUL
2025-08-04 22:06:44,571 - feature_engineering - INFO -    ✅ Team aggregates: SUCCESSFUL
2025-08-04 22:06:44,571 - feature_engineering - INFO -    ✅ Usage metrics: SUCCESSFUL
2025-08-04 22:06:44,571 - feature_engineering - INFO -    ✅ Lagged features: SUCCESSFUL
2025-08-04 22:06:44,571 - feature_engineering - INFO -    ✅ Age calculation: SUCCESSFUL
2025-08-04 22:06:44,571 - feature_engineering - INFO -    ✅ Rookie handling: SUCCESSFUL
2025-08-04 22:06:44,571 - feature_engineering - INFO - 🎯 Enhanced Features:
2025-08-04 22:06:44,571 - feature_engineering - INFO -    ✅ Opportunity Metrics: SUCCESSFUL (14 features)
2025-08-04 22:06:44,571 - feature_engineering - INFO -       • Target share, WOPR, air yards share calculations
2025-08-04 22:06:44,571 - feature_engineering - INFO -       • Applied to 3 skill positions
2025-08-04 22:06:44,571 - feature_engineering - INFO -    ✅ Usage Analytics: SUCCESSFUL (5 features)
2025-08-04 22:06:44,571 - feature_engineering - INFO -       • Snap share, route participation, high-value touches
2025-08-04 22:06:44,571 - feature_engineering - INFO -       • Applied to 3 skill positions
2025-08-04 22:06:44,571 - feature_engineering - INFO -    ✅ Position-Specific Features: SUCCESSFUL (2 features)
2025-08-04 22:06:44,571 - feature_engineering - INFO -       • Enhanced position-specific engineering completed
2025-08-04 22:06:44,571 - feature_engineering - INFO -       • Applied to QB, RB, WR, TE positions
2025-08-04 22:06:44,571 - feature_engineering - INFO -    ⚪ Matchup Intelligence: DISABLED (not requested)
2025-08-04 22:06:44,571 - feature_engineering - INFO - 
2025-08-04 22:06:44,571 - feature_engineering - INFO - 📋 Data Quality Report:
2025-08-04 22:06:44,571 - feature_engineering - INFO -    • Total players processed: 184
2025-08-04 22:06:44,573 - feature_engineering - INFO -    • Players with complete data: 140
2025-08-04 22:06:44,574 - feature_engineering - INFO -    • Missing data percentage: 0.1%
2025-08-04 22:06:44,574 - feature_engineering - INFO -    • Position breakdown: {'QB': 83, 'WR': 76, 'TE': 19, 'RB': 6}
2025-08-04 22:06:44,574 - feature_engineering - INFO - 
2025-08-04 22:06:44,574 - feature_engineering - INFO - 🏆 FEATURE ENGINEERING SUCCESS RATE: 75.0% (3/4 components)
2025-08-04 22:06:44,574 - feature_engineering - INFO - ✅ EXCELLENT! Most components executed successfully.
2025-08-04 22:06:44,574 - feature_engineering - INFO - ================================================================================
