overall_rank,player_name,position,team,predicted_points,raw_vor,vor
1,Ja'Marr Chase,WR,CIN,37.580382153912424,14.316488618257303,17.179786341908763
2,Jahmyr Gibbs,RB,DET,37.76128065749322,9.7307927988651,14.59618919829765
3,Saquon Barkley,RB,PHI,37.42028119571893,9.389793337090811,14.084690005636217
4,Justin Jefferson,WR,MIN,32.736070986345545,9.472177450690424,11.366612940828508
5,Amon-Ra St. Brown,WR,DET,32.21831637343123,8.954422837776107,10.745307405331328
6,Bijan Robinson,RB,ATL,35.188207041380196,7.1577191827520785,10.736578774128118
7,Terry McLaurin,WR,WAS,32.10875184531167,8.844858309656551,10.613829971587862
8,Lamar Jackson,QB,BAL,46.724320316775646,11.146076316649058,10.031468684984153
9,Baker Mayfield,QB,TB,46.5331027950383,10.954858794911715,9.859372915420543
10,Joe Burrow,QB,CIN,45.73086696498167,10.152622964855084,9.137360668369576
11,Josh Jacobs,RB,GB,34.1115753193334,6.08108746070528,9.12163119105792
12,Drake London,WR,ATL,30.813636611209024,7.549743075553902,9.059691690664682
13,Brian Thomas Jr.,WR,JAX,30.577552222370493,7.313658686715371,8.776390424058444
14,Derrick Henry,RB,BAL,33.48268648815775,5.4521986295296365,8.178297944294455
15,Malik Nabers,WR,NYG,30.03153332885484,6.76763979319972,8.121167751839664
16,Garrett Wilson,WR,NYJ,29.476824263393123,6.2129307277380015,7.455516873285601
17,De'Von Achane,RB,MIA,32.700123026073285,4.669635167445168,7.004452751167753
18,Courtland Sutton,WR,DEN,29.08136757815603,5.817474042500908,6.98096885100109
19,Ladd McConkey,WR,LAC,29.027903252201135,5.764009716546013,6.916811659855216
20,George Kittle,WR,SF,28.960869493226834,5.696975957571713,6.836371149086055
21,A.J. Brown,WR,PHI,28.903911109295205,5.640017573640083,6.7680210883681
22,Jared Goff,QB,DET,42.87599237815641,7.297748378029823,6.56797354022684
23,Ja'Marr Chase,TE,CIN,29.1484390950395,4.567860619865634,6.395004867811887
24,Bucky Irving,RB,TB,32.102547930625896,4.072060071997779,6.108090107996668
25,Joe Mixon,RB,HOU,32.09281459942979,4.0623267408016766,6.093490111202515
26,Jaxon Smith-Njigba,WR,SEA,28.025423185449593,4.761529649794472,5.713835579753366
27,Aaron Jones,RB,MIN,31.75738896072721,3.7269011020990916,5.5903516531486375
28,CeeDee Lamb,WR,DAL,27.76947510375619,4.505581568101068,5.406697881721281
29,Amon-Ra St. Brown,TE,DET,28.382051681836263,3.801473206662397,5.322062489327355
30,Kyren Williams,RB,LA,31.570498402680727,3.5400105440526097,5.310015816078915
31,David Montgomery,RB,DET,31.373985441425233,3.3434975827971165,5.015246374195675
32,Sam Darnold,QB,MIN,40.61391003367999,5.0356660335534045,4.532099430198064
33,James Cook,RB,BUF,30.893564549620738,2.863076690992621,4.294615036488931
34,Terry McLaurin,TE,WAS,27.515709261399696,2.9351307862258302,4.109183100716162
35,Jonathan Taylor,RB,IND,30.562991892608515,2.5325040339803984,3.7987560509705975
36,Josh Allen,QB,BUF,39.75893312175573,4.180689121629143,3.762620209466229
37,Justin Jefferson,TE,MIN,27.222965898474786,2.642387423300921,3.699342392621289
38,Mike Evans,TE,TB,27.190250293595927,2.6096718184220613,3.6535405457908854
39,Brian Thomas Jr.,TE,JAX,26.962636189712548,2.382057714538682,3.3348808003541546
40,Jordan Addison,WR,MIN,25.879106859213934,2.6152133235588124,3.1382559882705747
41,Brock Bowers,WR,LV,25.873730400708567,2.6098368650534454,3.1318042380641344
42,Mike Evans,WR,TB,25.730027995264038,2.4661344596089165,2.9593613515306996
43,Tee Higgins,WR,CIN,25.678000125728445,2.414106590073324,2.8969279080879886
44,Jayden Daniels,QB,WAS,38.729641761961474,3.151397761834886,2.8362579856513976
45,Alvin Kamara,RB,NO,29.802309265181286,1.771821406553169,2.6577321098297535
46,Davante Adams,WR,NYJ,25.257528865857157,1.9936353302020358,2.3923623962424427
47,Jonnu Smith,WR,MIA,25.16351907197123,1.8996255363161083,2.27955064357933
48,Trey McBride,WR,ARI,25.146644785958085,1.882751250302963,2.2593015003635557
49,Nico Collins,WR,HOU,25.057042696121247,1.7931491604661254,2.1517789925593505
50,DeVonta Smith,WR,PHI,24.89784498540782,1.633951449752697,1.9607417397032363
51,Geno Smith,QB,SEA,37.731824885457364,2.1535808853307756,1.9382227967976982
52,Breece Hall,RB,NYJ,29.260907721837274,1.230419863209157,1.8456297948137355
53,Jameson Williams,WR,DET,24.78028589522417,1.5163923595690498,1.8196708314828598
54,Marvin Harrison Jr.,WR,ARI,24.768826922471334,1.5049333868162122,1.8059200641794546
55,Chuba Hubbard,RB,CAR,29.188044482412455,1.1575566237843375,1.7363349356765063
56,Jerry Jeudy,WR,CLE,24.507170235773714,1.2432767001185923,1.4919320401423106
57,Justin Jefferson,RB,MIN,29.004847134077327,0.9743592754492099,1.4615389131738148
58,Amon-Ra St. Brown,RB,DET,29.004847134077327,0.9743592754492099,1.4615389131738148
59,Ja'Marr Chase,RB,CIN,29.004847134077327,0.9743592754492099,1.4615389131738148
60,Terry McLaurin,RB,WAS,28.994417891539904,0.9639300329117866,1.4458950493676799
61,Brian Thomas Jr.,RB,JAX,28.994417891539904,0.9639300329117866,1.4458950493676799
62,Drake London,TE,ATL,25.60827113276912,1.027692657595253,1.438769720633354
63,Chase Brown,RB,CIN,28.921585681182826,0.891097822554709,1.3366467338320636
64,Drake London,RB,ATL,28.904708891538004,0.8742210329098867,1.31133154936483
65,Kyler Murray,QB,ARI,36.97827137854243,1.4000273784158423,1.2600246405742581
66,Courtland Sutton,RB,DEN,28.850798824049317,0.8203109654212,1.2304664481318
67,Keenan Allen,WR,CHI,24.11448287942388,0.8505893437687568,1.020707212522508
68,George Kittle,RB,SF,28.655470923680237,0.6249830650521204,0.9374745975781806
69,Davante Adams,RB,NYJ,28.613023912897706,0.582536054269589,0.8738040814043835
70,Garrett Wilson,RB,NYJ,28.457827082293836,0.42733922366571875,0.6410088354985781
71,Malik Nabers,RB,NYG,28.457827082293836,0.42733922366571875,0.6410088354985781
72,Ladd McConkey,RB,LAC,28.447397839756412,0.41690998112829547,0.6253649716924432
73,Patrick Mahomes,QB,KC,36.0846231586023,0.5063791584757098,0.4557412426281388
74,Bo Nix,QB,DEN,36.039736526918865,0.46149252679227715,0.41534327411304944
75,Malik Nabers,TE,NYG,24.837449511446856,0.25687103627299024,0.3596194507821863
76,DJ Moore,WR,CHI,23.548975952155704,0.2850824165005825,0.342098899800699
77,Jaxon Smith-Njigba,TE,SEA,24.73297170376261,0.1523932285887426,0.21335052002423963
78,CeeDee Lamb,TE,DAL,24.637276709301307,0.05669823412744179,0.0793775277784185
79,Garrett Wilson,TE,NYJ,24.635308003991412,0.054729528817546225,0.0766213403445647
80,Justin Herbert,QB,LAC,35.63585380000309,0.057609799876502166,0.05184881988885195
81,Jauan Jennings,WR,SF,23.28050472253816,0.016611186883039863,0.019933424259647836
82,Brock Bowers,TE,LV,24.590022162324413,0.00944368715054722,0.013221162010766107
83,Xavier Weaver,K,ARI,13.376762800570372,0.0,0.0
84,Keon Coleman,K,BUF,13.376762800570372,0.0,0.0
85,Joe Milton III,K,NE,13.376762800570372,0.0,0.0
86,Casey Washington,K,ATL,13.376762800570372,0.0,0.0
87,Jase McClellan,K,ATL,13.376762800570372,0.0,0.0
88,Jha'Quan Jackson,K,TEN,13.376762800570372,0.0,0.0
89,Kimani Vidal,K,LAC,13.376762800570372,0.0,0.0
90,Bub Means,K,NO,13.376762800570372,0.0,0.0
91,Tyrone Tracy Jr.,K,NYG,13.376762800570372,0.0,0.0
92,Ryan Flournoy,K,DAL,13.376762800570372,0.0,0.0
93,Brevyn Spann-Ford,K,DAL,13.376762800570372,0.0,0.0
94,Ainias Smith,K,PHI,13.376762800570372,0.0,0.0
95,Ramel Keyton,K,LV,13.376762800570372,0.0,0.0
96,Kameron Johnson,K,TB,13.376762800570372,0.0,0.0
97,Blake Corum,K,LA,13.376762800570372,0.0,0.0
98,Dylan Laube,K,LV,13.376762800570372,0.0,0.0
99,Jaheim Bell,K,NE,13.376762800570372,0.0,0.0
100,Jalen Coker,K,CAR,13.376762800570372,0.0,0.0
101,Devaughn Vele,K,DEN,13.376762800570372,0.0,0.0
102,Isaiah Williams,K,CIN,13.376762800570372,0.0,0.0
103,Brenden Bates,K,CLE,13.376762800570372,0.0,0.0
104,Xavier Worthy,K,KC,13.376762800570372,0.0,0.0
105,Brian Thomas Jr.,K,JAX,13.376762800570372,0.0,0.0
106,Adonai Mitchell,K,IND,13.376762800570372,0.0,0.0
107,Malik Washington,K,MIA,13.376762800570372,0.0,0.0
108,Bo Nix,K,DEN,13.376762800570372,0.0,0.0
109,Ray Davis,K,BUF,13.376762800570372,0.0,0.0
110,Troy Franklin,K,DEN,13.376762800570372,0.0,0.0
111,Spencer Rattler,K,NO,13.376762800570372,0.0,0.0
112,Jordan Whittington,K,LA,13.376762800570372,0.0,0.0
113,Will Shipley,K,PHI,13.376762800570372,0.0,0.0
114,Tip Reiman,K,ARI,13.376762800570372,0.0,0.0
115,Jermaine Jackson,K,NO,13.376762800570372,0.0,0.0
116,JC Latham,K,TEN,13.376762800570372,0.0,0.0
117,Ty Chandler,K,MIN,13.376762800570372,0.0,0.0
118,Khalil Shakir,K,BUF,13.376762800570372,0.0,0.0
119,Dameon Pierce,K,HOU,13.376762800570372,0.0,0.0
120,David Bell,K,CLE,13.376762800570372,0.0,0.0
121,Rachaad White,K,TB,13.376762800570372,0.0,0.0
122,Marcus Jones,K,NE,13.376762800570372,0.0,0.0
123,Greg Dulcich,K,NYG,13.376762800570372,0.0,0.0
124,James Cook,K,BUF,13.376762800570372,0.0,0.0
125,Jayden Daniels,K,WAS,13.376762800570372,0.0,0.0
126,George Pickens,K,PIT,13.376762800570372,0.0,0.0
127,Tyler Smith,K,DAL,13.376762800570372,0.0,0.0
128,Jameson Williams,K,DET,13.376762800570372,0.0,0.0
129,Andrew Ogletree,K,IND,13.376762800570372,0.0,0.0
130,Tyler Allgeier,K,ATL,13.376762800570372,0.0,0.0
131,Jerome Ford,K,CLE,13.376762800570372,0.0,0.0
132,Vederian Lowe,K,NE,13.376762800570372,0.0,0.0
133,Cody Schrader,K,LA,13.376762800570372,0.0,0.0
134,Jalen Nailor,K,MIN,13.376762800570372,0.0,0.0
135,Kayshon Boutte,K,NE,13.376762800570372,0.0,0.0
136,Scott Matlock,K,LAC,13.376762800570372,0.0,0.0
137,Pat Freiermuth,K,PIT,13.376762800570372,0.0,0.0
138,Blake Watson,K,DEN,13.376762800570372,0.0,0.0
139,British Brooks,K,HOU,13.376762800570372,0.0,0.0
140,Matthew Hayball,K,NO,13.376762800570372,0.0,0.0
141,Dallin Holker,K,NO,13.376762800570372,0.0,0.0
142,Jacob Kibodi,K,CLE,13.376762800570372,0.0,0.0
143,Mason Tipton,K,NO,13.376762800570372,0.0,0.0
144,Cam Grandy,K,CIN,13.376762800570372,0.0,0.0
145,David Martin-Robinson,K,TEN,13.376762800570372,0.0,0.0
146,Bryce Oliver,K,TEN,13.376762800570372,0.0,0.0
147,Dell Pettus,K,NE,13.376762800570372,0.0,0.0
148,Ja'Lynn Polk,K,NE,13.376762800570372,0.0,0.0
149,Jalin Hyatt,K,NYG,13.376762800570372,0.0,0.0
150,Ben Sinnott,K,WAS,13.376762800570372,0.0,0.0
151,Andrei Iosivas,K,CIN,13.376762800570372,0.0,0.0
152,Brenton Strange,K,JAX,13.376762800570372,0.0,0.0
153,Mike Woods,K,CLE,13.376762800570372,0.0,0.0
154,Tyler Scott,K,CHI,13.376762800570372,0.0,0.0
155,Sean Tucker,K,TB,13.376762800570372,0.0,0.0
156,Marvin Mims Jr.,K,DEN,13.376762800570372,0.0,0.0
157,Tank Dell,K,HOU,13.376762800570372,0.0,0.0
158,Cedric Tillman,K,CLE,13.376762800570372,0.0,0.0
159,Wanya Morris,K,KC,13.376762800570372,0.0,0.0
160,Jordan Addison,K,MIN,13.376762800570372,0.0,0.0
161,Tucker Kraft,K,GB,13.376762800570372,0.0,0.0
162,Ben Sims,K,GB,13.376762800570372,0.0,0.0
163,Jaleel McLaughlin,K,DEN,13.376762800570372,0.0,0.0
164,Jake Haener,K,NO,13.376762800570372,0.0,0.0
165,Nate Adkins,K,DEN,13.376762800570372,0.0,0.0
166,Demario Douglas,K,NE,13.376762800570372,0.0,0.0
167,Ladd McConkey,K,LAC,13.376762800570372,0.0,0.0
168,Deuce Vaughn,K,DAL,13.376762800570372,0.0,0.0
169,Kenny McIntosh,K,SEA,13.376762800570372,0.0,0.0
170,Jalen Brooks,K,DAL,13.376762800570372,0.0,0.0
171,Brayden Willis,K,SF,13.376762800570372,0.0,0.0
172,Ronnie Bell,K,SF,13.376762800570372,0.0,0.0
173,Jordan Mims,K,NO,13.376762800570372,0.0,0.0
174,Tyrell Shavers,K,BUF,13.376762800570372,0.0,0.0
175,Chris Brooks,K,GB,13.376762800570372,0.0,0.0
176,Emari Demercado,K,ARI,13.376762800570372,0.0,0.0
177,Blake Whiteheart,K,CLE,13.376762800570372,0.0,0.0
178,Julian Hill,K,MIA,13.376762800570372,0.0,0.0
179,Hunter Luepke,K,DAL,13.376762800570372,0.0,0.0
180,Jake Bobo,K,SEA,13.376762800570372,0.0,0.0
181,Josh Downs,K,IND,13.376762800570372,0.0,0.0
182,Dalton Kincaid,K,BUF,13.376762800570372,0.0,0.0
183,John Shenker,K,LV,13.376762800570372,0.0,0.0
184,Brycen Tremayne,K,WAS,13.376762800570372,0.0,0.0
185,Ryan Miller,K,TB,13.376762800570372,0.0,0.0
186,Ricky Pearsall,K,SF,13.376762800570372,0.0,0.0
187,Michael Penix Jr.,K,ATL,13.376762800570372,0.0,0.0
188,Caleb Williams,K,CHI,13.376762800570372,0.0,0.0
189,Rome Odunze,K,CHI,13.376762800570372,0.0,0.0
190,Malachi Corley,K,NYJ,13.376762800570372,0.0,0.0
191,Jaylen Wright,K,MIA,13.376762800570372,0.0,0.0
192,Jalen McMillan,K,TB,13.376762800570372,0.0,0.0
193,Devin Culp,K,TB,13.376762800570372,0.0,0.0
194,Javon Baker,K,NE,13.376762800570372,0.0,0.0
195,Terrell Jennings,K,NE,13.376762800570372,0.0,0.0
196,Devontez Walker,K,BAL,13.376762800570372,0.0,0.0
197,AJ Barner,K,SEA,13.376762800570372,0.0,0.0
198,Braelon Allen,K,NYJ,13.376762800570372,0.0,0.0
199,Rasheen Ali,K,BAL,13.376762800570372,0.0,0.0
200,Isaiah Davis,K,NYJ,13.376762800570372,0.0,0.0
201,Jermaine Burton,K,CIN,13.376762800570372,0.0,0.0
202,MarShawn Lloyd,K,GB,13.376762800570372,0.0,0.0
203,Erick All,K,CIN,13.376762800570372,0.0,0.0
204,Anthony Gould,K,IND,13.376762800570372,0.0,0.0
205,Jared Wiley,K,KC,13.376762800570372,0.0,0.0
206,Jaden Hicks,K,KC,13.376762800570372,0.0,0.0
207,Theo Johnson,K,NYG,13.376762800570372,0.0,0.0
208,Marvin Harrison Jr.,K,ARI,13.376762800570372,0.0,0.0
209,Drake Maye,K,NE,13.376762800570372,0.0,0.0
210,Jamari Thrash,K,CLE,13.376762800570372,0.0,0.0
211,Audric Estimé,K,DEN,13.376762800570372,0.0,0.0
212,Xavier Hutchinson,K,HOU,13.376762800570372,0.0,0.0
213,Emanuel Wilson,K,GB,13.376762800570372,0.0,0.0
214,Rakim Jarrett,K,TB,13.376762800570372,0.0,0.0
215,Chris Olave,K,NO,13.376762800570372,0.0,0.0
216,Trey Sermon,K,IND,13.376762800570372,0.0,0.0
217,John FitzPatrick,K,GB,13.376762800570372,0.0,0.0
218,Tre Tucker,K,LV,13.376762800570372,0.0,0.0
219,Brian Robinson,K,WAS,13.376762800570372,0.0,0.0
220,KaVontae Turpin,K,DAL,13.376762800570372,0.0,0.0
221,Jeremy Ruckert,K,NYJ,13.376762800570372,0.0,0.0
222,Chig Okonkwo,K,TEN,13.376762800570372,0.0,0.0
223,Dane Belton,K,NYG,13.376762800570372,0.0,0.0
224,Malik Willis,K,GB,13.376762800570372,0.0,0.0
225,Juanyeh Thomas,K,DAL,13.376762800570372,0.0,0.0
226,Jaxon Smith-Njigba,K,SEA,13.376762800570372,0.0,0.0
227,Luke Schoonmaker,K,DAL,13.376762800570372,0.0,0.0
228,Hendon Hooker,K,DET,13.376762800570372,0.0,0.0
229,Kendre Miller,K,NO,13.376762800570372,0.0,0.0
230,Tank Bigsby,K,JAX,13.376762800570372,0.0,0.0
231,Darnell Washington,K,PIT,13.376762800570372,0.0,0.0
232,Michael Wilson,K,ARI,13.376762800570372,0.0,0.0
233,Derius Davis,K,LAC,13.376762800570372,0.0,0.0
234,Trey McBride,K,ARI,13.376762800570372,0.0,0.0
235,Charlie Jones,K,CIN,13.376762800570372,0.0,0.0
236,Aidan O'Connell,K,LV,13.376762800570372,0.0,0.0
237,Clayton Tune,K,ARI,13.376762800570372,0.0,0.0
238,Dorian Thompson-Robinson,K,CLE,13.376762800570372,0.0,0.0
239,Josh Whyle,K,TEN,13.376762800570372,0.0,0.0
240,Chase Brown,K,CIN,13.376762800570372,0.0,0.0
241,Parker Washington,K,JAX,13.376762800570372,0.0,0.0
242,Quentin Johnston,K,LAC,13.376762800570372,0.0,0.0
243,Bijan Robinson,K,ATL,13.376762800570372,0.0,0.0
244,Cade Otton,K,TB,13.376762800570372,0.0,0.0
245,Nikko Remigio,K,KC,13.376762800570372,0.0,0.0
246,Kenneth Walker III,K,SEA,13.376762800570372,0.0,0.0
247,Xavier Smith,K,LA,13.376762800570372,0.0,0.0
248,Dontayvion Wicks,K,GB,13.376762800570372,0.0,0.0
249,Velus Jones Jr.,K,CAR,13.376762800570372,0.0,0.0
250,Treylon Burks,K,TEN,13.376762800570372,0.0,0.0
251,Eric Gray,K,NYG,13.376762800570372,0.0,0.0
252,Bailey Zappe,K,CLE,13.376762800570372,0.0,0.0
253,Tyreek Hill,WR,MIA,23.26389353565512,0.0,0.0
254,Davante Adams,TE,NYJ,24.580578475173866,0.0,0.0
255,Aaron Rodgers,K,NYJ,13.376762800570372,0.0,0.0
256,Brock Purdy,K,SF,13.376762800570372,0.0,0.0
257,Isaiah Likely,K,BAL,13.376762800570372,0.0,0.0
258,Kyren Williams,K,LA,13.376762800570372,0.0,0.0
259,Zamir White,K,LV,13.376762800570372,0.0,0.0
260,Jake Ferguson,K,DAL,13.376762800570372,0.0,0.0
261,Charlie Kolar,K,BAL,13.376762800570372,0.0,0.0
262,Skyy Moore,K,KC,13.376762800570372,0.0,0.0
263,Erik Ezukanma,K,MIA,13.376762800570372,0.0,0.0
264,Pierre Strong,K,CLE,13.376762800570372,0.0,0.0
265,Kenny Pickett,K,PHI,13.376762800570372,0.0,0.0
266,Tyquan Thornton,K,KC,13.376762800570372,0.0,0.0
267,Daniel Bellinger,K,NYG,13.376762800570372,0.0,0.0
268,Jahan Dotson,K,PHI,13.376762800570372,0.0,0.0
269,Wan'Dale Robinson,K,NYG,13.376762800570372,0.0,0.0
270,Breece Hall,K,NYJ,13.376762800570372,0.0,0.0
271,Desmond Ridder,K,LV,13.376762800570372,0.0,0.0
272,Calvin Austin III,K,PIT,13.376762800570372,0.0,0.0
273,Tyrion Davis-Price,K,PHI,13.376762800570372,0.0,0.0
274,Christian Watson,K,GB,13.376762800570372,0.0,0.0
275,Romeo Doubs,K,GB,13.376762800570372,0.0,0.0
276,Aaron Shampklin,K,PIT,13.376762800570372,0.0,0.0
277,John Metchie III,K,HOU,13.376762800570372,0.0,0.0
278,Hassan Haskins,K,LAC,13.376762800570372,0.0,0.0
279,Tucker Fisk,K,LAC,13.376762800570372,0.0,0.0
280,Alec Pierce,K,IND,13.376762800570372,0.0,0.0
281,Jalen Tolbert,K,DAL,13.376762800570372,0.0,0.0
282,Garrett Wilson,K,NYJ,13.376762800570372,0.0,0.0
283,Will Mallory,K,IND,13.376762800570372,0.0,0.0
284,Tanner McKee,K,PHI,13.376762800570372,0.0,0.0
285,Rashid Shaheed,K,NO,13.376762800570372,0.0,0.0
286,Ronnie Rivers,K,LA,13.376762800570372,0.0,0.0
287,Kadarius Toney,K,CLE,13.376762800570372,0.0,0.0
288,Kenneth Gainwell,K,PHI,13.376762800570372,0.0,0.0
289,Michael Carter,K,ARI,13.376762800570372,0.0,0.0
290,Kyle Trask,K,TB,13.376762800570372,0.0,0.0
291,Justin Fields,K,PIT,13.376762800570372,0.0,0.0
292,Terrace Marshall Jr.,K,LV,13.376762800570372,0.0,0.0
293,Amon-Ra St. Brown,K,DET,13.376762800570372,0.0,0.0
294,Kyle Pitts,K,ATL,13.376762800570372,0.0,0.0
295,Trevor Lawrence,K,JAX,13.376762800570372,0.0,0.0
296,Mac Jones,K,JAX,13.376762800570372,0.0,0.0
297,Travis Etienne,K,JAX,13.376762800570372,0.0,0.0
298,Elijah Moore,K,CLE,13.376762800570372,0.0,0.0
299,Jaylen Warren,K,PIT,13.376762800570372,0.0,0.0
300,Drake London,K,ATL,13.376762800570372,0.0,0.0
301,Connor Heyward,K,PIT,13.376762800570372,0.0,0.0
302,Khalil Herbert,K,CIN,13.376762800570372,0.0,0.0
303,Chris Oladokun,K,KC,13.376762800570372,0.0,0.0
304,Skylar Thompson,K,MIA,13.376762800570372,0.0,0.0
305,Tanner Conner,K,MIA,13.376762800570372,0.0,0.0
306,Brandon Johnson,K,PIT,13.376762800570372,0.0,0.0
307,Kendric Pryor,K,CIN,13.376762800570372,0.0,0.0
308,Raheem Blackshear,K,CAR,13.376762800570372,0.0,0.0
309,Tyreik McAllister,K,LV,13.376762800570372,0.0,0.0
310,Stone Smartt,K,LAC,13.376762800570372,0.0,0.0
311,Deven Thompkins,K,CAR,13.376762800570372,0.0,0.0
312,J.J. Russell,K,TB,13.376762800570372,0.0,0.0
313,Sincere McCormick,K,LV,13.376762800570372,0.0,0.0
314,Tay Martin,K,TEN,13.376762800570372,0.0,0.0
315,Jordan Mason,K,SF,13.376762800570372,0.0,0.0
316,Lucas Krull,K,DEN,13.376762800570372,0.0,0.0
317,DeVonta Smith,K,PHI,13.376762800570372,0.0,0.0
318,Ja'Marr Chase,K,CIN,13.376762800570372,0.0,0.0
319,Tyson Bagent,K,CHI,13.376762800570372,0.0,0.0
320,Trey Lance,K,DAL,13.376762800570372,0.0,0.0
321,Keaton Mitchell,K,BAL,13.376762800570372,0.0,0.0
322,Malik Heath,K,GB,13.376762800570372,0.0,0.0
323,Tommy DeVito,K,NYG,13.376762800570372,0.0,0.0
324,Bryce Ford-Wheaton,K,NYG,13.376762800570372,0.0,0.0
325,Ben VanSumeren,K,PHI,13.376762800570372,0.0,0.0
326,Xavier Gipson,K,NYJ,13.376762800570372,0.0,0.0
327,E.J. Jenkins,K,PHI,13.376762800570372,0.0,0.0
328,Grant DuBose,K,MIA,13.376762800570372,0.0,0.0
329,Julius Chestnut,K,TEN,13.376762800570372,0.0,0.0
330,Peyton Hendershot,K,KC,13.376762800570372,0.0,0.0
331,Chris Rodriguez Jr.,K,WAS,13.376762800570372,0.0,0.0
332,Divine Deablo,K,LV,13.376762800570372,0.0,0.0
333,Hunter Long,K,LA,13.376762800570372,0.0,0.0
334,Tommy Tremble,K,CAR,13.376762800570372,0.0,0.0
335,Sam Howell,K,SEA,13.376762800570372,0.0,0.0
336,Jacob Cowing,K,SF,13.376762800570372,0.0,0.0
337,Tyler Badie,K,DEN,13.376762800570372,0.0,0.0
338,Grant Calcaterra,K,PHI,13.376762800570372,0.0,0.0
339,Bo Melton,K,GB,13.376762800570372,0.0,0.0
340,Dareke Young,K,SEA,13.376762800570372,0.0,0.0
341,Tyler Goodson,K,IND,13.376762800570372,0.0,0.0
342,Josh Blackwell,K,CHI,13.376762800570372,0.0,0.0
343,Britain Covey,K,PHI,13.376762800570372,0.0,0.0
344,Irvin Charles,K,NYJ,13.376762800570372,0.0,0.0
345,Isiah Pacheco,K,KC,13.376762800570372,0.0,0.0
346,Mike Caliendo,K,KC,13.376762800570372,0.0,0.0
347,Justyn Ross,K,KC,13.376762800570372,0.0,0.0
348,Javonte Williams,K,DEN,13.376762800570372,0.0,0.0
349,Josh Palmer,K,LAC,13.376762800570372,0.0,0.0
350,Kevin Austin Jr.,K,NO,13.376762800570372,0.0,0.0
351,Roschon Johnson,K,CHI,13.376762800570372,0.0,0.0
352,Johnny Wilson,K,PHI,13.376762800570372,0.0,0.0
353,Anthony Richardson,K,IND,13.376762800570372,0.0,0.0
354,Darrynton Evans,K,CHI,13.376762800570372,0.0,0.0
355,Adam Prentice,K,NO,13.376762800570372,0.0,0.0
356,Jermar Jefferson,K,DET,13.376762800570372,0.0,0.0
357,Simi Fehoko,K,LAC,13.376762800570372,0.0,0.0
358,Zach Davidson,K,BUF,13.376762800570372,0.0,0.0
359,Ihmir Smith-Marsette,K,NYG,13.376762800570372,0.0,0.0
360,Kristian Wilkerson,K,LV,13.376762800570372,0.0,0.0
361,Stephen Sullivan,K,CAR,13.376762800570372,0.0,0.0
362,Tyler Johnson,K,LA,13.376762800570372,0.0,0.0
363,Cole Kmet,K,CHI,13.376762800570372,0.0,0.0
364,Nico Collins,K,HOU,13.376762800570372,0.0,0.0
365,D'Andre Swift,K,CHI,13.376762800570372,0.0,0.0
366,Laviska Shenault Jr.,K,LAC,13.376762800570372,0.0,0.0
367,Jordan Love,K,GB,13.376762800570372,0.0,0.0
368,Brandon Aiyuk,K,SF,13.376762800570372,0.0,0.0
369,Jauan Jennings,K,SF,13.376762800570372,0.0,0.0
370,Collin Johnson,K,CHI,13.376762800570372,0.0,0.0
371,Michael Pittman,K,IND,13.376762800570372,0.0,0.0
372,Zack Moss,K,CIN,13.376762800570372,0.0,0.0
373,Jack Stoll,K,MIA,13.376762800570372,0.0,0.0
374,Brock Wright,K,DET,13.376762800570372,0.0,0.0
375,Feleipe Franks,K,CAR,13.376762800570372,0.0,0.0
376,Austin Trammell,K,JAX,13.376762800570372,0.0,0.0
377,Shane Zylstra,K,DET,13.376762800570372,0.0,0.0
378,DJ Turner,K,LV,13.376762800570372,0.0,0.0
379,Kenny Yeboah,K,NYJ,13.376762800570372,0.0,0.0
380,Tim Jones,K,JAX,13.376762800570372,0.0,0.0
381,Chris Blair,K,ATL,13.376762800570372,0.0,0.0
382,Ke'Shawn Vaughn,K,SF,13.376762800570372,0.0,0.0
383,John Bates,K,WAS,13.376762800570372,0.0,0.0
384,Joe Burrow,K,CIN,13.376762800570372,0.0,0.0
385,Tylan Wallace,K,BAL,13.376762800570372,0.0,0.0
386,Noah Gray,K,KC,13.376762800570372,0.0,0.0
387,Penei Sewell,K,DET,13.376762800570372,0.0,0.0
388,Jaelon Darden,K,SEA,13.376762800570372,0.0,0.0
389,Kylen Granson,K,IND,13.376762800570372,0.0,0.0
390,Rhamondre Stevenson,K,NE,13.376762800570372,0.0,0.0
391,Ben Skowronek,K,PIT,13.376762800570372,0.0,0.0
392,Tutu Atwell,K,LA,13.376762800570372,0.0,0.0
393,Kene Nwangwu,K,NYJ,13.376762800570372,0.0,0.0
394,Colby Parkinson,K,LA,13.376762800570372,0.0,0.0
395,Harrison Bryant,K,LV,13.376762800570372,0.0,0.0
396,Jonathan Taylor,K,IND,13.376762800570372,0.0,0.0
397,Devin Duvernay,K,JAX,13.376762800570372,0.0,0.0
398,Luke Farrell,K,JAX,13.376762800570372,0.0,0.0
399,Hayden Hurst,K,LAC,13.376762800570372,0.0,0.0
400,DJ Moore,K,CHI,13.376762800570372,0.0,0.0
401,Robbie Chosen,K,MIA,13.376762800570372,0.0,0.0
402,Kalif Raymond,K,DET,13.376762800570372,0.0,0.0
403,Brandon Allen,K,SF,13.376762800570372,0.0,0.0
404,Miles Killebrew,K,PIT,13.376762800570372,0.0,0.0
405,Nick Vannett,K,TEN,13.376762800570372,0.0,0.0
406,Austin Hooper,K,NE,13.376762800570372,0.0,0.0
407,Sterling Shepard,K,TB,13.376762800570372,0.0,0.0
408,Taylor Decker,K,DET,13.376762800570372,0.0,0.0
409,Marcus Mariota,K,WAS,13.376762800570372,0.0,0.0
410,Tyler Lockett,K,SEA,13.376762800570372,0.0,0.0
411,Geoff Swaim,K,CLE,13.376762800570372,0.0,0.0
412,Chris Conley,K,SF,13.376762800570372,0.0,0.0
413,Ameer Abdullah,K,LV,13.376762800570372,0.0,0.0
414,Jamison Crowder,K,WAS,13.376762800570372,0.0,0.0
415,Antonio Gibson,K,NE,13.376762800570372,0.0,0.0
416,Josiah Deguara,K,JAX,13.376762800570372,0.0,0.0
417,Tua Tagovailoa,K,MIA,13.376762800570372,0.0,0.0
418,K.J. Osborn,K,WAS,13.376762800570372,0.0,0.0
419,Gabe Davis,K,JAX,13.376762800570372,0.0,0.0
420,Darnell Mooney,K,ATL,13.376762800570372,0.0,0.0
421,Charlie Woerner,K,ATL,13.376762800570372,0.0,0.0
422,Justin Jefferson,K,MIN,13.376762800570372,0.0,0.0
423,Ashtyn Davis,K,NYJ,13.376762800570372,0.0,0.0
424,DeeJay Dallas,K,ARI,13.376762800570372,0.0,0.0
425,Adam Trautman,K,DEN,13.376762800570372,0.0,0.0
426,Van Jefferson,K,PIT,13.376762800570372,0.0,0.0
427,Cam Akers,K,MIN,13.376762800570372,0.0,0.0
428,Tee Higgins,K,CIN,13.376762800570372,0.0,0.0
429,Jerry Jeudy,K,CLE,13.376762800570372,0.0,0.0
430,Jalen Hurts,K,PHI,13.376762800570372,0.0,0.0
431,Jalen Reagor,K,LAC,13.376762800570372,0.0,0.0
432,Joshua Kelley,K,TEN,13.376762800570372,0.0,0.0
433,Clyde Edwards-Helaire,K,NO,13.376762800570372,0.0,0.0
434,CeeDee Lamb,K,DAL,13.376762800570372,0.0,0.0
435,Justin Herbert,K,LAC,13.376762800570372,0.0,0.0
436,Rashod Bateman,K,BAL,13.376762800570372,0.0,0.0
437,Chuba Hubbard,K,CAR,13.376762800570372,0.0,0.0
438,Chris Collier,K,LV,13.376762800570372,0.0,0.0
439,Jonathan Ward,K,PIT,13.376762800570372,0.0,0.0
440,Rico Dowdle,K,DAL,13.376762800570372,0.0,0.0
441,James Proche,K,CLE,13.376762800570372,0.0,0.0
442,J.J. Taylor,K,HOU,13.376762800570372,0.0,0.0
443,Juwan Johnson,K,NO,13.376762800570372,0.0,0.0
444,Sam Franklin Jr.,K,CAR,13.376762800570372,0.0,0.0
445,Tyler Huntley,K,MIA,13.376762800570372,0.0,0.0
446,Dan Chisena,K,CAR,13.376762800570372,0.0,0.0
447,Patrick Taylor,K,SF,13.376762800570372,0.0,0.0
448,Cody White,K,SEA,13.376762800570372,0.0,0.0
449,Brevin Jordan,K,HOU,13.376762800570372,0.0,0.0
450,Tony Jones,K,ARI,13.376762800570372,0.0,0.0
451,JaMycal Hasty,K,NE,13.376762800570372,0.0,0.0
452,James Pierre,K,PIT,13.376762800570372,0.0,0.0
453,Daniel Jones,K,MIN,13.376762800570372,0.0,0.0
454,Mason Kinsey,K,TEN,13.376762800570372,0.0,0.0
455,Darius Slayton,K,NYG,13.376762800570372,0.0,0.0
456,Lil'Jordan Humphrey,K,DEN,13.376762800570372,0.0,0.0
457,Ashton Dulin,K,IND,13.376762800570372,0.0,0.0
458,J.K. Dobbins,K,LAC,13.376762800570372,0.0,0.0
459,Isaiah Hodgins,K,NYG,13.376762800570372,0.0,0.0
460,Deebo Samuel Sr.,K,SF,13.376762800570372,0.0,0.0
461,Drew Lock,K,NYG,13.376762800570372,0.0,0.0
462,Dawson Knox,K,BUF,13.376762800570372,0.0,0.0
463,David Montgomery,K,DET,13.376762800570372,0.0,0.0
464,A.J. Brown,K,PHI,13.376762800570372,0.0,0.0
465,Marquise Brown,K,KC,13.376762800570372,0.0,0.0
466,Terry McLaurin,K,WAS,13.376762800570372,0.0,0.0
467,Noah Fant,K,SEA,13.376762800570372,0.0,0.0
468,DK Metcalf,K,SEA,13.376762800570372,0.0,0.0
469,Parris Campbell,K,PHI,13.376762800570372,0.0,0.0
470,Drew Sample,K,CIN,13.376762800570372,0.0,0.0
471,D'Ernest Johnson,K,JAX,13.376762800570372,0.0,0.0
472,Alex Bachman,K,LV,13.376762800570372,0.0,0.0
473,Travis Homer,K,CHI,13.376762800570372,0.0,0.0
474,Craig Reynolds,K,DET,13.376762800570372,0.0,0.0
475,Joseph Fortson,K,KC,13.376762800570372,0.0,0.0
476,Tom Kennedy,K,DET,13.376762800570372,0.0,0.0
477,Josh Jacobs,K,GB,13.376762800570372,0.0,0.0
478,Ty Johnson,K,BUF,13.376762800570372,0.0,0.0
479,Foster Moreau,K,NO,13.376762800570372,0.0,0.0
480,Justice Hill,K,BAL,13.376762800570372,0.0,0.0
481,Julian Love,K,SEA,13.376762800570372,0.0,0.0
482,Jarrett Stidham,K,DEN,13.376762800570372,0.0,0.0
483,Devin Singletary,K,NYG,13.376762800570372,0.0,0.0
484,Josh Oliver,K,MIN,13.376762800570372,0.0,0.0
485,Miles Sanders,K,CAR,13.376762800570372,0.0,0.0
486,T.J. Hockenson,K,MIN,13.376762800570372,0.0,0.0
487,Kyler Murray,K,ARI,13.376762800570372,0.0,0.0
488,Diontae Johnson,K,HOU,13.376762800570372,0.0,0.0
489,Olamide Zaccheaus,K,WAS,13.376762800570372,0.0,0.0
490,AJ Cole,K,LV,13.376762800570372,0.0,0.0
491,Mecole Hardman,K,KC,13.376762800570372,0.0,0.0
492,Sam Hubbard,K,CIN,13.376762800570372,0.0,0.0
493,Nick Westbrook-Ikhine,K,TEN,13.376762800570372,0.0,0.0
494,Reggie Gilliam,K,BUF,13.376762800570372,0.0,0.0
495,Dyami Brown,K,WAS,13.376762800570372,0.0,0.0
496,Dee Eskridge,K,MIA,13.376762800570372,0.0,0.0
497,Jaylen Waddle,K,MIA,13.376762800570372,0.0,0.0
498,Quintin Morris,K,BUF,13.376762800570372,0.0,0.0
499,Deommodore Lenoir,K,SF,13.376762800570372,0.0,0.0
500,Tony Pollard,K,TEN,13.376762800570372,0.0,0.0
501,Jake Bailey,K,MIA,13.376762800570372,0.0,0.0
502,Alexander Mattison,K,LV,13.376762800570372,0.0,0.0
503,Gardner Minshew,K,LV,13.376762800570372,0.0,0.0
504,Jakobi Meyers,K,LV,13.376762800570372,0.0,0.0
505,Andrew Beck,K,HOU,13.376762800570372,0.0,0.0
506,Steven Sims,K,BAL,13.376762800570372,0.0,0.0
507,Sam Darnold,K,MIN,13.376762800570372,0.0,0.0
508,Dante Pettis,K,NO,13.376762800570372,0.0,0.0
509,Josh Allen,K,BUF,13.376762800570372,0.0,0.0
510,Baker Mayfield,K,TB,13.376762800570372,0.0,0.0
511,KhaDarel Hodge,K,ATL,13.376762800570372,0.0,0.0
512,Saquon Barkley,K,PHI,13.376762800570372,0.0,0.0
513,Calvin Ridley,K,TEN,13.376762800570372,0.0,0.0
514,Jake Browning,K,CIN,13.376762800570372,0.0,0.0
515,Greg Dortch,K,ARI,13.376762800570372,0.0,0.0
516,Alec Ingold,K,MIA,13.376762800570372,0.0,0.0
517,Jack Fox,K,DET,13.376762800570372,0.0,0.0
518,Trenton Irwin,K,CAR,13.376762800570372,0.0,0.0
519,Myles Gaskin,K,JAX,13.376762800570372,0.0,0.0
520,Scott Miller,K,PIT,13.376762800570372,0.0,0.0
521,Taylor Heinicke,K,LAC,13.376762800570372,0.0,0.0
522,Derrick Henry,K,BAL,13.376762800570372,0.0,0.0
523,DeAndre Carter,K,CHI,13.376762800570372,0.0,0.0
524,JuJu Smith-Schuster,K,KC,13.376762800570372,0.0,0.0
525,Mike Williams,K,PIT,13.376762800570372,0.0,0.0
526,Samaje Perine,K,KC,13.376762800570372,0.0,0.0
527,John Ross,K,PHI,13.376762800570372,0.0,0.0
528,Pharaoh Brown,K,SEA,13.376762800570372,0.0,0.0
529,Patrick Ricard,K,BAL,13.376762800570372,0.0,0.0
530,Tim Patrick,K,DET,13.376762800570372,0.0,0.0
531,Dare Ogunbowale,K,HOU,13.376762800570372,0.0,0.0
532,Jeremy McNichols,K,WAS,13.376762800570372,0.0,0.0
533,Dan Skipper,K,DET,13.376762800570372,0.0,0.0
534,Demarcus Robinson,K,LA,13.376762800570372,0.0,0.0
535,Jamaal Williams,K,NO,13.376762800570372,0.0,0.0
536,Josh Reynolds,K,JAX,13.376762800570372,0.0,0.0
537,D'Onta Foreman,K,CLE,13.376762800570372,0.0,0.0
538,Kareem Hunt,K,KC,13.376762800570372,0.0,0.0
539,Chris Godwin,K,TB,13.376762800570372,0.0,0.0
540,Cooper Kupp,K,LA,13.376762800570372,0.0,0.0
541,Alvin Kamara,K,NO,13.376762800570372,0.0,0.0
542,Joe Mixon,K,HOU,13.376762800570372,0.0,0.0
543,Deshaun Watson,K,CLE,13.376762800570372,0.0,0.0
544,James Conner,K,ARI,13.376762800570372,0.0,0.0
545,Mack Hollins,K,BUF,13.376762800570372,0.0,0.0
546,Jalen Reeves-Maybin,K,DET,13.376762800570372,0.0,0.0
547,Brandon Powell,K,MIN,13.376762800570372,0.0,0.0
548,Tanner Hudson,K,CIN,13.376762800570372,0.0,0.0
549,Kyle Allen,K,PIT,13.376762800570372,0.0,0.0
550,Trent Scott,K,WAS,13.376762800570372,0.0,0.0
551,Allen Lazard,K,NYJ,13.376762800570372,0.0,0.0
552,Tavierre Thomas,K,TB,13.376762800570372,0.0,0.0
553,Trent Sherfield,K,MIN,13.376762800570372,0.0,0.0
554,Jonathan Owens,K,CHI,13.376762800570372,0.0,0.0
555,Cedrick Wilson Jr.,K,NO,13.376762800570372,0.0,0.0
556,Nick Mullens,K,MIN,13.376762800570372,0.0,0.0
557,River Cracraft,K,MIA,13.376762800570372,0.0,0.0
558,Joshua Dobbs,K,SF,13.376762800570372,0.0,0.0
559,Austin Ekeler,K,WAS,13.376762800570372,0.0,0.0
560,Cooper Rush,K,DAL,13.376762800570372,0.0,0.0
561,Noah Brown,K,WAS,13.376762800570372,0.0,0.0
562,David Moore,K,CAR,13.376762800570372,0.0,0.0
563,Eric Saubert,K,SF,13.376762800570372,0.0,0.0
564,Gerald Everett,K,CHI,13.376762800570372,0.0,0.0
565,Dalvin Cook,K,DAL,13.376762800570372,0.0,0.0
566,Zay Jones,K,ARI,13.376762800570372,0.0,0.0
567,Payne Durham,K,TB,13.376762800570372,0.0,0.0
568,De'Von Achane,K,MIA,13.376762800570372,0.0,0.0
569,Will Levis,K,TEN,13.376762800570372,0.0,0.0
570,Tyjae Spears,K,TEN,13.376762800570372,0.0,0.0
571,C.J. Stroud,K,HOU,13.376762800570372,0.0,0.0
572,Zach Charbonnet,K,SEA,13.376762800570372,0.0,0.0
573,Sione Vaki,K,DET,13.376762800570372,0.0,0.0
574,Isaac Guerendo,K,SF,13.376762800570372,0.0,0.0
575,Bucky Irving,K,TB,13.376762800570372,0.0,0.0
576,Cade Stover,K,HOU,13.376762800570372,0.0,0.0
577,Ja'Tavion Sanders,K,CAR,13.376762800570372,0.0,0.0
578,Luke McCaffrey,K,WAS,13.376762800570372,0.0,0.0
579,Jonathon Brooks,K,CAR,13.376762800570372,0.0,0.0
580,Xavier Legette,K,CAR,13.376762800570372,0.0,0.0
581,Brock Bowers,K,LV,13.376762800570372,0.0,0.0
582,Malik Nabers,K,NYG,13.376762800570372,0.0,0.0
583,Baylor Cupp,K,KC,13.376762800570372,0.0,0.0
584,George Holani,K,SEA,13.376762800570372,0.0,0.0
585,Elijah Higgins,K,ARI,13.376762800570372,0.0,0.0
586,Trey Palmer,K,TB,13.376762800570372,0.0,0.0
587,David Njoku,K,CLE,13.376762800570372,0.0,0.0
588,Jonathan Mingo,K,DAL,13.376762800570372,0.0,0.0
589,Evan Engram,K,JAX,13.376762800570372,0.0,0.0
590,Patrick Mahomes,K,KC,13.376762800570372,0.0,0.0
591,Mitchell Trubisky,K,BUF,13.376762800570372,0.0,0.0
592,Jonnu Smith,K,MIA,13.376762800570372,0.0,0.0
593,Marcedes Lewis,K,CHI,13.376762800570372,0.0,0.0
594,Najee Harris,K,PIT,13.376762800570372,0.0,0.0
595,Davis Mills,K,HOU,13.376762800570372,0.0,0.0
596,Bryce Young,K,CAR,13.376762800570372,0.0,0.0
597,Jayden Reed,K,GB,13.376762800570372,0.0,0.0
598,Luke Musgrave,K,GB,13.376762800570372,0.0,0.0
599,Jahmyr Gibbs,K,DET,13.376762800570372,0.0,0.0
600,Puka Nacua,K,LA,13.376762800570372,0.0,0.0
601,Davis Allen,K,LA,13.376762800570372,0.0,0.0
602,Rashee Rice,K,KC,13.376762800570372,0.0,0.0
603,Michael Mayer,K,LV,13.376762800570372,0.0,0.0
604,Sam LaPorta,K,DET,13.376762800570372,0.0,0.0
605,Zay Flowers,K,BAL,13.376762800570372,0.0,0.0
606,Mark Andrews,K,BAL,13.376762800570372,0.0,0.0
607,Mason Rudolph,K,TEN,13.376762800570372,0.0,0.0
608,Christian Kirk,K,JAX,13.376762800570372,0.0,0.0
609,Michael Burton,K,DEN,13.376762800570372,0.0,0.0
610,Keenan Allen,K,CHI,13.376762800570372,0.0,0.0
611,Zach Ertz,K,WAS,13.376762800570372,0.0,0.0
612,Adam Thielen,K,CAR,13.376762800570372,0.0,0.0
613,Kyle Juszczyk,K,SF,13.376762800570372,0.0,0.0
614,Bryan Anger,K,DAL,13.376762800570372,0.0,0.0
615,Kirk Cousins,K,ATL,13.376762800570372,0.0,0.0
616,Russell Wilson,K,PIT,13.376762800570372,0.0,0.0
617,Rodney McLeod Jr.,K,CLE,13.376762800570372,0.0,0.0
618,Johnny Hekker,K,CAR,13.376762800570372,0.0,0.0
619,Tyrod Taylor,K,NYJ,13.376762800570372,0.0,0.0
620,Andy Dalton,K,CAR,13.376762800570372,0.0,0.0
621,Matthew Stafford,K,LA,13.376762800570372,0.0,0.0
622,Josh Johnson,K,BAL,13.376762800570372,0.0,0.0
623,Joe Flacco,K,IND,13.376762800570372,0.0,0.0
624,Travis Kelce,K,KC,13.376762800570372,0.0,0.0
625,Raheem Mostert,K,MIA,13.376762800570372,0.0,0.0
626,DeAndre Hopkins,K,KC,13.376762800570372,0.0,0.0
627,Robert Woods,K,HOU,13.376762800570372,0.0,0.0
628,Eric Tomlinson,K,LAC,13.376762800570372,0.0,0.0
629,Stefon Diggs,K,HOU,13.376762800570372,0.0,0.0
630,Aaron Jones,K,MIN,13.376762800570372,0.0,0.0
631,Riley Dixon,K,DEN,13.376762800570372,0.0,0.0
632,Trent Taylor,K,SF,13.376762800570372,0.0,0.0
633,George Kittle,K,SF,13.376762800570372,0.0,0.0
634,Curtis Samuel,K,BUF,13.376762800570372,0.0,0.0
635,Christian McCaffrey,K,SF,13.376762800570372,0.0,0.0
636,Johnny Mundt,K,MIN,13.376762800570372,0.0,0.0
637,Mo Alie-Cox,K,IND,13.376762800570372,0.0,0.0
638,Jacoby Brissett,K,NE,13.376762800570372,0.0,0.0
639,Tyler Higbee,K,LA,13.376762800570372,0.0,0.0
640,Jared Goff,K,DET,13.376762800570372,0.0,0.0
641,Hunter Henry,K,NE,13.376762800570372,0.0,0.0
642,Dak Prescott,K,DAL,13.376762800570372,0.0,0.0
643,Ezekiel Elliott,K,LAC,13.376762800570372,0.0,0.0
644,Tyreek Hill,K,MIA,13.376762800570372,0.0,0.0
645,Tyler Boyd,K,TEN,13.376762800570372,0.0,0.0
646,Carson Wentz,K,KC,13.376762800570372,0.0,0.0
647,C.J. Ham,K,MIN,13.376762800570372,0.0,0.0
648,Cordarrelle Patterson,K,PIT,13.376762800570372,0.0,0.0
649,MyCole Pruitt,K,PIT,13.376762800570372,0.0,0.0
650,DJ Chark,K,LAC,13.376762800570372,0.0,0.0
651,Jordan Akins,K,CLE,13.376762800570372,0.0,0.0
652,Dallas Goedert,K,PHI,13.376762800570372,0.0,0.0
653,Courtland Sutton,K,DEN,13.376762800570372,0.0,0.0
654,Marquez Valdes-Scantling,K,NO,13.376762800570372,0.0,0.0
655,Tyler Conklin,K,NYJ,13.376762800570372,0.0,0.0
656,Mike Boone,K,CAR,13.376762800570372,0.0,0.0
657,Gus Edwards,K,LAC,13.376762800570372,0.0,0.0
658,Tim Boyle,K,NYG,13.376762800570372,0.0,0.0
659,J.K. Scott,K,LAC,13.376762800570372,0.0,0.0
660,Will Dissly,K,LAC,13.376762800570372,0.0,0.0
661,Jeff Wilson,K,MIA,13.376762800570372,0.0,0.0
662,Mike White,K,BUF,13.376762800570372,0.0,0.0
663,Ross Dwelley,K,ATL,13.376762800570372,0.0,0.0
664,Ray-Ray McCloud,K,ATL,13.376762800570372,0.0,0.0
665,Braxton Berrios,K,MIA,13.376762800570372,0.0,0.0
666,Durham Smythe,K,MIA,13.376762800570372,0.0,0.0
667,Lamar Jackson,K,BAL,13.376762800570372,0.0,0.0
668,Nick Chubb,K,CLE,13.376762800570372,0.0,0.0
669,Anthony Miller,K,BAL,13.376762800570372,0.0,0.0
670,Ian Thomas,K,CAR,13.376762800570372,0.0,0.0
671,Nelson Agholor,K,BAL,13.376762800570372,0.0,0.0
672,Dalton Schultz,K,HOU,13.376762800570372,0.0,0.0
673,Amari Cooper,K,BUF,13.376762800570372,0.0,0.0
674,Jameis Winston,K,CLE,13.376762800570372,0.0,0.0
675,Chris Manhertz,K,NYG,13.376762800570372,0.0,0.0
676,Allen Robinson,K,DET,13.376762800570372,0.0,0.0
677,Mike Evans,K,TB,13.376762800570372,0.0,0.0
678,Davante Adams,K,NYJ,13.376762800570372,0.0,0.0
679,C.J. Goodwin,K,DAL,13.376762800570372,0.0,0.0
680,Jimmy Garoppolo,K,LA,13.376762800570372,0.0,0.0
681,Jordan Matthews,K,CAR,13.376762800570372,0.0,0.0
682,Derek Carr,K,NO,13.376762800570372,0.0,0.0
683,Brandin Cooks,K,DAL,13.376762800570372,0.0,0.0
684,Odell Beckham Jr.,K,MIA,13.376762800570372,0.0,0.0
685,Geno Smith,K,SEA,13.376762800570372,0.0,0.0
686,Mike Gesicki,K,CIN,13.376762800570372,0.0,0.0
687,Kendrick Bourne,K,NE,13.376762800570372,0.0,0.0
688,Taysom Hill,K,NO,13.376762800570372,0.0,0.0
689,Justin Watson,K,KC,13.376762800570372,0.0,0.0
690,Carson Steele,K,KC,13.376762800570372,0.0,0.0
691,Trey Benson,K,ARI,13.376762800570372,0.0,0.0
692,Brock Purdy,QB,SF,35.57824400012659,0.0,0.0
693,A.J. Brown,RB,PHI,28.030487858628117,0.0,0.0
694,Mike Evans,RB,TB,28.015460127683113,-0.015027730945003981,-0.02254159641750597
695,Jerry Jeudy,TE,CLE,24.54676502853246,-0.03381344664140684,-0.047338825297969574
696,CeeDee Lamb,RB,DAL,27.99416601654387,-0.0363218420842486,-0.0544827631263729
697,Jaxon Smith-Njigba,RB,SEA,27.983736774006445,-0.04675108462167188,-0.07012662693250782
698,James Conner,RB,ARI,27.962167329069505,-0.06832052955861201,-0.10248079433791801
699,George Kittle,TE,SF,24.490676215187122,-0.08990225998674362,-0.12586316398144107
700,Jayden Reed,WR,GB,23.087560207956685,-0.1763333276984369,-0.21159999323812428
701,A.J. Brown,TE,PHI,24.38778547937863,-0.19279299579523723,-0.2699101941133321
702,DJ Moore,TE,CHI,24.387725995509854,-0.19285247966401187,-0.2699934715296166
703,Ladd McConkey,TE,LAC,24.362302002914564,-0.21827647225930136,-0.30558706116302187
704,Alec Pierce,WR,IND,22.995586907904766,-0.26830662775035563,-0.32196795330042677
705,Nico Collins,TE,HOU,24.244513025735458,-0.3360654494384079,-0.470491629213771
706,Courtland Sutton,TE,DEN,24.170610818898503,-0.4099676562753629,-0.5739547187855081
707,Rashod Bateman,WR,BAL,22.764680055788023,-0.4992134798670982,-0.5990561758405178
708,Jalen Hurts,QB,PHI,34.90181582604328,-0.6764281740833056,-0.608785356674975
709,Jauan Jennings,TE,SF,24.12665993222527,-0.4539185429485961,-0.6354859601280345
710,Jakobi Meyers,TE,LV,24.023595283722795,-0.5569831914510708,-0.779776468031499
711,Tee Higgins,TE,CIN,24.01890355420562,-0.5616749209682439,-0.7863448893555414
712,Aaron Rodgers,QB,NYJ,34.3451263579549,-1.2331176421716847,-1.1098058779545164
713,Caleb Williams,QB,CHI,34.14152359884439,-1.4367204012822015,-1.2930483611539814
714,Tee Higgins,RB,CIN,27.143529566330255,-0.8869582922978623,-1.3304374384467934
715,Zay Flowers,TE,BAL,23.614895725775856,-0.9656827493980096,-1.3519558491572132
716,Darnell Mooney,TE,ATL,23.57111143583127,-1.0094670393425957,-1.4132538550796339
717,DK Metcalf,TE,SEA,23.548306570502078,-1.0322719046717879,-1.445180666540503
718,Trey McBride,TE,ARI,23.5044008060122,-1.076177669161666,-1.5066487368263324
719,Nico Collins,RB,HOU,26.89325456787849,-1.1372332907496272,-1.7058499361244408
720,Jonnu Smith,RB,MIA,26.830236143015213,-1.2002517156129038,-1.8003775734193557
721,Najee Harris,RB,PIT,26.7972881983315,-1.2331996602966164,-1.8497994904449246
722,Jameson Williams,TE,DET,23.256665303530422,-1.3239131716434436,-1.8534784403008209
723,Jauan Jennings,RB,SF,26.77325689797448,-1.2572309606536365,-1.8858464409804547
724,Calvin Ridley,TE,TEN,23.174433566983307,-1.4061449081905586,-1.9686028714667818
725,Jameson Williams,RB,DET,26.58858142418885,-1.441906434439268,-2.162859651658902
726,Jordan Addison,RB,MIN,26.474508901501704,-1.5559789571264133,-2.33396843568962
727,D'Andre Swift,RB,CHI,26.3959288753812,-1.6345589832469187,-2.451838474870378
728,Marvin Harrison Jr.,RB,ARI,26.384404622206922,-1.6460832364211946,-2.469124854631792
729,Jonathan Taylor,QB,IND,32.72091875723733,-2.85732524288926,-2.5715927186003342
730,Jahmyr Gibbs,QB,DET,32.72091875723733,-2.85732524288926,-2.5715927186003342
731,Bijan Robinson,QB,ATL,32.72091875723733,-2.85732524288926,-2.5715927186003342
732,Derrick Henry,QB,BAL,32.72091875723733,-2.85732524288926,-2.5715927186003342
733,David Montgomery,QB,DET,32.72091875723733,-2.85732524288926,-2.5715927186003342
734,J.K. Dobbins,QB,LAC,32.72091875723733,-2.85732524288926,-2.5715927186003342
735,Josh Jacobs,QB,GB,32.72091875723733,-2.85732524288926,-2.5715927186003342
736,James Cook,QB,BUF,32.72091875723733,-2.85732524288926,-2.5715927186003342
737,Kyren Williams,QB,LA,32.72091875723733,-2.85732524288926,-2.5715927186003342
738,Joe Mixon,QB,HOU,32.72091875723733,-2.85732524288926,-2.5715927186003342
739,Chuba Hubbard,QB,CAR,32.72091875723733,-2.85732524288926,-2.5715927186003342
740,Saquon Barkley,QB,PHI,32.72091875723733,-2.85732524288926,-2.5715927186003342
741,Pat Freiermuth,WR,PIT,21.119454855175622,-2.1444386804794995,-2.5733264165753993
742,Zach Ertz,WR,WAS,21.119454855175622,-2.1444386804794995,-2.5733264165753993
743,Puka Nacua,TE,LA,22.68940929650439,-1.8911691786694753,-2.6476368501372654
744,Sam LaPorta,WR,DET,21.042809115560154,-2.221084420094968,-2.6653013041139615
745,DK Metcalf,WR,SEA,20.972642442463997,-2.291251093191125,-2.74950131182935
746,Brock Bowers,RB,LV,26.129628559389914,-1.9008592992382027,-2.851288948857304
747,Trey McBride,RB,ARI,26.103508498369187,-1.9269793602589296,-2.8904690403883944
748,Darnell Mooney,WR,ATL,20.82994611050846,-2.4339474251466626,-2.9207369101759952
749,Josh Downs,WR,IND,20.813444731750568,-2.4504488039045533,-2.940538564685464
750,Keenan Allen,RB,CHI,26.05036688308688,-1.9801209755412366,-2.970181463311855
751,Tyrone Tracy Jr.,RB,NYG,26.04816315251069,-1.9823247061174278,-2.9734870591761418
752,Jerry Jeudy,RB,CLE,26.041682934294876,-1.988804924333241,-2.9832073864998616
753,De'Von Achane,WR,MIA,20.710007306671358,-2.553886228983764,-3.0646634747805166
754,Tyreek Hill,RB,MIA,25.96317409297234,-2.0673137656557756,-3.1009706484836634
755,DJ Moore,RB,CHI,25.96317409297234,-2.0673137656557756,-3.1009706484836634
756,Jordan Love,QB,GB,32.08218587614774,-3.496058123978848,-3.1464523115809633
757,DeVonta Smith,RB,PHI,25.92197026356616,-2.108517595061958,-3.162776392592937
758,Bucky Irving,QB,TB,32.006252660465975,-3.571991339660613,-3.2147922056945517
759,Brian Robinson,QB,WAS,32.006252660465975,-3.571991339660613,-3.2147922056945517
760,James Conner,QB,ARI,32.006252660465975,-3.571991339660613,-3.2147922056945517
761,Jakobi Meyers,WR,LV,20.574785120599255,-2.689108415055866,-3.2269300980670392
762,C.J. Stroud,QB,HOU,31.898529652415704,-3.6797143477108847,-3.3117429129397964
763,Zay Flowers,RB,BAL,25.742060266792546,-2.288427591835571,-3.432641387753357
764,Xavier Worthy,WR,KC,20.357909810915313,-2.9059837247398086,-3.4871804696877704
765,D'Andre Swift,QB,CHI,31.69479668784733,-3.8834473122792588,-3.495102581051333
766,Najee Harris,QB,PIT,31.69479668784733,-3.8834473122792588,-3.495102581051333
767,Tank Bigsby,QB,JAX,31.69479668784733,-3.8834473122792588,-3.495102581051333
768,Chase Brown,QB,CIN,31.69479668784733,-3.8834473122792588,-3.495102581051333
769,De'Von Achane,QB,MIA,31.69479668784733,-3.8834473122792588,-3.495102581051333
770,Kareem Hunt,QB,KC,31.69479668784733,-3.8834473122792588,-3.495102581051333
771,Alvin Kamara,QB,NO,31.69479668784733,-3.8834473122792588,-3.495102581051333
772,Rhamondre Stevenson,QB,NE,31.69479668784733,-3.8834473122792588,-3.495102581051333
773,Puka Nacua,WR,LA,20.279083635410597,-2.9848099002445245,-3.5817718802934295
774,Mark Andrews,WR,BAL,20.20710098022922,-3.0567925554259006,-3.6681510665110806
775,Calvin Ridley,WR,TEN,20.202933103633598,-3.060960432021524,-3.6731525184258285
776,Quentin Johnston,WR,LAC,20.16621069553042,-3.097682840124701,-3.7172194081496412
777,Jakobi Meyers,RB,LV,25.503502171729235,-2.5269856868988825,-3.7904785303483237
778,Zay Flowers,WR,BAL,20.10271385764451,-3.161179678010612,-3.793415613612734
779,Khalil Shakir,WR,BUF,20.07631207776503,-3.18758145789009,-3.825097749468108
780,J.K. Dobbins,RB,LAC,25.451036183140126,-2.5794516754879915,-3.869177513231987
781,George Pickens,WR,PIT,20.02336949322262,-3.240524042432501,-3.888628850919001
782,Aaron Jones,QB,MIN,31.221347817635824,-4.356896182490765,-3.9212065642416882
783,Tony Pollard,QB,TEN,31.221347817635824,-4.356896182490765,-3.9212065642416882
784,Tyrone Tracy Jr.,QB,NYG,31.221347817635824,-4.356896182490765,-3.9212065642416882
785,Breece Hall,QB,NYJ,31.221347817635824,-4.356896182490765,-3.9212065642416882
786,Travis Kelce,WR,KC,19.99332218574964,-3.270571349905481,-3.924685619886577
787,Rico Dowdle,QB,DAL,31.141239182864883,-4.437004817261705,-3.993304335535535
788,Jordan Mason,QB,SF,31.141239182864883,-4.437004817261705,-3.993304335535535
789,Michael Pittman,WR,IND,19.840084094083902,-3.423809441571219,-4.1085713298854625
790,Quentin Johnston,RB,LAC,25.259517487852435,-2.7709703707756823,-4.1564555561635235
791,Rhamondre Stevenson,RB,NE,25.24852282608208,-2.7819650325460366,-4.172947548819055
792,Jordan Addison,TE,MIN,21.571068541203807,-3.009509933970058,-4.213313907558081
793,Tony Pollard,RB,TEN,25.21015753470574,-2.820330323922377,-4.230495485883566
794,Cooper Kupp,WR,LA,19.67554573528888,-3.5883478003662432,-4.306017360439491
795,Matthew Stafford,QB,LA,30.78486894373257,-4.793375056394019,-4.314037550754618
796,Calvin Ridley,RB,TEN,25.149766443706675,-2.8807214149214424,-4.321082122382164
797,Mark Andrews,RB,BAL,25.140859157484986,-2.889628701143131,-4.334443051714697
798,Rashod Bateman,RB,BAL,25.13471541847505,-2.895772440153067,-4.3436586602296
799,Zach Ertz,RB,WAS,25.068209401296105,-2.962278457332012,-4.443417685998018
800,Nick Westbrook-Ikhine,WR,TEN,19.54397764551832,-3.7199158901368,-4.46389906816416
801,Kirk Cousins,QB,ATL,30.612781871519275,-4.965462128607314,-4.4689159157465825
802,Tucker Kraft,WR,GB,19.50308736081952,-3.7608061748356008,-4.51296740980272
803,Jalen McMillan,WR,TB,19.402508019246543,-3.8613855164085784,-4.633662619690294
804,Jalen Tolbert,WR,DAL,19.17045850712318,-4.0934350285319425,-4.9121220342383305
805,Demarcus Robinson,WR,LA,19.17045850712318,-4.0934350285319425,-4.9121220342383305
806,Jayden Reed,RB,GB,24.74935108334033,-3.281136775287788,-4.921705162931682
807,Puka Nacua,RB,LA,24.69428134933441,-3.3362065092937065,-5.00430976394056
808,Sam LaPorta,RB,DET,24.645560873702554,-3.3849269849255634,-5.077390477388345
809,Pat Freiermuth,RB,PIT,24.64013618930547,-3.390351669322648,-5.085527503983972
810,Tyreek Hill,TE,MIA,20.920343397512887,-3.660235077660978,-5.1243291087253695
811,Cooper Kupp,RB,LA,24.604548335546138,-3.425939523081979,-5.138909284622969
812,Jaylen Waddle,WR,MIA,18.937986951672745,-4.325906583982377,-5.191087900778852
813,DK Metcalf,RB,SEA,24.53931508659107,-3.4911727720370465,-5.23675915805557
814,Rico Dowdle,RB,DAL,24.5205447844546,-3.509943074173517,-5.264914611260275
815,Brian Robinson,RB,WAS,24.507678472320972,-3.522809386307145,-5.2842140794607175
816,Tank Bigsby,RB,JAX,24.507678472320972,-3.522809386307145,-5.2842140794607175
817,Zach Charbonnet,QB,SEA,29.616372569121776,-5.961871431004813,-5.365684287904331
818,Darnell Mooney,RB,ATL,24.36947330134294,-3.6610145572851778,-5.491521835927767
819,Tucker Kraft,RB,GB,24.363371564531654,-3.667116294096463,-5.500674441144694
820,Xavier Worthy,RB,KC,24.363347416950027,-3.6671404416780895,-5.500710662517134
821,Jalen Tolbert,RB,DAL,24.30877742855117,-3.7217104300769464,-5.5825656451154195
822,Kenneth Walker III,QB,SEA,29.30491659650314,-6.273327403623448,-5.645994663261103
823,Jayden Daniels,RB,WAS,24.24256259889024,-3.7879252597378787,-5.681887889606818
824,Anthony Richardson,QB,IND,29.117116068577122,-6.461127931549466,-5.81501513839452
825,Rome Odunze,WR,CHI,18.416006758463304,-4.8478867771918175,-5.817464132630181
826,Alec Pierce,RB,IND,24.14421253417634,-3.886275324451777,-5.829412986677665
827,Marvin Mims Jr.,WR,DEN,18.37528629708277,-4.888607238572352,-5.866328686286821
828,Jerome Ford,QB,CLE,29.012557053085445,-6.565686947041144,-5.90911825233703
829,Rachaad White,QB,TB,29.012557053085445,-6.565686947041144,-5.90911825233703
830,Travis Etienne,QB,JAX,29.012557053085445,-6.565686947041144,-5.90911825233703
831,Tyler Allgeier,QB,ATL,28.986324869374194,-6.5919191307523946,-5.932727217677155
832,Mark Andrews,TE,BAL,20.327204147247382,-4.253374327926483,-5.954724059097076
833,Jalen Hurts,RB,PHI,24.049406335405216,-3.981081523222901,-5.971622284834352
834,Emanuel Wilson,QB,GB,28.91784049789639,-6.660403502230199,-5.994363152007179
835,Javonte Williams,QB,DEN,28.91784049789639,-6.660403502230199,-5.994363152007179
836,Tua Tagovailoa,QB,MIA,28.903061568188484,-6.675182431938104,-6.007664188744294
837,Antonio Gibson,QB,NE,28.898008580194116,-6.6802354199324725,-6.012211877939225
838,Jaylen Warren,QB,PIT,28.765136765091007,-6.813107235035581,-6.1317965115320225
839,Jaleel McLaughlin,QB,DEN,28.765136765091007,-6.813107235035581,-6.1317965115320225
840,Rachaad White,WR,TB,18.12686102860532,-5.137032507049803,-6.164439008459763
841,Isaac Guerendo,QB,SF,28.72142882227448,-6.856815177852109,-6.171133660066898
842,Devin Singletary,QB,NYG,28.72142882227448,-6.856815177852109,-6.171133660066898
843,Alexander Mattison,QB,LV,28.72142882227448,-6.856815177852109,-6.171133660066898
844,Travis Kelce,RB,KC,23.911497874380558,-4.118989984247559,-6.1784849763713385
845,Ray Davis,QB,BUF,28.683273562360426,-6.894970437766162,-6.2054733939895454
846,Cam Akers,QB,MIN,28.683273562360426,-6.894970437766162,-6.2054733939895454
847,Allen Lazard,WR,NYJ,18.080971058267295,-5.182922477387827,-6.219506972865392
848,Nick Westbrook-Ikhine,RB,TEN,23.8499206037998,-4.180567254828318,-6.2708508822424776
849,Michael Pittman,RB,IND,23.84965011802984,-4.180837740598278,-6.271256610897417
850,Isaiah Likely,WR,BAL,18.018705331575184,-5.245188204079938,-6.294225844895925
851,Andrei Iosivas,WR,CIN,18.018705331575184,-5.245188204079938,-6.294225844895925
852,Drake Maye,QB,NE,28.583321164443607,-6.994922835682981,-6.295430552114683
853,Khalil Shakir,RB,BUF,23.737797610145538,-4.292690248482579,-6.439035372723868
854,Josh Allen,RB,BUF,23.724892334047894,-4.305595524580223,-6.458393286870335
855,Josh Downs,RB,IND,23.723266811479167,-4.30722104714895,-6.460831570723425
856,Kenneth Walker III,RB,SEA,23.586446485658037,-4.44404137297008,-6.66606205945512
857,Jalen McMillan,RB,TB,23.56526967059899,-4.465218188029127,-6.69782728204369
858,Jonnu Smith,TE,MIA,19.693774064867718,-4.886804410306148,-6.841526174428607
859,Taysom Hill,QB,NO,27.908251293003847,-7.669992707122741,-6.902993436410467
860,Gus Edwards,QB,LAC,27.904976758388255,-7.673267241738333,-6.9059405175645
861,Austin Ekeler,QB,WAS,27.904976758388255,-7.673267241738333,-6.9059405175645
862,Marvin Mims Jr.,RB,DEN,23.415265815409253,-4.615222043218864,-6.922833064828296
863,Bryce Young,QB,CAR,27.87762601357885,-7.700617986547737,-6.930556187892964
864,Zach Charbonnet,RB,SEA,23.36446474864334,-4.666023109984778,-6.999034664977167
865,Rachaad White,RB,TB,23.34459962727866,-4.685888231349455,-7.028832347024183
866,DeVonta Smith,TE,PHI,19.5436790222203,-5.036899452953566,-7.051659234134992
867,Nick Chubb,QB,CLE,27.73738167784267,-7.840862322283918,-7.056776090055527
868,Braelon Allen,QB,NYJ,27.73738167784267,-7.840862322283918,-7.056776090055527
869,Isaiah Likely,RB,BAL,23.32005732381999,-4.7104305348081255,-7.065645802212188
870,George Pickens,RB,PIT,23.26123776031233,-4.769250098315787,-7.153875147473681
871,Roschon Johnson,QB,CHI,27.584551666399715,-7.993692333726873,-7.194323100354186
872,Alvin Kamara,WR,NO,17.19749925700779,-6.06639427864733,-7.279673134376796
873,Tyjae Spears,QB,TEN,27.483500573305673,-8.094743426820916,-7.285269084138824
874,Ameer Abdullah,QB,LV,27.44534531339162,-8.132898686734968,-7.319608818061472
875,Dameon Pierce,QB,HOU,27.44534531339162,-8.132898686734968,-7.319608818061472
876,Audric Estimé,QB,DEN,27.44534531339162,-8.132898686734968,-7.319608818061472
877,Sean Tucker,QB,TB,27.44534531339162,-8.132898686734968,-7.319608818061472
878,Justin Fields,QB,PIT,27.43480242279234,-8.143441577334247,-7.3290974196008225
879,Breece Hall,WR,NYJ,17.15560103790839,-6.108292497746731,-7.329950997296077
880,Isiah Pacheco,QB,KC,27.33079684050029,-8.247447159626297,-7.422702443663668
881,Wan'Dale Robinson,WR,NYG,17.007039248063883,-6.2568542875912385,-7.508225145109486
882,Demarcus Robinson,RB,LA,22.989130475123464,-5.0413573835046535,-7.56203607525698
883,Rashod Bateman,TE,BAL,19.17217816780079,-5.408400307373075,-7.571760430322304
884,Andrei Iosivas,RB,CIN,22.950939001422434,-5.079548857205683,-7.619323285808525
885,Allen Lazard,RB,NYJ,22.950939001422434,-5.079548857205683,-7.619323285808525
886,Russell Wilson,QB,PIT,27.098675139079372,-8.479568861047216,-7.631611974942495
887,Jahmyr Gibbs,WR,DET,16.90203501270511,-6.361858522950012,-7.634230227540014
888,Khalil Shakir,TE,BUF,19.031924698143822,-5.548653777030044,-7.76811528784206
889,David Njoku,WR,CLE,16.771299449900937,-6.492594085754185,-7.791112902905021
890,Marvin Harrison Jr.,TE,ARI,18.894418785761843,-5.6861596894120225,-7.960623565176831
891,Lamar Jackson,RB,BAL,22.692472959850804,-5.338014898777313,-8.00702234816597
892,Raheem Mostert,QB,MIA,26.656944940483434,-8.921299059643154,-8.029169153678838
893,Jeremy McNichols,QB,WAS,26.62036496174148,-8.957879038385109,-8.062091134546598
894,Daniel Jones,QB,MIN,26.55068781189292,-9.027556188233667,-8.1248005694103
895,Trey Benson,QB,ARI,26.542396467592106,-9.035847532534483,-8.132262779281035
896,Kenneth Gainwell,QB,PHI,26.542396467592106,-9.035847532534483,-8.132262779281035
897,Jalen Nailor,WR,MIN,16.468244298446045,-6.795649237209076,-8.154779084650892
898,Bijan Robinson,WR,ATL,16.448938581364263,-6.814954954290858,-8.177945945149029
899,Miles Sanders,QB,CAR,26.475089821854123,-9.103154178272465,-8.19283876044522
900,Ezekiel Elliott,QB,LAC,26.475089821854123,-9.103154178272465,-8.19283876044522
901,Zack Moss,QB,CIN,26.475089821854123,-9.103154178272465,-8.19283876044522
902,Jaylen Wright,QB,MIA,26.467661228936098,-9.11058277119049,-8.199524494071442
903,Wan'Dale Robinson,RB,NYG,22.561909457155206,-5.468578401472911,-8.202867602209366
904,DeAndre Hopkins,WR,KC,16.408013317931328,-6.855880217723794,-8.227056261268553
905,Sam LaPorta,TE,DET,18.65838039356249,-5.922198081611377,-8.291077314255928
906,Christian McCaffrey,QB,SF,26.360541348962794,-9.217702651163794,-8.295932386047415
907,Patrick Taylor,QB,SF,26.360541348962794,-9.217702651163794,-8.295932386047415
908,Justice Hill,QB,BAL,26.360541348962794,-9.217702651163794,-8.295932386047415
909,Blake Corum,QB,LA,26.360541348962794,-9.217702651163794,-8.295932386047415
910,Ty Johnson,QB,BUF,26.360541348962794,-9.217702651163794,-8.295932386047415
911,Emari Demercado,QB,ARI,26.360541348962794,-9.217702651163794,-8.295932386047415
912,D'Onta Foreman,QB,CLE,26.360541348962794,-9.217702651163794,-8.295932386047415
913,Zamir White,QB,LV,26.360541348962794,-9.217702651163794,-8.295932386047415
914,Ty Chandler,QB,MIN,26.360541348962794,-9.217702651163794,-8.295932386047415
915,Sincere McCormick,QB,LV,26.360541348962794,-9.217702651163794,-8.295932386047415
916,Chris Brooks,QB,GB,26.360541348962794,-9.217702651163794,-8.295932386047415
917,Carson Steele,QB,KC,26.360541348962794,-9.217702651163794,-8.295932386047415
918,Demario Douglas,WR,NE,16.3339355369982,-6.929957998656921,-8.315949598388304
919,Trey Sermon,QB,IND,26.258510075223295,-9.319733924903293,-8.387760532412964
920,Chris Rodriguez Jr.,QB,WAS,26.258510075223295,-9.319733924903293,-8.387760532412964
921,Will Levis,QB,TEN,26.23628551764806,-9.341958482478528,-8.407762634230675
922,Tyler Huntley,QB,MIA,26.21625907090996,-9.361984929216629,-8.425786436294967
923,Jordan Mason,RB,SF,22.409349866822136,-5.6211379918059805,-8.43170698770897
924,Trevor Lawrence,QB,JAX,26.184737180975453,-9.393506819151135,-8.454156137236021
925,Tyler Goodson,QB,IND,26.143961602331967,-9.434282397794622,-8.49085415801516
926,Jayden Reed,QB,GB,26.143961602331967,-9.434282397794622,-8.49085415801516
927,Isaiah Davis,QB,NYJ,26.143961602331967,-9.434282397794622,-8.49085415801516
928,Kimani Vidal,QB,LAC,26.143961602331967,-9.434282397794622,-8.49085415801516
929,Deshaun Watson,QB,CLE,26.143961602331967,-9.434282397794622,-8.49085415801516
930,Jamaal Williams,QB,NO,26.143961602331967,-9.434282397794622,-8.49085415801516
931,Kenny McIntosh,QB,SEA,26.143961602331967,-9.434282397794622,-8.49085415801516
932,Kendre Miller,QB,NO,26.143961602331967,-9.434282397794622,-8.49085415801516
933,Drew Lock,QB,NYG,26.141409496606567,-9.436834503520021,-8.49315105316802
934,Craig Reynolds,QB,DET,26.10171059801863,-9.476533402107957,-8.528880061897162
935,Cordarrelle Patterson,QB,PIT,26.10171059801863,-9.476533402107957,-8.528880061897162
936,Malik Willis,QB,GB,26.10171059801863,-9.476533402107957,-8.528880061897162
937,D'Ernest Johnson,QB,JAX,26.10171059801863,-9.476533402107957,-8.528880061897162
938,Deebo Samuel Sr.,QB,SF,26.10171059801863,-9.476533402107957,-8.528880061897162
939,Michael Carter,QB,ARI,26.10171059801863,-9.476533402107957,-8.528880061897162
940,Khalil Herbert,QB,CIN,26.10171059801863,-9.476533402107957,-8.528880061897162
941,Keenan Allen,TE,CHI,18.45498342512611,-6.125595050047757,-8.575833070066858
942,Dorian Thompson-Robinson,QB,CLE,26.026861023715238,-9.55138297641135,-8.596244678770216
943,Spencer Rattler,QB,NO,26.026861023715238,-9.55138297641135,-8.596244678770216
944,Ray-Ray McCloud,WR,ATL,16.085021866115053,-7.178871669540069,-8.614646003448081
945,Hunter Henry,WR,NE,16.061693963851706,-7.2021995718034155,-8.642639486164098
946,Mike Gesicki,WR,CIN,16.061693963851706,-7.2021995718034155,-8.642639486164098
947,Cade Otton,WR,TB,16.0341667959154,-7.229726739739721,-8.675672087687666
948,Elijah Moore,WR,CLE,15.964722832615099,-7.299170703040023,-8.759004843648027
949,Jayden Reed,TE,GB,18.290743301198436,-6.28983517397543,-8.805769243565601
950,Hassan Haskins,QB,LAC,25.77198361648438,-9.806260383642208,-8.825634345277987
951,Xavier Worthy,QB,KC,25.77198361648438,-9.806260383642208,-8.825634345277987
952,Chase Brown,WR,CIN,15.90525718083502,-7.358636354820101,-8.830363625784122
953,Jake Ferguson,WR,DAL,15.902457105922998,-7.361436429732123,-8.833723715678547
954,David Njoku,RB,CLE,22.108532383986592,-5.921955474641525,-8.882933211962287
955,Pierre Strong,QB,CLE,25.701030785601496,-9.877213214525092,-8.889491893072583
956,Dare Ogunbowale,QB,HOU,25.701030785601496,-9.877213214525092,-8.889491893072583
957,Chris Godwin,WR,TB,15.844015166064896,-7.419878369590226,-8.90385404350827
958,Adam Thielen,WR,CAR,15.844015166064896,-7.419878369590226,-8.90385404350827
959,Cooper Kupp,TE,LA,18.21070961198688,-6.369868863186987,-8.917816408461782
960,Julius Chestnut,QB,TEN,25.65743514359305,-9.920808856533537,-8.928727970880184
961,KaVontae Turpin,QB,DAL,25.65743514359305,-9.920808856533537,-8.928727970880184
962,Marcus Mariota,QB,WAS,25.65743514359305,-9.920808856533537,-8.928727970880184
963,Tyler Badie,QB,DEN,25.65743514359305,-9.920808856533537,-8.928727970880184
964,Ronnie Rivers,QB,LA,25.65743514359305,-9.920808856533537,-8.928727970880184
965,Samaje Perine,QB,KC,25.65743514359305,-9.920808856533537,-8.928727970880184
966,Mac Jones,QB,JAX,25.625913253658545,-9.952330746468043,-8.95709767182124
967,Josh Downs,TE,IND,18.171114687582673,-6.409463787591193,-8.97324930262767
968,Noah Gray,WR,KC,15.781749439372787,-7.482144096282335,-8.978572915538802
969,Mason Rudolph,QB,TEN,25.55658613516672,-10.021657864959867,-9.01949207846388
970,Hunter Henry,RB,NE,21.995676850708566,-6.034811007919551,-9.052216511879326
971,Joshua Dobbs,QB,SF,25.415222844226513,-10.163021155900076,-9.146719040310069
972,Travis Kelce,TE,KC,18.012186428172857,-6.568392047001009,-9.195748865801411
973,Rome Odunze,RB,CHI,21.899173538110215,-6.131314320517902,-9.196971480776853
974,Rakim Jarrett,QB,TB,25.300674371335184,-10.277569628791404,-9.249812665912264
975,Ben Sims,QB,GB,25.300674371335184,-10.277569628791404,-9.249812665912264
976,Demarcus Robinson,QB,LA,25.300674371335184,-10.277569628791404,-9.249812665912264
977,Sam LaPorta,QB,DET,25.300674371335184,-10.277569628791404,-9.249812665912264
978,Michael Mayer,QB,LV,25.300674371335184,-10.277569628791404,-9.249812665912264
979,Chris Collier,QB,LV,25.300674371335184,-10.277569628791404,-9.249812665912264
980,Rashee Rice,QB,KC,25.300674371335184,-10.277569628791404,-9.249812665912264
981,Brycen Tremayne,QB,WAS,25.300674371335184,-10.277569628791404,-9.249812665912264
982,Xavier Legette,QB,CAR,25.300674371335184,-10.277569628791404,-9.249812665912264
983,Jha'Quan Jackson,QB,TEN,25.300674371335184,-10.277569628791404,-9.249812665912264
984,Bub Means,QB,NO,25.300674371335184,-10.277569628791404,-9.249812665912264
985,Taylor Decker,QB,DET,25.300674371335184,-10.277569628791404,-9.249812665912264
986,Ryan Miller,QB,TB,25.300674371335184,-10.277569628791404,-9.249812665912264
987,Dalton Kincaid,QB,BUF,25.300674371335184,-10.277569628791404,-9.249812665912264
988,John Shenker,QB,LV,25.300674371335184,-10.277569628791404,-9.249812665912264
989,Sterling Shepard,QB,TB,25.300674371335184,-10.277569628791404,-9.249812665912264
990,Brenton Strange,QB,JAX,25.300674371335184,-10.277569628791404,-9.249812665912264
991,Jalin Hyatt,QB,NYG,25.300674371335184,-10.277569628791404,-9.249812665912264
992,Tyler Scott,QB,CHI,25.300674371335184,-10.277569628791404,-9.249812665912264
993,Mike Woods,QB,CLE,25.300674371335184,-10.277569628791404,-9.249812665912264
994,Marvin Mims Jr.,QB,DEN,25.300674371335184,-10.277569628791404,-9.249812665912264
995,Tank Dell,QB,HOU,25.300674371335184,-10.277569628791404,-9.249812665912264
996,Cedric Tillman,QB,CLE,25.300674371335184,-10.277569628791404,-9.249812665912264
997,Wanya Morris,QB,KC,25.300674371335184,-10.277569628791404,-9.249812665912264
998,Jordan Addison,QB,MIN,25.300674371335184,-10.277569628791404,-9.249812665912264
999,Tucker Kraft,QB,GB,25.300674371335184,-10.277569628791404,-9.249812665912264
1000,Josh Downs,QB,IND,25.300674371335184,-10.277569628791404,-9.249812665912264
1001,Jamari Thrash,QB,CLE,25.300674371335184,-10.277569628791404,-9.249812665912264
1002,Dante Pettis,QB,NO,25.300674371335184,-10.277569628791404,-9.249812665912264
1003,Jacob Cowing,QB,SF,25.300674371335184,-10.277569628791404,-9.249812665912264
1004,Dan Chisena,QB,CAR,25.300674371335184,-10.277569628791404,-9.249812665912264
1005,Marquise Brown,QB,KC,25.300674371335184,-10.277569628791404,-9.249812665912264
1006,A.J. Brown,QB,PHI,25.300674371335184,-10.277569628791404,-9.249812665912264
1007,Davante Adams,QB,NYJ,25.300674371335184,-10.277569628791404,-9.249812665912264
1008,Dawson Knox,QB,BUF,25.300674371335184,-10.277569628791404,-9.249812665912264
1009,C.J. Goodwin,QB,DAL,25.300674371335184,-10.277569628791404,-9.249812665912264
1010,Joseph Fortson,QB,KC,25.300674371335184,-10.277569628791404,-9.249812665912264
1011,Patrick Ricard,QB,BAL,25.300674371335184,-10.277569628791404,-9.249812665912264
1012,JaMycal Hasty,QB,NE,25.300674371335184,-10.277569628791404,-9.249812665912264
1013,Tony Jones,QB,ARI,25.300674371335184,-10.277569628791404,-9.249812665912264
1014,Cody White,QB,SEA,25.300674371335184,-10.277569628791404,-9.249812665912264
1015,Jonathan Ward,QB,PIT,25.300674371335184,-10.277569628791404,-9.249812665912264
1016,Sam Franklin Jr.,QB,CAR,25.300674371335184,-10.277569628791404,-9.249812665912264
1017,Robbie Chosen,QB,MIA,25.300674371335184,-10.277569628791404,-9.249812665912264
1018,Juwan Johnson,QB,NO,25.300674371335184,-10.277569628791404,-9.249812665912264
1019,J.J. Taylor,QB,HOU,25.300674371335184,-10.277569628791404,-9.249812665912264
1020,James Proche,QB,CLE,25.300674371335184,-10.277569628791404,-9.249812665912264
1021,Tim Patrick,QB,DET,25.300674371335184,-10.277569628791404,-9.249812665912264
1022,Jimmy Garoppolo,QB,LA,25.300674371335184,-10.277569628791404,-9.249812665912264
1023,Jalen Nailor,QB,MIN,25.300674371335184,-10.277569628791404,-9.249812665912264
1024,James Pierre,QB,PIT,25.300674371335184,-10.277569628791404,-9.249812665912264
1025,Tom Kennedy,QB,DET,25.300674371335184,-10.277569628791404,-9.249812665912264
1026,Darius Slayton,QB,NYG,25.300674371335184,-10.277569628791404,-9.249812665912264
1027,Greg Dortch,QB,ARI,25.300674371335184,-10.277569628791404,-9.249812665912264
1028,Chris Manhertz,QB,NYG,25.300674371335184,-10.277569628791404,-9.249812665912264
1029,Jake Haener,QB,NO,25.300674371335184,-10.277569628791404,-9.249812665912264
1030,Rodney McLeod Jr.,QB,CLE,25.300674371335184,-10.277569628791404,-9.249812665912264
1031,Kalif Raymond,QB,DET,25.300674371335184,-10.277569628791404,-9.249812665912264
1032,Jaheim Bell,QB,NE,25.300674371335184,-10.277569628791404,-9.249812665912264
1033,Josh Johnson,QB,BAL,25.300674371335184,-10.277569628791404,-9.249812665912264
1034,Ben Sinnott,QB,WAS,25.300674371335184,-10.277569628791404,-9.249812665912264
1035,Ladd McConkey,QB,LAC,25.300674371335184,-10.277569628791404,-9.249812665912264
1036,Ricky Pearsall,QB,SF,25.300674371335184,-10.277569628791404,-9.249812665912264
1037,Michael Penix Jr.,QB,ATL,25.300674371335184,-10.277569628791404,-9.249812665912264
1038,Rome Odunze,QB,CHI,25.300674371335184,-10.277569628791404,-9.249812665912264
1039,Malachi Corley,QB,NYJ,25.300674371335184,-10.277569628791404,-9.249812665912264
1040,AJ Barner,QB,SEA,25.300674371335184,-10.277569628791404,-9.249812665912264
1041,C.J. Ham,QB,MIN,25.300674371335184,-10.277569628791404,-9.249812665912264
1042,Devontez Walker,QB,BAL,25.300674371335184,-10.277569628791404,-9.249812665912264
1043,Devin Culp,QB,TB,25.300674371335184,-10.277569628791404,-9.249812665912264
1044,Ryan Flournoy,QB,DAL,25.300674371335184,-10.277569628791404,-9.249812665912264
1045,Devaughn Vele,QB,DEN,25.300674371335184,-10.277569628791404,-9.249812665912264
1046,Noah Fant,QB,SEA,25.300674371335184,-10.277569628791404,-9.249812665912264
1047,Isaiah Williams,QB,CIN,25.300674371335184,-10.277569628791404,-9.249812665912264
1048,Brenden Bates,QB,CLE,25.300674371335184,-10.277569628791404,-9.249812665912264
1049,Jalen Coker,QB,CAR,25.300674371335184,-10.277569628791404,-9.249812665912264
1050,Xavier Weaver,QB,ARI,25.300674371335184,-10.277569628791404,-9.249812665912264
1051,Brevyn Spann-Ford,QB,DAL,25.300674371335184,-10.277569628791404,-9.249812665912264
1052,Ramel Keyton,QB,LV,25.300674371335184,-10.277569628791404,-9.249812665912264
1053,Blake Watson,QB,DEN,25.300674371335184,-10.277569628791404,-9.249812665912264
1054,Kameron Johnson,QB,TB,25.300674371335184,-10.277569628791404,-9.249812665912264
1055,British Brooks,QB,HOU,25.300674371335184,-10.277569628791404,-9.249812665912264
1056,Matthew Hayball,QB,NO,25.300674371335184,-10.277569628791404,-9.249812665912264
1057,Dallin Holker,QB,NO,25.300674371335184,-10.277569628791404,-9.249812665912264
1058,Jermaine Jackson,QB,NO,25.300674371335184,-10.277569628791404,-9.249812665912264
1059,Ja'Lynn Polk,QB,NE,25.300674371335184,-10.277569628791404,-9.249812665912264
1060,Keon Coleman,QB,BUF,25.300674371335184,-10.277569628791404,-9.249812665912264
1061,Brian Thomas Jr.,QB,JAX,25.300674371335184,-10.277569628791404,-9.249812665912264
1062,Adonai Mitchell,QB,IND,25.300674371335184,-10.277569628791404,-9.249812665912264
1063,Elijah Higgins,QB,ARI,25.300674371335184,-10.277569628791404,-9.249812665912264
1064,Payne Durham,QB,TB,25.300674371335184,-10.277569628791404,-9.249812665912264
1065,Trey Palmer,QB,TB,25.300674371335184,-10.277569628791404,-9.249812665912264
1066,Jonathan Mingo,QB,DAL,25.300674371335184,-10.277569628791404,-9.249812665912264
1067,Zay Flowers,QB,BAL,25.300674371335184,-10.277569628791404,-9.249812665912264
1068,Jase McClellan,QB,ATL,25.300674371335184,-10.277569628791404,-9.249812665912264
1069,Casey Washington,QB,ATL,25.300674371335184,-10.277569628791404,-9.249812665912264
1070,Joe Milton III,QB,NE,25.300674371335184,-10.277569628791404,-9.249812665912264
1071,Dylan Laube,QB,LV,25.300674371335184,-10.277569628791404,-9.249812665912264
1072,Tyler Lockett,QB,SEA,25.300674371335184,-10.277569628791404,-9.249812665912264
1073,Rasheen Ali,QB,BAL,25.300674371335184,-10.277569628791404,-9.249812665912264
1074,Jermaine Burton,QB,CIN,25.300674371335184,-10.277569628791404,-9.249812665912264
1075,MarShawn Lloyd,QB,GB,25.300674371335184,-10.277569628791404,-9.249812665912264
1076,Erick All,QB,CIN,25.300674371335184,-10.277569628791404,-9.249812665912264
1077,Anthony Gould,QB,IND,25.300674371335184,-10.277569628791404,-9.249812665912264
1078,Jared Wiley,QB,KC,25.300674371335184,-10.277569628791404,-9.249812665912264
1079,Jaden Hicks,QB,KC,25.300674371335184,-10.277569628791404,-9.249812665912264
1080,Theo Johnson,QB,NYG,25.300674371335184,-10.277569628791404,-9.249812665912264
1081,Marvin Harrison Jr.,QB,ARI,25.300674371335184,-10.277569628791404,-9.249812665912264
1082,Geoff Swaim,QB,CLE,25.300674371335184,-10.277569628791404,-9.249812665912264
1083,Javon Baker,QB,NE,25.300674371335184,-10.277569628791404,-9.249812665912264
1084,Jalen McMillan,QB,TB,25.300674371335184,-10.277569628791404,-9.249812665912264
1085,Troy Franklin,QB,DEN,25.300674371335184,-10.277569628791404,-9.249812665912264
1086,Chris Conley,QB,SF,25.300674371335184,-10.277569628791404,-9.249812665912264
1087,Malik Washington,QB,MIA,25.300674371335184,-10.277569628791404,-9.249812665912264
1088,Terry McLaurin,QB,WAS,25.300674371335184,-10.277569628791404,-9.249812665912264
1089,Parris Campbell,QB,PHI,25.300674371335184,-10.277569628791404,-9.249812665912264
1090,DK Metcalf,QB,SEA,25.300674371335184,-10.277569628791404,-9.249812665912264
1091,Kyle Pitts,QB,ATL,25.300674371335184,-10.277569628791404,-9.249812665912264
1092,Luke Farrell,QB,JAX,25.300674371335184,-10.277569628791404,-9.249812665912264
1093,Marcedes Lewis,QB,CHI,25.300674371335184,-10.277569628791404,-9.249812665912264
1094,Pat Freiermuth,QB,PIT,25.300674371335184,-10.277569628791404,-9.249812665912264
1095,Davis Mills,QB,HOU,25.300674371335184,-10.277569628791404,-9.249812665912264
1096,Ja'Marr Chase,QB,CIN,25.300674371335184,-10.277569628791404,-9.249812665912264
1097,DeVonta Smith,QB,PHI,25.300674371335184,-10.277569628791404,-9.249812665912264
1098,Kadarius Toney,QB,CLE,25.300674371335184,-10.277569628791404,-9.249812665912264
1099,George Kittle,QB,SF,25.300674371335184,-10.277569628791404,-9.249812665912264
1100,Kyle Trask,QB,TB,25.300674371335184,-10.277569628791404,-9.249812665912264
1101,Curtis Samuel,QB,BUF,25.300674371335184,-10.277569628791404,-9.249812665912264
1102,Terrace Marshall Jr.,QB,LV,25.300674371335184,-10.277569628791404,-9.249812665912264
1103,Amon-Ra St. Brown,QB,DET,25.300674371335184,-10.277569628791404,-9.249812665912264
1104,Elijah Moore,QB,CLE,25.300674371335184,-10.277569628791404,-9.249812665912264
1105,Cedrick Wilson Jr.,QB,NO,25.300674371335184,-10.277569628791404,-9.249812665912264
1106,Josh Palmer,QB,LAC,25.300674371335184,-10.277569628791404,-9.249812665912264
1107,Divine Deablo,QB,LV,25.300674371335184,-10.277569628791404,-9.249812665912264
1108,Reggie Gilliam,QB,BUF,25.300674371335184,-10.277569628791404,-9.249812665912264
1109,Kristian Wilkerson,QB,LV,25.300674371335184,-10.277569628791404,-9.249812665912264
1110,Isaiah Hodgins,QB,NYG,25.300674371335184,-10.277569628791404,-9.249812665912264
1111,Mason Kinsey,QB,TEN,25.300674371335184,-10.277569628791404,-9.249812665912264
1112,Anthony Miller,QB,BAL,25.300674371335184,-10.277569628791404,-9.249812665912264
1113,Jordan Akins,QB,CLE,25.300674371335184,-10.277569628791404,-9.249812665912264
1114,Ian Thomas,QB,CAR,25.300674371335184,-10.277569628791404,-9.249812665912264
1115,Dalton Schultz,QB,HOU,25.300674371335184,-10.277569628791404,-9.249812665912264
1116,Justin Watson,QB,KC,25.300674371335184,-10.277569628791404,-9.249812665912264
1117,Mike White,QB,BUF,25.300674371335184,-10.277569628791404,-9.249812665912264
1118,Penei Sewell,QB,DET,25.300674371335184,-10.277569628791404,-9.249812665912264
1119,Jaelon Darden,QB,SEA,25.300674371335184,-10.277569628791404,-9.249812665912264
1120,Kylen Granson,QB,IND,25.300674371335184,-10.277569628791404,-9.249812665912264
1121,Robert Woods,QB,HOU,25.300674371335184,-10.277569628791404,-9.249812665912264
1122,Luke McCaffrey,QB,WAS,25.300674371335184,-10.277569628791404,-9.249812665912264
1123,Jonathon Brooks,QB,CAR,25.300674371335184,-10.277569628791404,-9.249812665912264
1124,Brock Bowers,QB,LV,25.300674371335184,-10.277569628791404,-9.249812665912264
1125,Davis Allen,QB,LA,25.300674371335184,-10.277569628791404,-9.249812665912264
1126,Malik Nabers,QB,NYG,25.300674371335184,-10.277569628791404,-9.249812665912264
1127,Baylor Cupp,QB,KC,25.300674371335184,-10.277569628791404,-9.249812665912264
1128,Sione Vaki,QB,DET,25.300674371335184,-10.277569628791404,-9.249812665912264
1129,Marcus Jones,QB,NE,25.300674371335184,-10.277569628791404,-9.249812665912264
1130,Tyler Higbee,QB,LA,25.300674371335184,-10.277569628791404,-9.249812665912264
1131,David Bell,QB,CLE,25.300674371335184,-10.277569628791404,-9.249812665912264
1132,DeAndre Carter,QB,CHI,25.300674371335184,-10.277569628791404,-9.249812665912264
1133,Khalil Shakir,QB,BUF,25.300674371335184,-10.277569628791404,-9.249812665912264
1134,Hunter Henry,QB,NE,25.300674371335184,-10.277569628791404,-9.249812665912264
1135,Vederian Lowe,QB,NE,25.300674371335184,-10.277569628791404,-9.249812665912264
1136,Chris Olave,QB,NO,25.300674371335184,-10.277569628791404,-9.249812665912264
1137,Tommy Tremble,QB,CAR,25.300674371335184,-10.277569628791404,-9.249812665912264
1138,Hunter Long,QB,LA,25.300674371335184,-10.277569628791404,-9.249812665912264
1139,Johnny Mundt,QB,MIN,25.300674371335184,-10.277569628791404,-9.249812665912264
1140,Jack Stoll,QB,MIA,25.300674371335184,-10.277569628791404,-9.249812665912264
1141,Brock Wright,QB,DET,25.300674371335184,-10.277569628791404,-9.249812665912264
1142,Feleipe Franks,QB,CAR,25.300674371335184,-10.277569628791404,-9.249812665912264
1143,Austin Trammell,QB,JAX,25.300674371335184,-10.277569628791404,-9.249812665912264
1144,Kene Nwangwu,QB,NYJ,25.300674371335184,-10.277569628791404,-9.249812665912264
1145,Tutu Atwell,QB,LA,25.300674371335184,-10.277569628791404,-9.249812665912264
1146,Ben Skowronek,QB,PIT,25.300674371335184,-10.277569628791404,-9.249812665912264
1147,Ray-Ray McCloud,QB,ATL,25.300674371335184,-10.277569628791404,-9.249812665912264
1148,Braxton Berrios,QB,MIA,25.300674371335184,-10.277569628791404,-9.249812665912264
1149,Mason Tipton,QB,NO,25.300674371335184,-10.277569628791404,-9.249812665912264
1150,Ross Dwelley,QB,ATL,25.300674371335184,-10.277569628791404,-9.249812665912264
1151,David Njoku,QB,CLE,25.300674371335184,-10.277569628791404,-9.249812665912264
1152,Zay Jones,QB,ARI,25.300674371335184,-10.277569628791404,-9.249812665912264
1153,Dalvin Cook,QB,DAL,25.300674371335184,-10.277569628791404,-9.249812665912264
1154,Gerald Everett,QB,CHI,25.300674371335184,-10.277569628791404,-9.249812665912264
1155,Marquez Valdes-Scantling,QB,NO,25.300674371335184,-10.277569628791404,-9.249812665912264
1156,Michael Burton,QB,DEN,25.300674371335184,-10.277569628791404,-9.249812665912264
1157,Cooper Kupp,QB,LA,25.300674371335184,-10.277569628791404,-9.249812665912264
1158,Chris Godwin,QB,TB,25.300674371335184,-10.277569628791404,-9.249812665912264
1159,MyCole Pruitt,QB,PIT,25.300674371335184,-10.277569628791404,-9.249812665912264
1160,Josh Reynolds,QB,JAX,25.300674371335184,-10.277569628791404,-9.249812665912264
1161,Eric Tomlinson,QB,LAC,25.300674371335184,-10.277569628791404,-9.249812665912264
1162,River Cracraft,QB,MIA,25.300674371335184,-10.277569628791404,-9.249812665912264
1163,Jeff Wilson,QB,MIA,25.300674371335184,-10.277569628791404,-9.249812665912264
1164,Jonathan Owens,QB,CHI,25.300674371335184,-10.277569628791404,-9.249812665912264
1165,Will Dissly,QB,LAC,25.300674371335184,-10.277569628791404,-9.249812665912264
1166,J.K. Scott,QB,LAC,25.300674371335184,-10.277569628791404,-9.249812665912264
1167,George Holani,QB,SEA,25.300674371335184,-10.277569628791404,-9.249812665912264
1168,Tim Boyle,QB,NYG,25.300674371335184,-10.277569628791404,-9.249812665912264
1169,Mike Boone,QB,CAR,25.300674371335184,-10.277569628791404,-9.249812665912264
1170,Stefon Diggs,QB,HOU,25.300674371335184,-10.277569628791404,-9.249812665912264
1171,Calvin Ridley,QB,TEN,25.300674371335184,-10.277569628791404,-9.249812665912264
1172,Amari Cooper,QB,BUF,25.300674371335184,-10.277569628791404,-9.249812665912264
1173,KhaDarel Hodge,QB,ATL,25.300674371335184,-10.277569628791404,-9.249812665912264
1174,Travis Homer,QB,CHI,25.300674371335184,-10.277569628791404,-9.249812665912264
1175,Alex Bachman,QB,LV,25.300674371335184,-10.277569628791404,-9.249812665912264
1176,Drew Sample,QB,CIN,25.300674371335184,-10.277569628791404,-9.249812665912264
1177,Evan Engram,QB,JAX,25.300674371335184,-10.277569628791404,-9.249812665912264
1178,Mack Hollins,QB,BUF,25.300674371335184,-10.277569628791404,-9.249812665912264
1179,Mitchell Trubisky,QB,BUF,25.300674371335184,-10.277569628791404,-9.249812665912264
1180,Dan Skipper,QB,DET,25.300674371335184,-10.277569628791404,-9.249812665912264
1181,Trent Sherfield,QB,MIN,25.300674371335184,-10.277569628791404,-9.249812665912264
1182,Tavierre Thomas,QB,TB,25.300674371335184,-10.277569628791404,-9.249812665912264
1183,Dallas Goedert,QB,PHI,25.300674371335184,-10.277569628791404,-9.249812665912264
1184,Allen Lazard,QB,NYJ,25.300674371335184,-10.277569628791404,-9.249812665912264
1185,Kyle Allen,QB,PIT,25.300674371335184,-10.277569628791404,-9.249812665912264
1186,Tanner Hudson,QB,CIN,25.300674371335184,-10.277569628791404,-9.249812665912264
1187,Brandon Powell,QB,MIN,25.300674371335184,-10.277569628791404,-9.249812665912264
1188,Mark Andrews,QB,BAL,25.300674371335184,-10.277569628791404,-9.249812665912264
1189,Christian Kirk,QB,JAX,25.300674371335184,-10.277569628791404,-9.249812665912264
1190,DJ Chark,QB,LAC,25.300674371335184,-10.277569628791404,-9.249812665912264
1191,Mike Williams,QB,PIT,25.300674371335184,-10.277569628791404,-9.249812665912264
1192,Nelson Agholor,QB,BAL,25.300674371335184,-10.277569628791404,-9.249812665912264
1193,Durham Smythe,QB,MIA,25.300674371335184,-10.277569628791404,-9.249812665912264
1194,DJ Moore,QB,CHI,25.300674371335184,-10.277569628791404,-9.249812665912264
1195,Austin Hooper,QB,NE,25.300674371335184,-10.277569628791404,-9.249812665912264
1196,Mike Gesicki,QB,CIN,25.300674371335184,-10.277569628791404,-9.249812665912264
1197,Hayden Hurst,QB,LAC,25.300674371335184,-10.277569628791404,-9.249812665912264
1198,Trent Scott,QB,WAS,25.300674371335184,-10.277569628791404,-9.249812665912264
1199,Sam Hubbard,QB,CIN,25.300674371335184,-10.277569628791404,-9.249812665912264
1200,Courtland Sutton,QB,DEN,25.300674371335184,-10.277569628791404,-9.249812665912264
1201,Tyler Conklin,QB,NYJ,25.300674371335184,-10.277569628791404,-9.249812665912264
1202,Noah Brown,QB,WAS,25.300674371335184,-10.277569628791404,-9.249812665912264
1203,Jalen Reeves-Maybin,QB,DET,25.300674371335184,-10.277569628791404,-9.249812665912264
1204,JuJu Smith-Schuster,QB,KC,25.300674371335184,-10.277569628791404,-9.249812665912264
1205,Jonnu Smith,QB,MIA,25.300674371335184,-10.277569628791404,-9.249812665912264
1206,Jacob Kibodi,QB,CLE,25.300674371335184,-10.277569628791404,-9.249812665912264
1207,Bryce Oliver,QB,TEN,25.300674371335184,-10.277569628791404,-9.249812665912264
1208,Cam Grandy,QB,CIN,25.300674371335184,-10.277569628791404,-9.249812665912264
1209,Dyami Brown,QB,WAS,25.300674371335184,-10.277569628791404,-9.249812665912264
1210,Ashtyn Davis,QB,NYJ,25.300674371335184,-10.277569628791404,-9.249812665912264
1211,Kendrick Bourne,QB,NE,25.300674371335184,-10.277569628791404,-9.249812665912264
1212,Justin Jefferson,QB,MIN,25.300674371335184,-10.277569628791404,-9.249812665912264
1213,Darnell Mooney,QB,ATL,25.300674371335184,-10.277569628791404,-9.249812665912264
1214,Darrynton Evans,QB,CHI,25.300674371335184,-10.277569628791404,-9.249812665912264
1215,Cole Kmet,QB,CHI,25.300674371335184,-10.277569628791404,-9.249812665912264
1216,Brandin Cooks,QB,DAL,25.300674371335184,-10.277569628791404,-9.249812665912264
1217,Laviska Shenault Jr.,QB,LAC,25.300674371335184,-10.277569628791404,-9.249812665912264
1218,Brandon Aiyuk,QB,SF,25.300674371335184,-10.277569628791404,-9.249812665912264
1219,Jauan Jennings,QB,SF,25.300674371335184,-10.277569628791404,-9.249812665912264
1220,Collin Johnson,QB,CHI,25.300674371335184,-10.277569628791404,-9.249812665912264
1221,Michael Pittman,QB,IND,25.300674371335184,-10.277569628791404,-9.249812665912264
1222,Colby Parkinson,QB,LA,25.300674371335184,-10.277569628791404,-9.249812665912264
1223,Harrison Bryant,QB,LV,25.300674371335184,-10.277569628791404,-9.249812665912264
1224,Jordan Matthews,QB,CAR,25.300674371335184,-10.277569628791404,-9.249812665912264
1225,Nick Mullens,QB,MIN,25.300674371335184,-10.277569628791404,-9.249812665912264
1226,Gabe Davis,QB,JAX,25.300674371335184,-10.277569628791404,-9.249812665912264
1227,Trent Taylor,QB,SF,25.300674371335184,-10.277569628791404,-9.249812665912264
1228,Jamison Crowder,QB,WAS,25.300674371335184,-10.277569628791404,-9.249812665912264
1229,Adam Trautman,QB,DEN,25.300674371335184,-10.277569628791404,-9.249812665912264
1230,Nico Collins,QB,HOU,25.300674371335184,-10.277569628791404,-9.249812665912264
1231,Zach Davidson,QB,BUF,25.300674371335184,-10.277569628791404,-9.249812665912264
1232,Noah Gray,QB,KC,25.300674371335184,-10.277569628791404,-9.249812665912264
1233,Ihmir Smith-Marsette,QB,NYG,25.300674371335184,-10.277569628791404,-9.249812665912264
1234,Tylan Wallace,QB,BAL,25.300674371335184,-10.277569628791404,-9.249812665912264
1235,Devin Duvernay,QB,JAX,25.300674371335184,-10.277569628791404,-9.249812665912264
1236,Josiah Deguara,QB,JAX,25.300674371335184,-10.277569628791404,-9.249812665912264
1237,K.J. Osborn,QB,WAS,25.300674371335184,-10.277569628791404,-9.249812665912264
1238,Bo Melton,QB,GB,25.300674371335184,-10.277569628791404,-9.249812665912264
1239,Drake London,QB,ATL,25.300674371335184,-10.277569628791404,-9.249812665912264
1240,Trey Lance,QB,DAL,25.300674371335184,-10.277569628791404,-9.249812665912264
1241,David Martin-Robinson,QB,TEN,25.300674371335184,-10.277569628791404,-9.249812665912264
1242,Jacoby Brissett,QB,NE,25.300674371335184,-10.277569628791404,-9.249812665912264
1243,Justyn Ross,QB,KC,25.300674371335184,-10.277569628791404,-9.249812665912264
1244,Mike Caliendo,QB,KC,25.300674371335184,-10.277569628791404,-9.249812665912264
1245,Mo Alie-Cox,QB,IND,25.300674371335184,-10.277569628791404,-9.249812665912264
1246,Irvin Charles,QB,NYJ,25.300674371335184,-10.277569628791404,-9.249812665912264
1247,Britain Covey,QB,PHI,25.300674371335184,-10.277569628791404,-9.249812665912264
1248,Josh Blackwell,QB,CHI,25.300674371335184,-10.277569628791404,-9.249812665912264
1249,Dareke Young,QB,SEA,25.300674371335184,-10.277569628791404,-9.249812665912264
1250,Grant Calcaterra,QB,PHI,25.300674371335184,-10.277569628791404,-9.249812665912264
1251,Odell Beckham Jr.,QB,MIA,25.300674371335184,-10.277569628791404,-9.249812665912264
1252,Sam Howell,QB,SEA,25.300674371335184,-10.277569628791404,-9.249812665912264
1253,Adam Prentice,QB,NO,25.300674371335184,-10.277569628791404,-9.249812665912264
1254,Jermar Jefferson,QB,DET,25.300674371335184,-10.277569628791404,-9.249812665912264
1255,Tee Higgins,QB,CIN,25.300674371335184,-10.277569628791404,-9.249812665912264
1256,Van Jefferson,QB,PIT,25.300674371335184,-10.277569628791404,-9.249812665912264
1257,Simi Fehoko,QB,LAC,25.300674371335184,-10.277569628791404,-9.249812665912264
1258,Jerry Jeudy,QB,CLE,25.300674371335184,-10.277569628791404,-9.249812665912264
1259,Jalen Reagor,QB,LAC,25.300674371335184,-10.277569628791404,-9.249812665912264
1260,Joshua Kelley,QB,TEN,25.300674371335184,-10.277569628791404,-9.249812665912264
1261,Clyde Edwards-Helaire,QB,NO,25.300674371335184,-10.277569628791404,-9.249812665912264
1262,CeeDee Lamb,QB,DAL,25.300674371335184,-10.277569628791404,-9.249812665912264
1263,John Bates,QB,WAS,25.300674371335184,-10.277569628791404,-9.249812665912264
1264,Dee Eskridge,QB,MIA,25.300674371335184,-10.277569628791404,-9.249812665912264
1265,Tyler Smith,QB,DAL,25.300674371335184,-10.277569628791404,-9.249812665912264
1266,Jaylen Waddle,QB,MIA,25.300674371335184,-10.277569628791404,-9.249812665912264
1267,Olamide Zaccheaus,QB,WAS,25.300674371335184,-10.277569628791404,-9.249812665912264
1268,Diontae Johnson,QB,HOU,25.300674371335184,-10.277569628791404,-9.249812665912264
1269,Mike Evans,QB,TB,25.300674371335184,-10.277569628791404,-9.249812665912264
1270,T.J. Hockenson,QB,MIN,25.300674371335184,-10.277569628791404,-9.249812665912264
1271,Josh Oliver,QB,MIN,25.300674371335184,-10.277569628791404,-9.249812665912264
1272,John Ross,QB,PHI,25.300674371335184,-10.277569628791404,-9.249812665912264
1273,Pharaoh Brown,QB,SEA,25.300674371335184,-10.277569628791404,-9.249812665912264
1274,Jarrett Stidham,QB,DEN,25.300674371335184,-10.277569628791404,-9.249812665912264
1275,Jake Bailey,QB,MIA,25.300674371335184,-10.277569628791404,-9.249812665912264
1276,Scott Miller,QB,PIT,25.300674371335184,-10.277569628791404,-9.249812665912264
1277,Myles Gaskin,QB,JAX,25.300674371335184,-10.277569628791404,-9.249812665912264
1278,Trenton Irwin,QB,CAR,25.300674371335184,-10.277569628791404,-9.249812665912264
1279,Lil'Jordan Humphrey,QB,DEN,25.300674371335184,-10.277569628791404,-9.249812665912264
1280,Nick Westbrook-Ikhine,QB,TEN,25.300674371335184,-10.277569628791404,-9.249812665912264
1281,Andrew Ogletree,QB,IND,25.300674371335184,-10.277569628791404,-9.249812665912264
1282,Keenan Allen,QB,CHI,25.300674371335184,-10.277569628791404,-9.249812665912264
1283,Connor Heyward,QB,PIT,25.300674371335184,-10.277569628791404,-9.249812665912264
1284,Puka Nacua,QB,LA,25.300674371335184,-10.277569628791404,-9.249812665912264
1285,Johnny Hekker,QB,CAR,25.300674371335184,-10.277569628791404,-9.249812665912264
1286,Luke Musgrave,QB,GB,25.300674371335184,-10.277569628791404,-9.249812665912264
1287,Brandon Allen,QB,SF,25.300674371335184,-10.277569628791404,-9.249812665912264
1288,Tyrod Taylor,QB,NYJ,25.300674371335184,-10.277569628791404,-9.249812665912264
1289,Miles Killebrew,QB,PIT,25.300674371335184,-10.277569628791404,-9.249812665912264
1290,Nick Vannett,QB,TEN,25.300674371335184,-10.277569628791404,-9.249812665912264
1291,Johnny Wilson,QB,PHI,25.300674371335184,-10.277569628791404,-9.249812665912264
1292,AJ Cole,QB,LV,25.300674371335184,-10.277569628791404,-9.249812665912264
1293,Jack Fox,QB,DET,25.300674371335184,-10.277569628791404,-9.249812665912264
1294,Mecole Hardman,QB,KC,25.300674371335184,-10.277569628791404,-9.249812665912264
1295,DeAndre Hopkins,QB,KC,25.300674371335184,-10.277569628791404,-9.249812665912264
1296,Quintin Morris,QB,BUF,25.300674371335184,-10.277569628791404,-9.249812665912264
1297,Deommodore Lenoir,QB,SF,25.300674371335184,-10.277569628791404,-9.249812665912264
1298,Brevin Jordan,QB,HOU,25.300674371335184,-10.277569628791404,-9.249812665912264
1299,DeeJay Dallas,QB,ARI,25.300674371335184,-10.277569628791404,-9.249812665912264
1300,Travis Kelce,QB,KC,25.300674371335184,-10.277569628791404,-9.249812665912264
1301,Rashod Bateman,QB,BAL,25.300674371335184,-10.277569628791404,-9.249812665912264
1302,Chris Blair,QB,ATL,25.300674371335184,-10.277569628791404,-9.249812665912264
1303,Tyler Johnson,QB,LA,25.300674371335184,-10.277569628791404,-9.249812665912264
1304,Charlie Woerner,QB,ATL,25.300674371335184,-10.277569628791404,-9.249812665912264
1305,Stephen Sullivan,QB,CAR,25.300674371335184,-10.277569628791404,-9.249812665912264
1306,Ke'Shawn Vaughn,QB,SF,25.300674371335184,-10.277569628791404,-9.249812665912264
1307,Tim Jones,QB,JAX,25.300674371335184,-10.277569628791404,-9.249812665912264
1308,Alec Ingold,QB,MIA,25.300674371335184,-10.277569628791404,-9.249812665912264
1309,Kenny Yeboah,QB,NYJ,25.300674371335184,-10.277569628791404,-9.249812665912264
1310,DJ Turner,QB,LV,25.300674371335184,-10.277569628791404,-9.249812665912264
1311,Shane Zylstra,QB,DET,25.300674371335184,-10.277569628791404,-9.249812665912264
1312,Allen Robinson,QB,DET,25.300674371335184,-10.277569628791404,-9.249812665912264
1313,Steven Sims,QB,BAL,25.300674371335184,-10.277569628791404,-9.249812665912264
1314,Andrew Beck,QB,HOU,25.300674371335184,-10.277569628791404,-9.249812665912264
1315,Jakobi Meyers,QB,LV,25.300674371335184,-10.277569628791404,-9.249812665912264
1316,Julian Love,QB,SEA,25.300674371335184,-10.277569628791404,-9.249812665912264
1317,Foster Moreau,QB,NO,25.300674371335184,-10.277569628791404,-9.249812665912264
1318,Ashton Dulin,QB,IND,25.300674371335184,-10.277569628791404,-9.249812665912264
1319,Jake Browning,QB,CIN,25.300674371335184,-10.277569628791404,-9.249812665912264
1320,Jameson Williams,QB,DET,25.300674371335184,-10.277569628791404,-9.249812665912264
1321,Kevin Austin Jr.,QB,NO,25.300674371335184,-10.277569628791404,-9.249812665912264
1322,George Pickens,QB,PIT,25.300674371335184,-10.277569628791404,-9.249812665912264
1323,Rashid Shaheed,QB,NO,25.300674371335184,-10.277569628791404,-9.249812665912264
1324,Desmond Ridder,QB,LV,25.300674371335184,-10.277569628791404,-9.249812665912264
1325,Dane Belton,QB,NYG,25.300674371335184,-10.277569628791404,-9.249812665912264
1326,Christian Watson,QB,GB,25.300674371335184,-10.277569628791404,-9.249812665912264
1327,Cade Otton,QB,TB,25.300674371335184,-10.277569628791404,-9.249812665912264
1328,Tyler Boyd,QB,TEN,25.300674371335184,-10.277569628791404,-9.249812665912264
1329,Xavier Smith,QB,LA,25.300674371335184,-10.277569628791404,-9.249812665912264
1330,Dontayvion Wicks,QB,GB,25.300674371335184,-10.277569628791404,-9.249812665912264
1331,Will Mallory,QB,IND,25.300674371335184,-10.277569628791404,-9.249812665912264
1332,Eric Gray,QB,NYG,25.300674371335184,-10.277569628791404,-9.249812665912264
1333,Chig Okonkwo,QB,TEN,25.300674371335184,-10.277569628791404,-9.249812665912264
1334,Tanner McKee,QB,PHI,25.300674371335184,-10.277569628791404,-9.249812665912264
1335,Jeremy Ruckert,QB,NYJ,25.300674371335184,-10.277569628791404,-9.249812665912264
1336,Velus Jones Jr.,QB,CAR,25.300674371335184,-10.277569628791404,-9.249812665912264
1337,John FitzPatrick,QB,GB,25.300674371335184,-10.277569628791404,-9.249812665912264
1338,Chris Oladokun,QB,KC,25.300674371335184,-10.277569628791404,-9.249812665912264
1339,Skylar Thompson,QB,MIA,25.300674371335184,-10.277569628791404,-9.249812665912264
1340,Tanner Conner,QB,MIA,25.300674371335184,-10.277569628791404,-9.249812665912264
1341,Brandon Johnson,QB,PIT,25.300674371335184,-10.277569628791404,-9.249812665912264
1342,Kendric Pryor,QB,CIN,25.300674371335184,-10.277569628791404,-9.249812665912264
1343,Raheem Blackshear,QB,CAR,25.300674371335184,-10.277569628791404,-9.249812665912264
1344,Tyreik McAllister,QB,LV,25.300674371335184,-10.277569628791404,-9.249812665912264
1345,Stone Smartt,QB,LAC,25.300674371335184,-10.277569628791404,-9.249812665912264
1346,David Moore,QB,CAR,25.300674371335184,-10.277569628791404,-9.249812665912264
1347,J.J. Russell,QB,TB,25.300674371335184,-10.277569628791404,-9.249812665912264
1348,Tay Martin,QB,TEN,25.300674371335184,-10.277569628791404,-9.249812665912264
1349,Jake Bobo,QB,SEA,25.300674371335184,-10.277569628791404,-9.249812665912264
1350,Wan'Dale Robinson,QB,NYG,25.300674371335184,-10.277569628791404,-9.249812665912264
1351,Daniel Bellinger,QB,NYG,25.300674371335184,-10.277569628791404,-9.249812665912264
1352,Hunter Luepke,QB,DAL,25.300674371335184,-10.277569628791404,-9.249812665912264
1353,Cade Stover,QB,HOU,25.300674371335184,-10.277569628791404,-9.249812665912264
1354,Dell Pettus,QB,NE,25.300674371335184,-10.277569628791404,-9.249812665912264
1355,Cody Schrader,QB,LA,25.300674371335184,-10.277569628791404,-9.249812665912264
1356,JC Latham,QB,TEN,25.300674371335184,-10.277569628791404,-9.249812665912264
1357,Tip Reiman,QB,ARI,25.300674371335184,-10.277569628791404,-9.249812665912264
1358,Will Shipley,QB,PHI,25.300674371335184,-10.277569628791404,-9.249812665912264
1359,Ainias Smith,QB,PHI,25.300674371335184,-10.277569628791404,-9.249812665912264
1360,Jordan Whittington,QB,LA,25.300674371335184,-10.277569628791404,-9.249812665912264
1361,Terrell Jennings,QB,NE,25.300674371335184,-10.277569628791404,-9.249812665912264
1362,Nate Adkins,QB,DEN,25.300674371335184,-10.277569628791404,-9.249812665912264
1363,Taylor Heinicke,QB,LAC,25.300674371335184,-10.277569628791404,-9.249812665912264
1364,Romeo Doubs,QB,GB,25.300674371335184,-10.277569628791404,-9.249812665912264
1365,Bailey Zappe,QB,CLE,25.300674371335184,-10.277569628791404,-9.249812665912264
1366,Tyrion Davis-Price,QB,PHI,25.300674371335184,-10.277569628791404,-9.249812665912264
1367,Adam Thielen,QB,CAR,25.300674371335184,-10.277569628791404,-9.249812665912264
1368,Calvin Austin III,QB,PIT,25.300674371335184,-10.277569628791404,-9.249812665912264
1369,Isaiah Likely,QB,BAL,25.300674371335184,-10.277569628791404,-9.249812665912264
1370,Kyle Juszczyk,QB,SF,25.300674371335184,-10.277569628791404,-9.249812665912264
1371,Jake Ferguson,QB,DAL,25.300674371335184,-10.277569628791404,-9.249812665912264
1372,Charlie Kolar,QB,BAL,25.300674371335184,-10.277569628791404,-9.249812665912264
1373,Skyy Moore,QB,KC,25.300674371335184,-10.277569628791404,-9.249812665912264
1374,Erik Ezukanma,QB,MIA,25.300674371335184,-10.277569628791404,-9.249812665912264
1375,Kenny Pickett,QB,PHI,25.300674371335184,-10.277569628791404,-9.249812665912264
1376,Tyquan Thornton,QB,KC,25.300674371335184,-10.277569628791404,-9.249812665912264
1377,Lucas Krull,QB,DEN,25.300674371335184,-10.277569628791404,-9.249812665912264
1378,Deven Thompkins,QB,CAR,25.300674371335184,-10.277569628791404,-9.249812665912264
1379,Peyton Hendershot,QB,KC,25.300674371335184,-10.277569628791404,-9.249812665912264
1380,Eric Saubert,QB,SF,25.300674371335184,-10.277569628791404,-9.249812665912264
1381,Scott Matlock,QB,LAC,25.300674371335184,-10.277569628791404,-9.249812665912264
1382,Andrei Iosivas,QB,CIN,25.300674371335184,-10.277569628791404,-9.249812665912264
1383,Demario Douglas,QB,NE,25.300674371335184,-10.277569628791404,-9.249812665912264
1384,Deuce Vaughn,QB,DAL,25.300674371335184,-10.277569628791404,-9.249812665912264
1385,Jalen Brooks,QB,DAL,25.300674371335184,-10.277569628791404,-9.249812665912264
1386,Brayden Willis,QB,SF,25.300674371335184,-10.277569628791404,-9.249812665912264
1387,Ronnie Bell,QB,SF,25.300674371335184,-10.277569628791404,-9.249812665912264
1388,Jordan Mims,QB,NO,25.300674371335184,-10.277569628791404,-9.249812665912264
1389,Tyrell Shavers,QB,BUF,25.300674371335184,-10.277569628791404,-9.249812665912264
1390,Blake Whiteheart,QB,CLE,25.300674371335184,-10.277569628791404,-9.249812665912264
1391,Julian Hill,QB,MIA,25.300674371335184,-10.277569628791404,-9.249812665912264
1392,Xavier Hutchinson,QB,HOU,25.300674371335184,-10.277569628791404,-9.249812665912264
1393,Carson Wentz,QB,KC,25.300674371335184,-10.277569628791404,-9.249812665912264
1394,Nikko Remigio,QB,KC,25.300674371335184,-10.277569628791404,-9.249812665912264
1395,Juanyeh Thomas,QB,DAL,25.300674371335184,-10.277569628791404,-9.249812665912264
1396,Bryan Anger,QB,DAL,25.300674371335184,-10.277569628791404,-9.249812665912264
1397,Jaxon Smith-Njigba,QB,SEA,25.300674371335184,-10.277569628791404,-9.249812665912264
1398,Ben VanSumeren,QB,PHI,25.300674371335184,-10.277569628791404,-9.249812665912264
1399,Bryce Ford-Wheaton,QB,NYG,25.300674371335184,-10.277569628791404,-9.249812665912264
1400,E.J. Jenkins,QB,PHI,25.300674371335184,-10.277569628791404,-9.249812665912264
1401,Quentin Johnston,QB,LAC,25.300674371335184,-10.277569628791404,-9.249812665912264
1402,Tommy DeVito,QB,NYG,25.300674371335184,-10.277569628791404,-9.249812665912264
1403,Hendon Hooker,QB,DET,25.300674371335184,-10.277569628791404,-9.249812665912264
1404,Luke Schoonmaker,QB,DAL,25.300674371335184,-10.277569628791404,-9.249812665912264
1405,Malik Heath,QB,GB,25.300674371335184,-10.277569628791404,-9.249812665912264
1406,Grant DuBose,QB,MIA,25.300674371335184,-10.277569628791404,-9.249812665912264
1407,Xavier Gipson,QB,NYJ,25.300674371335184,-10.277569628791404,-9.249812665912264
1408,Greg Dulcich,QB,NYG,25.300674371335184,-10.277569628791404,-9.249812665912264
1409,Darnell Washington,QB,PIT,25.300674371335184,-10.277569628791404,-9.249812665912264
1410,Kayshon Boutte,QB,NE,25.300674371335184,-10.277569628791404,-9.249812665912264
1411,Parker Washington,QB,JAX,25.300674371335184,-10.277569628791404,-9.249812665912264
1412,Riley Dixon,QB,DEN,25.300674371335184,-10.277569628791404,-9.249812665912264
1413,Aaron Shampklin,QB,PIT,25.300674371335184,-10.277569628791404,-9.249812665912264
1414,John Metchie III,QB,HOU,25.300674371335184,-10.277569628791404,-9.249812665912264
1415,Tucker Fisk,QB,LAC,25.300674371335184,-10.277569628791404,-9.249812665912264
1416,Alec Pierce,QB,IND,25.300674371335184,-10.277569628791404,-9.249812665912264
1417,Jalen Tolbert,QB,DAL,25.300674371335184,-10.277569628791404,-9.249812665912264
1418,Garrett Wilson,QB,NYJ,25.300674371335184,-10.277569628791404,-9.249812665912264
1419,Jahan Dotson,QB,PHI,25.300674371335184,-10.277569628791404,-9.249812665912264
1420,Treylon Burks,QB,TEN,25.300674371335184,-10.277569628791404,-9.249812665912264
1421,Trey McBride,QB,ARI,25.300674371335184,-10.277569628791404,-9.249812665912264
1422,Zach Ertz,QB,WAS,25.300674371335184,-10.277569628791404,-9.249812665912264
1423,Tyson Bagent,QB,CHI,25.300674371335184,-10.277569628791404,-9.249812665912264
1424,Tyreek Hill,QB,MIA,25.300674371335184,-10.277569628791404,-9.249812665912264
1425,Clayton Tune,QB,ARI,25.300674371335184,-10.277569628791404,-9.249812665912264
1426,Michael Wilson,QB,ARI,25.300674371335184,-10.277569628791404,-9.249812665912264
1427,Tre Tucker,QB,LV,25.300674371335184,-10.277569628791404,-9.249812665912264
1428,Derius Davis,QB,LAC,25.300674371335184,-10.277569628791404,-9.249812665912264
1429,Charlie Jones,QB,CIN,25.300674371335184,-10.277569628791404,-9.249812665912264
1430,Aidan O'Connell,QB,LV,25.300674371335184,-10.277569628791404,-9.249812665912264
1431,Keaton Mitchell,QB,BAL,25.300674371335184,-10.277569628791404,-9.249812665912264
1432,Josh Whyle,QB,TEN,25.300674371335184,-10.277569628791404,-9.249812665912264
1433,Ja'Tavion Sanders,QB,CAR,25.300674371335184,-10.277569628791404,-9.249812665912264
1434,Jaylen Waddle,RB,MIA,21.84669305609674,-6.183794802531377,-9.275692203797066
1435,Dak Prescott,QB,DAL,25.269152481400678,-10.30909151872591,-9.27818236685332
1436,Joe Flacco,QB,IND,25.269152481400678,-10.30909151872591,-9.27818236685332
1437,Jameis Winston,QB,CLE,25.243435112437524,-10.334808887689064,-9.301327998920158
1438,Andy Dalton,QB,CAR,25.22582479703179,-10.352419203094797,-9.317177282785318
1439,Derek Carr,QB,NO,25.22582479703179,-10.352419203094797,-9.317177282785318
1440,Cooper Rush,QB,DAL,25.22582479703179,-10.352419203094797,-9.317177282785318
1441,Gardner Minshew,QB,LV,25.199825362908854,-10.378418637217734,-9.340576773495961
1442,Kenneth Walker III,WR,SEA,15.454813234692711,-7.80908030096241,-9.370896361154893
1443,Tank Bigsby,WR,JAX,15.454813234692711,-7.80908030096241,-9.370896361154893
1444,Roschon Johnson,WR,CHI,15.454813234692711,-7.80908030096241,-9.370896361154893
1445,Raheem Mostert,WR,MIA,15.454813234692711,-7.80908030096241,-9.370896361154893
1446,Ameer Abdullah,WR,LV,15.454813234692711,-7.80908030096241,-9.370896361154893
1447,Zach Charbonnet,WR,SEA,15.454813234692711,-7.80908030096241,-9.370896361154893
1448,Anthony Richardson,WR,IND,15.454813234692711,-7.80908030096241,-9.370896361154893
1449,Bryce Young,WR,CAR,15.454813234692711,-7.80908030096241,-9.370896361154893
1450,Derrick Henry,WR,BAL,15.454813234692711,-7.80908030096241,-9.370896361154893
1451,Tyjae Spears,WR,TEN,15.454813234692711,-7.80908030096241,-9.370896361154893
1452,Ezekiel Elliott,WR,LAC,15.454813234692711,-7.80908030096241,-9.370896361154893
1453,Isaac Guerendo,WR,SF,15.454813234692711,-7.80908030096241,-9.370896361154893
1454,Sean Tucker,WR,TB,15.454813234692711,-7.80908030096241,-9.370896361154893
1455,Emanuel Wilson,WR,GB,15.454813234692711,-7.80908030096241,-9.370896361154893
1456,Aaron Jones,WR,MIN,15.454813234692711,-7.80908030096241,-9.370896361154893
1457,Taysom Hill,WR,NO,15.454813234692711,-7.80908030096241,-9.370896361154893
1458,Chris Rodriguez Jr.,WR,WAS,15.454813234692711,-7.80908030096241,-9.370896361154893
1459,Brock Purdy,WR,SF,15.454813234692711,-7.80908030096241,-9.370896361154893
1460,Najee Harris,WR,PIT,15.454813234692711,-7.80908030096241,-9.370896361154893
1461,Bucky Irving,WR,TB,15.454813234692711,-7.80908030096241,-9.370896361154893
1462,Audric Estimé,WR,DEN,15.454813234692711,-7.80908030096241,-9.370896361154893
1463,Tony Pollard,WR,TEN,15.454813234692711,-7.80908030096241,-9.370896361154893
1464,J.K. Dobbins,WR,LAC,15.454813234692711,-7.80908030096241,-9.370896361154893
1465,Patrick Mahomes,WR,KC,15.454813234692711,-7.80908030096241,-9.370896361154893
1466,Austin Ekeler,WR,WAS,15.454813234692711,-7.80908030096241,-9.370896361154893
1467,Rico Dowdle,WR,DAL,15.454813234692711,-7.80908030096241,-9.370896361154893
1468,Kareem Hunt,WR,KC,15.454813234692711,-7.80908030096241,-9.370896361154893
1469,Joe Mixon,WR,HOU,15.454813234692711,-7.80908030096241,-9.370896361154893
1470,Kyren Williams,WR,LA,15.454813234692711,-7.80908030096241,-9.370896361154893
1471,Jeremy McNichols,WR,WAS,15.454813234692711,-7.80908030096241,-9.370896361154893
1472,James Conner,WR,ARI,15.454813234692711,-7.80908030096241,-9.370896361154893
1473,Tyrone Tracy Jr.,WR,NYG,15.454813234692711,-7.80908030096241,-9.370896361154893
1474,Jayden Daniels,WR,WAS,15.454813234692711,-7.80908030096241,-9.370896361154893
1475,Russell Wilson,WR,PIT,15.454813234692711,-7.80908030096241,-9.370896361154893
1476,Ray Davis,WR,BUF,15.454813234692711,-7.80908030096241,-9.370896361154893
1477,Drake Maye,WR,NE,15.454813234692711,-7.80908030096241,-9.370896361154893
1478,Geno Smith,WR,SEA,15.454813234692711,-7.80908030096241,-9.370896361154893
1479,Braelon Allen,WR,NYJ,15.454813234692711,-7.80908030096241,-9.370896361154893
1480,Bo Nix,WR,DEN,15.454813234692711,-7.80908030096241,-9.370896361154893
1481,Dameon Pierce,WR,HOU,15.454813234692711,-7.80908030096241,-9.370896361154893
1482,Kyler Murray,WR,ARI,15.454813234692711,-7.80908030096241,-9.370896361154893
1483,Devin Singletary,WR,NYG,15.454813234692711,-7.80908030096241,-9.370896361154893
1484,Drew Lock,WR,NYG,15.454813234692711,-7.80908030096241,-9.370896361154893
1485,Jonathan Taylor,WR,IND,15.454813234692711,-7.80908030096241,-9.370896361154893
1486,Zack Moss,WR,CIN,15.454813234692711,-7.80908030096241,-9.370896361154893
1487,Miles Sanders,WR,CAR,15.454813234692711,-7.80908030096241,-9.370896361154893
1488,Daniel Jones,WR,MIN,15.454813234692711,-7.80908030096241,-9.370896361154893
1489,Jordan Mason,WR,SF,15.454813234692711,-7.80908030096241,-9.370896361154893
1490,Joe Burrow,WR,CIN,15.454813234692711,-7.80908030096241,-9.370896361154893
1491,David Montgomery,WR,DET,15.454813234692711,-7.80908030096241,-9.370896361154893
1492,Brian Robinson,WR,WAS,15.454813234692711,-7.80908030096241,-9.370896361154893
1493,Justin Herbert,WR,LAC,15.454813234692711,-7.80908030096241,-9.370896361154893
1494,Jalen Hurts,WR,PHI,15.454813234692711,-7.80908030096241,-9.370896361154893
1495,Cam Akers,WR,MIN,15.454813234692711,-7.80908030096241,-9.370896361154893
1496,Jerome Ford,WR,CLE,15.454813234692711,-7.80908030096241,-9.370896361154893
1497,Josh Jacobs,WR,GB,15.454813234692711,-7.80908030096241,-9.370896361154893
1498,Saquon Barkley,WR,PHI,15.454813234692711,-7.80908030096241,-9.370896361154893
1499,Tyler Huntley,WR,MIA,15.454813234692711,-7.80908030096241,-9.370896361154893
1500,D'Andre Swift,WR,CHI,15.454813234692711,-7.80908030096241,-9.370896361154893
1501,Tyler Allgeier,WR,ATL,15.454813234692711,-7.80908030096241,-9.370896361154893
1502,Travis Etienne,WR,JAX,15.454813234692711,-7.80908030096241,-9.370896361154893
1503,Gus Edwards,WR,LAC,15.454813234692711,-7.80908030096241,-9.370896361154893
1504,Chuba Hubbard,WR,CAR,15.454813234692711,-7.80908030096241,-9.370896361154893
1505,James Cook,WR,BUF,15.454813234692711,-7.80908030096241,-9.370896361154893
1506,Nick Chubb,WR,CLE,15.454813234692711,-7.80908030096241,-9.370896361154893
1507,Lamar Jackson,WR,BAL,15.454813234692711,-7.80908030096241,-9.370896361154893
1508,Trevor Lawrence,WR,JAX,15.454813234692711,-7.80908030096241,-9.370896361154893
1509,Justin Fields,WR,PIT,15.454813234692711,-7.80908030096241,-9.370896361154893
1510,Trey Sermon,WR,IND,15.454813234692711,-7.80908030096241,-9.370896361154893
1511,Alexander Mattison,WR,LV,15.454813234692711,-7.80908030096241,-9.370896361154893
1512,Javonte Williams,WR,DEN,15.454813234692711,-7.80908030096241,-9.370896361154893
1513,Josh Allen,WR,BUF,15.454813234692711,-7.80908030096241,-9.370896361154893
1514,Rhamondre Stevenson,WR,NE,15.454813234692711,-7.80908030096241,-9.370896361154893
1515,Baker Mayfield,WR,TB,15.454813234692711,-7.80908030096241,-9.370896361154893
1516,Pat Freiermuth,TE,PIT,17.885643415011295,-6.694935060162571,-9.372909084227599
1517,Joshua Dobbs,WR,SF,15.447146056661,-7.816747478994122,-9.380096974792947
1518,Zach Ertz,TE,WAS,17.83966279338984,-6.740915681784024,-9.437281954497633
1519,De'Von Achane,TE,MIA,17.83443852959971,-6.746139945574157,-9.444595923803819
1520,Xavier Legette,WR,CAR,15.379124085225849,-7.884769450429273,-9.461723340515126
1521,Hassan Haskins,WR,LAC,15.340445250682636,-7.923448284972485,-9.508137941966982
1522,Demario Douglas,RB,NE,21.691202780227258,-6.339285078400859,-9.50892761760129
1523,Darius Slayton,WR,NYG,15.32538508359014,-7.938508452064982,-9.526210142477977
1524,Christian Watson,WR,GB,15.32538508359014,-7.938508452064982,-9.526210142477977
1525,Xavier Worthy,TE,KC,17.75130116773336,-6.829277307440506,-9.560988230416708
1526,Chig Okonkwo,WR,TEN,15.263119356898029,-8.000774178757093,-9.60092901450851
1527,Tre Tucker,WR,LV,15.193470296898122,-8.070423238757,-9.684507886508399
1528,Deebo Samuel Sr.,WR,SF,15.189686996677535,-8.074206538977586,-9.689047846773104
1529,Mike Gesicki,RB,CIN,21.556334851203513,-6.474153007424604,-9.711229511136906
1530,Cade Otton,RB,TB,21.542507783684,-6.487980074944115,-9.731970112416173
1531,DeAndre Hopkins,RB,KC,21.52797698501763,-6.502510873610486,-9.75376631041573
1532,Tank Dell,WR,HOU,15.127948304844287,-8.135945230810835,-9.763134276973002
1533,Keon Coleman,WR,BUF,15.106882512079356,-8.157011023575766,-9.788413228290919
1534,Kyle Pitts,WR,ATL,15.106882512079356,-8.157011023575766,-9.788413228290919
1535,Michael Wilson,WR,ARI,15.106882512079356,-8.157011023575766,-9.788413228290919
1536,Calvin Austin III,WR,PIT,15.106882512079356,-8.157011023575766,-9.788413228290919
1537,Romeo Doubs,WR,GB,15.106882512079356,-8.157011023575766,-9.788413228290919
1538,Amari Cooper,WR,BUF,15.106882512079356,-8.157011023575766,-9.788413228290919
1539,Stefon Diggs,WR,HOU,15.102960540832887,-8.160932994822234,-9.793119593786681
1540,Adam Thielen,RB,CAR,21.475335489284948,-6.555152369343169,-9.832728554014754
1541,Chris Godwin,RB,TB,21.475335489284948,-6.555152369343169,-9.832728554014754
1542,Juwan Johnson,RB,NO,21.47110032611958,-6.559387532508538,-9.839081298762807
1543,Stefon Diggs,RB,HOU,21.47110032611958,-6.559387532508538,-9.839081298762807
1544,Tyler Conklin,RB,NYJ,21.46361872904023,-6.566869129587886,-9.850303694381829
1545,Romeo Doubs,RB,GB,21.46361872904023,-6.566869129587886,-9.850303694381829
1546,Kyle Pitts,RB,ATL,21.46361872904023,-6.566869129587886,-9.850303694381829
1547,Michael Wilson,RB,ARI,21.46361872904023,-6.566869129587886,-9.850303694381829
1548,Elijah Moore,RB,CLE,21.4618121039756,-6.568675754652517,-9.853013631978776
1549,Tank Dell,RB,HOU,21.45983153860516,-6.570656320022955,-9.855984480034433
1550,Tre Tucker,RB,LV,21.45983153860516,-6.570656320022955,-9.855984480034433
1551,Deebo Samuel Sr.,RB,SF,21.45983153860516,-6.570656320022955,-9.855984480034433
1552,Cole Kmet,WR,CHI,15.044616785387245,-8.219276750267877,-9.863132100321453
1553,Tyler Conklin,WR,NYJ,15.044616785387245,-8.219276750267877,-9.863132100321453
1554,Xavier Legette,RB,CAR,21.452349941525814,-6.578137917102303,-9.867206875653455
1555,Kayshon Boutte,WR,NE,15.037438548779052,-8.22645498687607,-9.871745984251282
1556,Tyler Lockett,WR,SEA,15.037438548779052,-8.22645498687607,-9.871745984251282
1557,Tutu Atwell,WR,LA,15.037438548779052,-8.22645498687607,-9.871745984251282
1558,Juwan Johnson,WR,NO,15.037438548779052,-8.22645498687607,-9.871745984251282
1559,Olamide Zaccheaus,WR,WAS,15.037438548779052,-8.22645498687607,-9.871745984251282
1560,Dallas Goedert,WR,PHI,15.037438548779052,-8.22645498687607,-9.871745984251282
1561,Josh Palmer,WR,LAC,15.037438548779052,-8.22645498687607,-9.871745984251282
1562,Dalton Schultz,WR,HOU,15.037438548779052,-8.22645498687607,-9.871745984251282
1563,Noah Fant,WR,SEA,15.037438548779052,-8.22645498687607,-9.871745984251282
1564,Alec Pierce,TE,IND,17.500035960781016,-7.0805425143928495,-9.912759520149988
1565,Dalton Kincaid,WR,BUF,14.975172822086941,-8.28872071356818,-9.946464856281816
1566,Jalen Coker,WR,CAR,14.975172822086941,-8.28872071356818,-9.946464856281816
1567,Will Dissly,WR,LAC,14.975172822086941,-8.28872071356818,-9.946464856281816
1568,Noah Brown,WR,WAS,14.975172822086941,-8.28872071356818,-9.946464856281816
1569,T.J. Hockenson,WR,MIN,14.975172822086941,-8.28872071356818,-9.946464856281816
1570,Austin Hooper,WR,NE,14.975172822086941,-8.28872071356818,-9.946464856281816
1571,Devaughn Vele,WR,DEN,14.975172822086941,-8.28872071356818,-9.946464856281816
1572,Cole Kmet,RB,CHI,21.3459717547271,-6.684516103901018,-10.026774155851527
1573,Dontayvion Wicks,WR,GB,14.904477539181935,-8.359415996473187,-10.031299195767824
1574,Tyler Lockett,RB,SEA,21.336232397095834,-6.694255461532283,-10.041383192298424
1575,Will Dissly,RB,LAC,21.336232397095834,-6.694255461532283,-10.041383192298424
1576,Chig Okonkwo,RB,TEN,21.336232397095834,-6.694255461532283,-10.041383192298424
1577,Dalton Schultz,RB,HOU,21.324963609581417,-6.7055242490467,-10.05828637357005
1578,George Pickens,TE,PIT,17.361052611258124,-7.219525863915742,-10.107336209482037
1579,Ray-Ray McCloud,RB,ATL,21.116981094300442,-6.913506764327675,-10.370260146491512
1580,Jalen Nailor,RB,MIN,21.022801475271855,-7.007686383356262,-10.511529575034393
1581,Jake Ferguson,RB,DAL,21.022470104470546,-7.008017754157571,-10.512026631236356
1582,KaVontae Turpin,WR,DAL,14.475077127055341,-8.78881640859978,-10.546579690319737
1583,Tucker Kraft,TE,GB,17.019746865776348,-7.560831609397518,-10.585164253156524
1584,Devaughn Vele,RB,DEN,20.946041287138367,-7.0844465714897495,-10.626669857234624
1585,Austin Hooper,RB,NE,20.946041287138367,-7.0844465714897495,-10.626669857234624
1586,Noah Fant,RB,SEA,20.943581049826776,-7.086906808801341,-10.630360213202012
1587,Quentin Johnston,TE,LAC,16.987053402338503,-7.593525072835362,-10.630935101969506
1588,Kayshon Boutte,RB,NE,20.91979372822728,-7.110694130400837,-10.666041195601256
1589,Olamide Zaccheaus,RB,WAS,20.91979372822728,-7.110694130400837,-10.666041195601256
1590,Noah Gray,RB,KC,20.91182286751846,-7.118664991109657,-10.677997486664486
1591,Amari Cooper,RB,BUF,20.901043343633514,-7.129444514994603,-10.694166772491904
1592,Darius Slayton,RB,NYG,20.880134290792796,-7.150353567835321,-10.725530351752981
1593,Michael Pittman,TE,IND,16.87651158421365,-7.704066890960217,-10.785693647344303
1594,Mack Hollins,WR,BUF,14.266332773945761,-8.99756076170936,-10.797072914051233
1595,Foster Moreau,WR,NO,14.266332773945761,-8.99756076170936,-10.797072914051233
1596,Javonte Williams,RB,DEN,20.829267023188866,-7.201220835439251,-10.801831253158877
1597,Dallas Goedert,RB,PHI,20.811173358114623,-7.219314500513494,-10.828971750770242
1598,Dalton Kincaid,RB,BUF,20.784925799203535,-7.245562059424582,-10.868343089136873
1599,D'Ernest Johnson,WR,JAX,14.156978448322864,-9.106915087332258,-10.928298104798708
1600,Ty Chandler,WR,MIN,14.156978448322864,-9.106915087332258,-10.928298104798708
1601,Dare Ogunbowale,WR,HOU,14.156978448322864,-9.106915087332258,-10.928298104798708
1602,Ty Johnson,WR,BUF,14.156978448322864,-9.106915087332258,-10.928298104798708
1603,Deshaun Watson,WR,CLE,14.156978448322864,-9.106915087332258,-10.928298104798708
1604,D'Onta Foreman,WR,CLE,14.156978448322864,-9.106915087332258,-10.928298104798708
1605,C.J. Stroud,WR,HOU,14.156978448322864,-9.106915087332258,-10.928298104798708
1606,Justice Hill,WR,BAL,14.156978448322864,-9.106915087332258,-10.928298104798708
1607,Jamaal Williams,WR,NO,14.156978448322864,-9.106915087332258,-10.928298104798708
1608,Patrick Taylor,WR,SF,14.156978448322864,-9.106915087332258,-10.928298104798708
1609,Jaleel McLaughlin,WR,DEN,14.156978448322864,-9.106915087332258,-10.928298104798708
1610,Zamir White,WR,LV,14.156978448322864,-9.106915087332258,-10.928298104798708
1611,Kimani Vidal,WR,LAC,14.156978448322864,-9.106915087332258,-10.928298104798708
1612,Will Levis,WR,TEN,14.156978448322864,-9.106915087332258,-10.928298104798708
1613,Jaylen Warren,WR,PIT,14.156978448322864,-9.106915087332258,-10.928298104798708
1614,Blake Corum,WR,LA,14.156978448322864,-9.106915087332258,-10.928298104798708
1615,Isaiah Davis,WR,NYJ,14.156978448322864,-9.106915087332258,-10.928298104798708
1616,Michael Carter,WR,ARI,14.156978448322864,-9.106915087332258,-10.928298104798708
1617,Caleb Williams,WR,CHI,14.156978448322864,-9.106915087332258,-10.928298104798708
1618,Kendre Miller,WR,NO,14.156978448322864,-9.106915087332258,-10.928298104798708
1619,Jaylen Wright,WR,MIA,14.156978448322864,-9.106915087332258,-10.928298104798708
1620,Kenneth Gainwell,WR,PHI,14.156978448322864,-9.106915087332258,-10.928298104798708
1621,Dorian Thompson-Robinson,WR,CLE,14.156978448322864,-9.106915087332258,-10.928298104798708
1622,Cordarrelle Patterson,WR,PIT,14.156978448322864,-9.106915087332258,-10.928298104798708
1623,Spencer Rattler,WR,NO,14.156978448322864,-9.106915087332258,-10.928298104798708
1624,Chris Brooks,WR,GB,14.156978448322864,-9.106915087332258,-10.928298104798708
1625,Kenny McIntosh,WR,SEA,14.156978448322864,-9.106915087332258,-10.928298104798708
1626,Sam Darnold,WR,MIN,14.156978448322864,-9.106915087332258,-10.928298104798708
1627,Isiah Pacheco,WR,KC,14.156978448322864,-9.106915087332258,-10.928298104798708
1628,Carson Steele,WR,KC,14.156978448322864,-9.106915087332258,-10.928298104798708
1629,Emari Demercado,WR,ARI,14.156978448322864,-9.106915087332258,-10.928298104798708
1630,Pierre Strong,WR,CLE,14.156978448322864,-9.106915087332258,-10.928298104798708
1631,Sincere McCormick,WR,LV,14.156978448322864,-9.106915087332258,-10.928298104798708
1632,Khalil Herbert,WR,CIN,14.156978448322864,-9.106915087332258,-10.928298104798708
1633,Malik Willis,WR,GB,14.156978448322864,-9.106915087332258,-10.928298104798708
1634,Antonio Gibson,WR,NE,14.156978448322864,-9.106915087332258,-10.928298104798708
1635,Aaron Rodgers,WR,NYJ,14.156978448322864,-9.106915087332258,-10.928298104798708
1636,Trey Benson,WR,ARI,14.156978448322864,-9.106915087332258,-10.928298104798708
1637,Craig Reynolds,WR,DET,14.156978448322864,-9.106915087332258,-10.928298104798708
1638,Christian McCaffrey,WR,SF,14.156978448322864,-9.106915087332258,-10.928298104798708
1639,Mason Rudolph,WR,TEN,14.156978448322864,-9.106915087332258,-10.928298104798708
1640,Tyler Goodson,WR,IND,14.156978448322864,-9.106915087332258,-10.928298104798708
1641,Derius Davis,WR,LAC,14.15567997429554,-9.108213561359582,-10.929856273631499
1642,Hunter Luepke,WR,DAL,14.15567997429554,-9.108213561359582,-10.929856273631499
1643,J.J. Taylor,WR,HOU,14.15567997429554,-9.108213561359582,-10.929856273631499
1644,DeeJay Dallas,WR,ARI,14.15567997429554,-9.108213561359582,-10.929856273631499
1645,Clyde Edwards-Helaire,WR,NO,14.15567997429554,-9.108213561359582,-10.929856273631499
1646,Trey Lance,WR,DAL,14.15567997429554,-9.108213561359582,-10.929856273631499
1647,Matthew Stafford,WR,LA,14.15567997429554,-9.108213561359582,-10.929856273631499
1648,Ricky Pearsall,WR,SF,14.15567997429554,-9.108213561359582,-10.929856273631499
1649,Tua Tagovailoa,WR,MIA,14.15567997429554,-9.108213561359582,-10.929856273631499
1650,Ashton Dulin,WR,IND,14.15567997429554,-9.108213561359582,-10.929856273631499
1651,Travis Homer,WR,CHI,14.149311270291152,-9.11458226536397,-10.937498718436762
1652,Jonathan Ward,WR,PIT,14.149311270291152,-9.11458226536397,-10.937498718436762
1653,DJ Turner,WR,LV,14.149311270291152,-9.11458226536397,-10.937498718436762
1654,Desmond Ridder,WR,LV,14.149311270291152,-9.11458226536397,-10.937498718436762
1655,Greg Dortch,WR,ARI,14.149311270291152,-9.11458226536397,-10.937498718436762
1656,Rasheen Ali,WR,BAL,14.149311270291152,-9.11458226536397,-10.937498718436762
1657,Aidan O'Connell,WR,LV,14.149311270291152,-9.11458226536397,-10.937498718436762
1658,Jake Haener,WR,NO,14.149311270291152,-9.11458226536397,-10.937498718436762
1659,Taylor Heinicke,WR,LAC,14.149311270291152,-9.11458226536397,-10.937498718436762
1660,Jonathon Brooks,WR,CAR,14.149311270291152,-9.11458226536397,-10.937498718436762
1661,Jase McClellan,WR,ATL,14.149311270291152,-9.11458226536397,-10.937498718436762
1662,Eric Gray,WR,NYG,14.149311270291152,-9.11458226536397,-10.937498718436762
1663,Joe Milton III,WR,NE,14.149311270291152,-9.11458226536397,-10.937498718436762
1664,Terrell Jennings,WR,NE,14.149311270291152,-9.11458226536397,-10.937498718436762
1665,Tommy DeVito,WR,NYG,14.149311270291152,-9.11458226536397,-10.937498718436762
1666,Malik Washington,WR,MIA,14.149311270291152,-9.11458226536397,-10.937498718436762
1667,Kyle Juszczyk,WR,SF,14.149311270291152,-9.11458226536397,-10.937498718436762
1668,Andy Dalton,WR,CAR,14.149311270291152,-9.11458226536397,-10.937498718436762
1669,Aaron Shampklin,WR,PIT,14.149311270291152,-9.11458226536397,-10.937498718436762
1670,Rashid Shaheed,WR,NO,14.149311270291152,-9.11458226536397,-10.937498718436762
1671,Alec Ingold,WR,MIA,14.149311270291152,-9.11458226536397,-10.937498718436762
1672,Jermar Jefferson,WR,DET,14.149311270291152,-9.11458226536397,-10.937498718436762
1673,Ashtyn Davis,WR,NYJ,14.149311270291152,-9.11458226536397,-10.937498718436762
1674,Dyami Brown,WR,WAS,14.149311270291152,-9.11458226536397,-10.937498718436762
1675,Dalvin Cook,WR,DAL,14.149311270291152,-9.11458226536397,-10.937498718436762
1676,Cooper Rush,WR,DAL,14.149311270291152,-9.11458226536397,-10.937498718436762
1677,Xavier Smith,WR,LA,14.149311270291152,-9.11458226536397,-10.937498718436762
1678,Jacob Kibodi,WR,CLE,14.149311270291152,-9.11458226536397,-10.937498718436762
1679,Malachi Corley,WR,NYJ,14.149311270291152,-9.11458226536397,-10.937498718436762
1680,Joe Flacco,WR,IND,14.149311270291152,-9.11458226536397,-10.937498718436762
1681,Keaton Mitchell,WR,BAL,14.149311270291152,-9.11458226536397,-10.937498718436762
1682,Nick Westbrook-Ikhine,TE,TEN,16.75835931772553,-7.822219157448334,-10.951106820427666
1683,Kareem Hunt,RB,KC,20.727322963266868,-7.303164895361249,-10.954747343041873
1684,Julius Chestnut,WR,TEN,14.08844807627757,-9.175445459377551,-11.01053455125306
1685,Ronnie Rivers,WR,LA,14.08844807627757,-9.175445459377551,-11.01053455125306
1686,Cade Otton,TE,TB,16.682919778346378,-7.897658696827488,-11.056722175558482
1687,Mac Jones,WR,JAX,14.042610464312789,-9.221283071342333,-11.0655396856108
1688,Marcus Mariota,WR,WAS,14.042610464312789,-9.221283071342333,-11.0655396856108
1689,Samaje Perine,WR,KC,14.042610464312789,-9.221283071342333,-11.0655396856108
1690,Tyler Badie,WR,DEN,14.042610464312789,-9.221283071342333,-11.0655396856108
1691,Wan'Dale Robinson,TE,NYG,16.67656123782646,-7.904017237347407,-11.06562413228637
1692,Dak Prescott,WR,DAL,13.96015123613863,-9.303742299516491,-11.16449075941979
1693,Jared Goff,WR,DET,13.96015123613863,-9.303742299516491,-11.16449075941979
1694,Tony Jones,WR,ARI,13.96015123613863,-9.303742299516491,-11.16449075941979
1695,Jeff Wilson,WR,MIA,13.96015123613863,-9.303742299516491,-11.16449075941979
1696,Mike Boone,WR,CAR,13.96015123613863,-9.303742299516491,-11.16449075941979
1697,Bo Melton,WR,GB,13.96015123613863,-9.303742299516491,-11.16449075941979
1698,Calvin Austin III,RB,PIT,20.56944136766146,-7.461046490966655,-11.191569736449983
1699,Marquez Valdes-Scantling,WR,NO,13.93080869878037,-9.333084836874752,-11.199701804249703
1700,AJ Barner,WR,SEA,13.93080869878037,-9.333084836874752,-11.199701804249703
1701,Jameis Winston,WR,CLE,13.904576344108213,-9.359317191546909,-11.23118062985629
1702,Will Shipley,WR,PHI,13.904576344108213,-9.359317191546909,-11.23118062985629
1703,Jordan Love,WR,GB,13.904576344108213,-9.359317191546909,-11.23118062985629
1704,Sterling Shepard,WR,TB,13.89538300365842,-9.368510531996701,-11.242212638396042
1705,Deuce Vaughn,WR,DAL,13.89538300365842,-9.368510531996701,-11.242212638396042
1706,Raheem Blackshear,WR,CAR,13.89538300365842,-9.368510531996701,-11.242212638396042
1707,JaMycal Hasty,WR,NE,13.89538300365842,-9.368510531996701,-11.242212638396042
1708,Gardner Minshew,WR,LV,13.89538300365842,-9.368510531996701,-11.242212638396042
1709,Mecole Hardman,WR,KC,13.89538300365842,-9.368510531996701,-11.242212638396042
1710,Derek Carr,WR,NO,13.89538300365842,-9.368510531996701,-11.242212638396042
1711,Jacoby Brissett,WR,NE,13.89538300365842,-9.368510531996701,-11.242212638396042
1712,Jordan Mims,WR,NO,13.89538300365842,-9.368510531996701,-11.242212638396042
1713,Jonathan Owens,WR,CHI,13.861364735480064,-9.402528800175057,-11.283034560210067
1714,Deven Thompkins,WR,CAR,13.861364735480064,-9.402528800175057,-11.283034560210067
1715,Peyton Hendershot,WR,KC,13.861364735480064,-9.402528800175057,-11.283034560210067
1716,Adam Trautman,WR,DEN,13.861364735480064,-9.402528800175057,-11.283034560210067
1717,Lucas Krull,WR,DEN,13.861364735480064,-9.402528800175057,-11.283034560210067
1718,Stone Smartt,WR,LAC,13.861364735480064,-9.402528800175057,-11.283034560210067
1719,Tay Martin,WR,TEN,13.861364735480064,-9.402528800175057,-11.283034560210067
1720,Trent Sherfield,WR,MIN,13.861364735480064,-9.402528800175057,-11.283034560210067
1721,J.J. Russell,WR,TB,13.861364735480064,-9.402528800175057,-11.283034560210067
1722,Skyy Moore,WR,KC,13.861364735480064,-9.402528800175057,-11.283034560210067
1723,Van Jefferson,WR,PIT,13.861364735480064,-9.402528800175057,-11.283034560210067
1724,Connor Heyward,WR,PIT,13.861364735480064,-9.402528800175057,-11.283034560210067
1725,Bryce Ford-Wheaton,WR,NYG,13.861364735480064,-9.402528800175057,-11.283034560210067
1726,Josh Reynolds,WR,JAX,13.861364735480064,-9.402528800175057,-11.283034560210067
1727,Josiah Deguara,WR,JAX,13.861364735480064,-9.402528800175057,-11.283034560210067
1728,Kendric Pryor,WR,CIN,13.861364735480064,-9.402528800175057,-11.283034560210067
1729,Ben VanSumeren,WR,PHI,13.861364735480064,-9.402528800175057,-11.283034560210067
1730,Xavier Gipson,WR,NYJ,13.861364735480064,-9.402528800175057,-11.283034560210067
1731,E.J. Jenkins,WR,PHI,13.861364735480064,-9.402528800175057,-11.283034560210067
1732,Grant DuBose,WR,MIA,13.861364735480064,-9.402528800175057,-11.283034560210067
1733,Nikko Remigio,WR,KC,13.861364735480064,-9.402528800175057,-11.283034560210067
1734,Malik Heath,WR,GB,13.861364735480064,-9.402528800175057,-11.283034560210067
1735,JuJu Smith-Schuster,WR,KC,13.861364735480064,-9.402528800175057,-11.283034560210067
1736,Luke Schoonmaker,WR,DAL,13.861364735480064,-9.402528800175057,-11.283034560210067
1737,Shane Zylstra,WR,DET,13.861364735480064,-9.402528800175057,-11.283034560210067
1738,Tyreik McAllister,WR,LV,13.861364735480064,-9.402528800175057,-11.283034560210067
1739,Chris Oladokun,WR,KC,13.861364735480064,-9.402528800175057,-11.283034560210067
1740,Brandon Johnson,WR,PIT,13.861364735480064,-9.402528800175057,-11.283034560210067
1741,Anthony Miller,WR,BAL,13.861364735480064,-9.402528800175057,-11.283034560210067
1742,Eric Saubert,WR,SF,13.861364735480064,-9.402528800175057,-11.283034560210067
1743,James Proche,WR,CLE,13.861364735480064,-9.402528800175057,-11.283034560210067
1744,Tucker Fisk,WR,LAC,13.861364735480064,-9.402528800175057,-11.283034560210067
1745,Cedrick Wilson Jr.,WR,NO,13.861364735480064,-9.402528800175057,-11.283034560210067
1746,Mike White,WR,BUF,13.861364735480064,-9.402528800175057,-11.283034560210067
1747,Justin Watson,WR,KC,13.861364735480064,-9.402528800175057,-11.283034560210067
1748,Jahan Dotson,WR,PHI,13.861364735480064,-9.402528800175057,-11.283034560210067
1749,Treylon Burks,WR,TEN,13.861364735480064,-9.402528800175057,-11.283034560210067
1750,Ian Thomas,WR,CAR,13.861364735480064,-9.402528800175057,-11.283034560210067
1751,Braxton Berrios,WR,MIA,13.861364735480064,-9.402528800175057,-11.283034560210067
1752,Velus Jones Jr.,WR,CAR,13.861364735480064,-9.402528800175057,-11.283034560210067
1753,Jeremy Ruckert,WR,NYJ,13.861364735480064,-9.402528800175057,-11.283034560210067
1754,Tanner Conner,WR,MIA,13.861364735480064,-9.402528800175057,-11.283034560210067
1755,Tyrion Davis-Price,WR,PHI,13.861364735480064,-9.402528800175057,-11.283034560210067
1756,Tim Boyle,WR,NYG,13.861364735480064,-9.402528800175057,-11.283034560210067
1757,J.K. Scott,WR,LAC,13.861364735480064,-9.402528800175057,-11.283034560210067
1758,Ross Dwelley,WR,ATL,13.861364735480064,-9.402528800175057,-11.283034560210067
1759,River Cracraft,WR,MIA,13.861364735480064,-9.402528800175057,-11.283034560210067
1760,Jordan Akins,WR,CLE,13.861364735480064,-9.402528800175057,-11.283034560210067
1761,Charlie Kolar,WR,BAL,13.861364735480064,-9.402528800175057,-11.283034560210067
1762,John Metchie III,WR,HOU,13.861364735480064,-9.402528800175057,-11.283034560210067
1763,Juanyeh Thomas,WR,DAL,13.861364735480064,-9.402528800175057,-11.283034560210067
1764,John FitzPatrick,WR,GB,13.861364735480064,-9.402528800175057,-11.283034560210067
1765,Skylar Thompson,WR,MIA,13.861364735480064,-9.402528800175057,-11.283034560210067
1766,David Moore,WR,CAR,13.861364735480064,-9.402528800175057,-11.283034560210067
1767,Nate Adkins,WR,DEN,13.861364735480064,-9.402528800175057,-11.283034560210067
1768,Darnell Washington,WR,PIT,13.861364735480064,-9.402528800175057,-11.283034560210067
1769,Ja'Lynn Polk,WR,NE,13.861364735480064,-9.402528800175057,-11.283034560210067
1770,Tyrod Taylor,WR,NYJ,13.861364735480064,-9.402528800175057,-11.283034560210067
1771,Johnny Hekker,WR,CAR,13.861364735480064,-9.402528800175057,-11.283034560210067
1772,Rodney McLeod Jr.,WR,CLE,13.861364735480064,-9.402528800175057,-11.283034560210067
1773,Adonai Mitchell,WR,IND,13.861364735480064,-9.402528800175057,-11.283034560210067
1774,Gabe Davis,WR,JAX,13.861364735480064,-9.402528800175057,-11.283034560210067
1775,Kirk Cousins,WR,ATL,13.861364735480064,-9.402528800175057,-11.283034560210067
1776,Bryan Anger,WR,DAL,13.861364735480064,-9.402528800175057,-11.283034560210067
1777,JC Latham,WR,TEN,13.861364735480064,-9.402528800175057,-11.283034560210067
1778,Cody Schrader,WR,LA,13.861364735480064,-9.402528800175057,-11.283034560210067
1779,Dell Pettus,WR,NE,13.861364735480064,-9.402528800175057,-11.283034560210067
1780,Jamari Thrash,WR,CLE,13.861364735480064,-9.402528800175057,-11.283034560210067
1781,Cody White,WR,SEA,13.861364735480064,-9.402528800175057,-11.283034560210067
1782,Casey Washington,WR,ATL,13.861364735480064,-9.402528800175057,-11.283034560210067
1783,Brandon Aiyuk,WR,SF,13.861364735480064,-9.402528800175057,-11.283034560210067
1784,Jha'Quan Jackson,WR,TEN,13.861364735480064,-9.402528800175057,-11.283034560210067
1785,Troy Franklin,WR,DEN,13.861364735480064,-9.402528800175057,-11.283034560210067
1786,Ben Sinnott,WR,WAS,13.861364735480064,-9.402528800175057,-11.283034560210067
1787,Bub Means,WR,NO,13.861364735480064,-9.402528800175057,-11.283034560210067
1788,Kristian Wilkerson,WR,LV,13.861364735480064,-9.402528800175057,-11.283034560210067
1789,Devontez Walker,WR,BAL,13.861364735480064,-9.402528800175057,-11.283034560210067
1790,Devin Culp,WR,TB,13.861364735480064,-9.402528800175057,-11.283034560210067
1791,Jordan Whittington,WR,LA,13.861364735480064,-9.402528800175057,-11.283034560210067
1792,Ainias Smith,WR,PHI,13.861364735480064,-9.402528800175057,-11.283034560210067
1793,Tip Reiman,WR,ARI,13.861364735480064,-9.402528800175057,-11.283034560210067
1794,Jordan Matthews,WR,CAR,13.861364735480064,-9.402528800175057,-11.283034560210067
1795,Robert Woods,WR,HOU,13.861364735480064,-9.402528800175057,-11.283034560210067
1796,Javon Baker,WR,NE,13.861364735480064,-9.402528800175057,-11.283034560210067
1797,Dan Chisena,WR,CAR,13.861364735480064,-9.402528800175057,-11.283034560210067
1798,Reggie Gilliam,WR,BUF,13.861364735480064,-9.402528800175057,-11.283034560210067
1799,Isaiah Hodgins,WR,NYG,13.861364735480064,-9.402528800175057,-11.283034560210067
1800,Mason Kinsey,WR,TEN,13.861364735480064,-9.402528800175057,-11.283034560210067
1801,Josh Johnson,WR,BAL,13.861364735480064,-9.402528800175057,-11.283034560210067
1802,Michael Penix Jr.,WR,ATL,13.861364735480064,-9.402528800175057,-11.283034560210067
1803,Sam Franklin Jr.,WR,CAR,13.861364735480064,-9.402528800175057,-11.283034560210067
1804,Allen Robinson,WR,DET,13.861364735480064,-9.402528800175057,-11.283034560210067
1805,Chris Manhertz,WR,NYG,13.861364735480064,-9.402528800175057,-11.283034560210067
1806,Josh Blackwell,WR,CHI,13.861364735480064,-9.402528800175057,-11.283034560210067
1807,Dallin Holker,WR,NO,13.861364735480064,-9.402528800175057,-11.283034560210067
1808,Kameron Johnson,WR,TB,13.861364735480064,-9.402528800175057,-11.283034560210067
1809,C.J. Goodwin,WR,DAL,13.861364735480064,-9.402528800175057,-11.283034560210067
1810,Blake Watson,WR,DEN,13.861364735480064,-9.402528800175057,-11.283034560210067
1811,Ramel Keyton,WR,LV,13.861364735480064,-9.402528800175057,-11.283034560210067
1812,Brevyn Spann-Ford,WR,DAL,13.861364735480064,-9.402528800175057,-11.283034560210067
1813,Xavier Weaver,WR,ARI,13.861364735480064,-9.402528800175057,-11.283034560210067
1814,Jimmy Garoppolo,WR,LA,13.861364735480064,-9.402528800175057,-11.283034560210067
1815,Brenden Bates,WR,CLE,13.861364735480064,-9.402528800175057,-11.283034560210067
1816,Isaiah Williams,WR,CIN,13.861364735480064,-9.402528800175057,-11.283034560210067
1817,Clayton Tune,WR,ARI,13.861364735480064,-9.402528800175057,-11.283034560210067
1818,Hendon Hooker,WR,DET,13.861364735480064,-9.402528800175057,-11.283034560210067
1819,Charlie Jones,WR,CIN,13.861364735480064,-9.402528800175057,-11.283034560210067
1820,Sam Howell,WR,SEA,13.861364735480064,-9.402528800175057,-11.283034560210067
1821,Dante Pettis,WR,NO,13.861364735480064,-9.402528800175057,-11.283034560210067
1822,Irvin Charles,WR,NYJ,13.861364735480064,-9.402528800175057,-11.283034560210067
1823,Matthew Hayball,WR,NO,13.861364735480064,-9.402528800175057,-11.283034560210067
1824,Jermaine Jackson,WR,NO,13.861364735480064,-9.402528800175057,-11.283034560210067
1825,Nelson Agholor,WR,BAL,13.861364735480064,-9.402528800175057,-11.283034560210067
1826,Collin Johnson,WR,CHI,13.861364735480064,-9.402528800175057,-11.283034560210067
1827,Jalen Reeves-Maybin,WR,DET,13.861364735480064,-9.402528800175057,-11.283034560210067
1828,Jacob Cowing,WR,SF,13.861364735480064,-9.402528800175057,-11.283034560210067
1829,Sione Vaki,WR,DET,13.861364735480064,-9.402528800175057,-11.283034560210067
1830,MyCole Pruitt,WR,PIT,13.861364735480064,-9.402528800175057,-11.283034560210067
1831,James Pierre,WR,PIT,13.861364735480064,-9.402528800175057,-11.283034560210067
1832,Cade Stover,WR,HOU,13.861364735480064,-9.402528800175057,-11.283034560210067
1833,Ja'Tavion Sanders,WR,CAR,13.861364735480064,-9.402528800175057,-11.283034560210067
1834,Luke McCaffrey,WR,WAS,13.861364735480064,-9.402528800175057,-11.283034560210067
1835,Dylan Laube,WR,LV,13.861364735480064,-9.402528800175057,-11.283034560210067
1836,Jaheim Bell,WR,NE,13.861364735480064,-9.402528800175057,-11.283034560210067
1837,Bryce Oliver,WR,TEN,13.861364735480064,-9.402528800175057,-11.283034560210067
1838,British Brooks,WR,HOU,13.861364735480064,-9.402528800175057,-11.283034560210067
1839,David Martin-Robinson,WR,TEN,13.861364735480064,-9.402528800175057,-11.283034560210067
1840,Cam Grandy,WR,CIN,13.861364735480064,-9.402528800175057,-11.283034560210067
1841,Mason Tipton,WR,NO,13.861364735480064,-9.402528800175057,-11.283034560210067
1842,Brandin Cooks,WR,DAL,13.861364735480064,-9.402528800175057,-11.283034560210067
1843,Colby Parkinson,WR,LA,13.861364735480064,-9.402528800175057,-11.283034560210067
1844,Odell Beckham Jr.,WR,MIA,13.861364735480064,-9.402528800175057,-11.283034560210067
1845,Miles Killebrew,WR,PIT,13.861364735480064,-9.402528800175057,-11.283034560210067
1846,Trey Palmer,WR,TB,13.861364735480064,-9.402528800175057,-11.283034560210067
1847,Jonathan Mingo,WR,DAL,13.861364735480064,-9.402528800175057,-11.283034560210067
1848,Robbie Chosen,WR,MIA,13.861364735480064,-9.402528800175057,-11.283034560210067
1849,Brandon Allen,WR,SF,13.861364735480064,-9.402528800175057,-11.283034560210067
1850,Davis Allen,WR,LA,13.861364735480064,-9.402528800175057,-11.283034560210067
1851,Michael Mayer,WR,LV,13.861364735480064,-9.402528800175057,-11.283034560210067
1852,Tom Kennedy,WR,DET,13.861364735480064,-9.402528800175057,-11.283034560210067
1853,Wanya Morris,WR,KC,13.861364735480064,-9.402528800175057,-11.283034560210067
1854,Cedric Tillman,WR,CLE,13.861364735480064,-9.402528800175057,-11.283034560210067
1855,Kendrick Bourne,WR,NE,13.861364735480064,-9.402528800175057,-11.283034560210067
1856,Tyrell Shavers,WR,BUF,13.861364735480064,-9.402528800175057,-11.283034560210067
1857,Ronnie Bell,WR,SF,13.861364735480064,-9.402528800175057,-11.283034560210067
1858,Brayden Willis,WR,SF,13.861364735480064,-9.402528800175057,-11.283034560210067
1859,Jalen Brooks,WR,DAL,13.861364735480064,-9.402528800175057,-11.283034560210067
1860,Nick Mullens,WR,MIN,13.861364735480064,-9.402528800175057,-11.283034560210067
1861,Payne Durham,WR,TB,13.861364735480064,-9.402528800175057,-11.283034560210067
1862,Elijah Higgins,WR,ARI,13.861364735480064,-9.402528800175057,-11.283034560210067
1863,Jermaine Burton,WR,CIN,13.861364735480064,-9.402528800175057,-11.283034560210067
1864,Luke Musgrave,WR,GB,13.861364735480064,-9.402528800175057,-11.283034560210067
1865,Kalif Raymond,WR,DET,13.861364735480064,-9.402528800175057,-11.283034560210067
1866,Jamison Crowder,WR,WAS,13.861364735480064,-9.402528800175057,-11.283034560210067
1867,Baylor Cupp,WR,KC,13.861364735480064,-9.402528800175057,-11.283034560210067
1868,George Holani,WR,SEA,13.861364735480064,-9.402528800175057,-11.283034560210067
1869,Tyler Boyd,WR,TEN,13.861364735480064,-9.402528800175057,-11.283034560210067
1870,Chris Collier,WR,LV,13.861364735480064,-9.402528800175057,-11.283034560210067
1871,Johnny Wilson,WR,PHI,13.861364735480064,-9.402528800175057,-11.283034560210067
1872,Chris Conley,WR,SF,13.861364735480064,-9.402528800175057,-11.283034560210067
1873,Carson Wentz,WR,KC,13.861364735480064,-9.402528800175057,-11.283034560210067
1874,Geoff Swaim,WR,CLE,13.861364735480064,-9.402528800175057,-11.283034560210067
1875,Taylor Decker,WR,DET,13.861364735480064,-9.402528800175057,-11.283034560210067
1876,Rashee Rice,WR,KC,13.861364735480064,-9.402528800175057,-11.283034560210067
1877,Nick Vannett,WR,TEN,13.861364735480064,-9.402528800175057,-11.283034560210067
1878,Riley Dixon,WR,DEN,13.861364735480064,-9.402528800175057,-11.283034560210067
1879,C.J. Ham,WR,MIN,13.861364735480064,-9.402528800175057,-11.283034560210067
1880,Tim Patrick,WR,DET,13.861364735480064,-9.402528800175057,-11.283034560210067
1881,Patrick Ricard,WR,BAL,13.861364735480064,-9.402528800175057,-11.283034560210067
1882,Xavier Hutchinson,WR,HOU,13.861364735480064,-9.402528800175057,-11.283034560210067
1883,Scott Matlock,WR,LAC,13.861364735480064,-9.402528800175057,-11.283034560210067
1884,Rakim Jarrett,WR,TB,13.861364735480064,-9.402528800175057,-11.283034560210067
1885,Ben Sims,WR,GB,13.861364735480064,-9.402528800175057,-11.283034560210067
1886,Curtis Samuel,WR,BUF,13.861364735480064,-9.402528800175057,-11.283034560210067
1887,Jake Bobo,WR,SEA,13.861364735480064,-9.402528800175057,-11.283034560210067
1888,Mo Alie-Cox,WR,IND,13.861364735480064,-9.402528800175057,-11.283034560210067
1889,Michael Burton,WR,DEN,13.861364735480064,-9.402528800175057,-11.283034560210067
1890,DeAndre Carter,WR,CHI,13.861364735480064,-9.402528800175057,-11.283034560210067
1891,Eric Tomlinson,WR,LAC,13.861364735480064,-9.402528800175057,-11.283034560210067
1892,Harrison Bryant,WR,LV,13.861364735480064,-9.402528800175057,-11.283034560210067
1893,Theo Johnson,WR,NYG,13.861364735480064,-9.402528800175057,-11.283034560210067
1894,Jaden Hicks,WR,KC,13.861364735480064,-9.402528800175057,-11.283034560210067
1895,Jared Wiley,WR,KC,13.861364735480064,-9.402528800175057,-11.283034560210067
1896,Anthony Gould,WR,IND,13.861364735480064,-9.402528800175057,-11.283034560210067
1897,Erick All,WR,CIN,13.861364735480064,-9.402528800175057,-11.283034560210067
1898,MarShawn Lloyd,WR,GB,13.861364735480064,-9.402528800175057,-11.283034560210067
1899,Ryan Miller,WR,TB,13.861364735480064,-9.402528800175057,-11.283034560210067
1900,Darrynton Evans,WR,CHI,13.861364735480064,-9.402528800175057,-11.283034560210067
1901,Brycen Tremayne,WR,WAS,13.861364735480064,-9.402528800175057,-11.283034560210067
1902,Blake Whiteheart,WR,CLE,13.861364735480064,-9.402528800175057,-11.283034560210067
1903,Pharaoh Brown,WR,SEA,13.861364735480064,-9.402528800175057,-11.283034560210067
1904,John Ross,WR,PHI,13.861364735480064,-9.402528800175057,-11.283034560210067
1905,Parker Washington,WR,JAX,13.861364735480064,-9.402528800175057,-11.283034560210067
1906,Josh Whyle,WR,TEN,13.861364735480064,-9.402528800175057,-11.283034560210067
1907,Mike Williams,WR,PIT,13.861364735480064,-9.402528800175057,-11.283034560210067
1908,Trent Taylor,WR,SF,13.861364735480064,-9.402528800175057,-11.283034560210067
1909,Julian Hill,WR,MIA,13.861364735480064,-9.402528800175057,-11.283034560210067
1910,Johnny Mundt,WR,MIN,13.861364735480064,-9.402528800175057,-11.283034560210067
1911,John Shenker,WR,LV,13.861364735480064,-9.402528800175057,-11.283034560210067
1912,Tyler Higbee,WR,LA,13.861364735480064,-9.402528800175057,-11.283034560210067
1913,Laviska Shenault Jr.,WR,LAC,13.861364735480064,-9.402528800175057,-11.283034560210067
1914,Tyler Scott,WR,CHI,13.861364735480064,-9.402528800175057,-11.283034560210067
1915,Jalin Hyatt,WR,NYG,13.861364735480064,-9.402528800175057,-11.283034560210067
1916,Brenton Strange,WR,JAX,13.861364735480064,-9.402528800175057,-11.283034560210067
1917,Britain Covey,WR,PHI,13.861364735480064,-9.402528800175057,-11.283034560210067
1918,Ryan Flournoy,WR,DAL,13.861364735480064,-9.402528800175057,-11.283034560210067
1919,Kyle Trask,WR,TB,13.861364735480064,-9.402528800175057,-11.283034560210067
1920,Ihmir Smith-Marsette,WR,NYG,13.861364735480064,-9.402528800175057,-11.283034560210067
1921,Jack Stoll,WR,MIA,13.861364735480064,-9.402528800175057,-11.283034560210067
1922,Adam Prentice,WR,NO,13.861364735480064,-9.402528800175057,-11.283034560210067
1923,Tim Jones,WR,JAX,13.861364735480064,-9.402528800175057,-11.283034560210067
1924,Simi Fehoko,WR,LAC,13.861364735480064,-9.402528800175057,-11.283034560210067
1925,Zach Davidson,WR,BUF,13.861364735480064,-9.402528800175057,-11.283034560210067
1926,Trenton Irwin,WR,CAR,13.861364735480064,-9.402528800175057,-11.283034560210067
1927,Tylan Wallace,WR,BAL,13.861364735480064,-9.402528800175057,-11.283034560210067
1928,Austin Trammell,WR,JAX,13.861364735480064,-9.402528800175057,-11.283034560210067
1929,John Bates,WR,WAS,13.861364735480064,-9.402528800175057,-11.283034560210067
1930,Kenny Yeboah,WR,NYJ,13.861364735480064,-9.402528800175057,-11.283034560210067
1931,Dee Eskridge,WR,MIA,13.861364735480064,-9.402528800175057,-11.283034560210067
1932,Lil'Jordan Humphrey,WR,DEN,13.861364735480064,-9.402528800175057,-11.283034560210067
1933,Quintin Morris,WR,BUF,13.861364735480064,-9.402528800175057,-11.283034560210067
1934,Deommodore Lenoir,WR,SF,13.861364735480064,-9.402528800175057,-11.283034560210067
1935,Brevin Jordan,WR,HOU,13.861364735480064,-9.402528800175057,-11.283034560210067
1936,Feleipe Franks,WR,CAR,13.861364735480064,-9.402528800175057,-11.283034560210067
1937,Kene Nwangwu,WR,NYJ,13.861364735480064,-9.402528800175057,-11.283034560210067
1938,Brock Wright,WR,DET,13.861364735480064,-9.402528800175057,-11.283034560210067
1939,Andrew Ogletree,WR,IND,13.861364735480064,-9.402528800175057,-11.283034560210067
1940,Jake Bailey,WR,MIA,13.861364735480064,-9.402528800175057,-11.283034560210067
1941,Chris Blair,WR,ATL,13.861364735480064,-9.402528800175057,-11.283034560210067
1942,Christian Kirk,WR,JAX,13.861364735480064,-9.402528800175057,-11.283034560210067
1943,Vederian Lowe,WR,NE,13.861364735480064,-9.402528800175057,-11.283034560210067
1944,Trent Scott,WR,WAS,13.861364735480064,-9.402528800175057,-11.283034560210067
1945,Kyle Allen,WR,PIT,13.861364735480064,-9.402528800175057,-11.283034560210067
1946,Tanner Hudson,WR,CIN,13.861364735480064,-9.402528800175057,-11.283034560210067
1947,Brandon Powell,WR,MIN,13.861364735480064,-9.402528800175057,-11.283034560210067
1948,Tyler Johnson,WR,LA,13.861364735480064,-9.402528800175057,-11.283034560210067
1949,David Bell,WR,CLE,13.861364735480064,-9.402528800175057,-11.283034560210067
1950,Marcus Jones,WR,NE,13.861364735480064,-9.402528800175057,-11.283034560210067
1951,Kevin Austin Jr.,WR,NO,13.861364735480064,-9.402528800175057,-11.283034560210067
1952,Greg Dulcich,WR,NYG,13.861364735480064,-9.402528800175057,-11.283034560210067
1953,Durham Smythe,WR,MIA,13.861364735480064,-9.402528800175057,-11.283034560210067
1954,Tyler Smith,WR,DAL,13.861364735480064,-9.402528800175057,-11.283034560210067
1955,Hayden Hurst,WR,LAC,13.861364735480064,-9.402528800175057,-11.283034560210067
1956,Chris Olave,WR,NO,13.861364735480064,-9.402528800175057,-11.283034560210067
1957,Sam Hubbard,WR,CIN,13.861364735480064,-9.402528800175057,-11.283034560210067
1958,Ke'Shawn Vaughn,WR,SF,13.861364735480064,-9.402528800175057,-11.283034560210067
1959,Terrace Marshall Jr.,WR,LV,13.861364735480064,-9.402528800175057,-11.283034560210067
1960,Jack Fox,WR,DET,13.861364735480064,-9.402528800175057,-11.283034560210067
1961,KhaDarel Hodge,WR,ATL,13.861364735480064,-9.402528800175057,-11.283034560210067
1962,Dan Skipper,WR,DET,13.861364735480064,-9.402528800175057,-11.283034560210067
1963,Mitchell Trubisky,WR,BUF,13.861364735480064,-9.402528800175057,-11.283034560210067
1964,Evan Engram,WR,JAX,13.861364735480064,-9.402528800175057,-11.283034560210067
1965,Zay Jones,WR,ARI,13.861364735480064,-9.402528800175057,-11.283034560210067
1966,Dane Belton,WR,NYG,13.861364735480064,-9.402528800175057,-11.283034560210067
1967,Tyson Bagent,WR,CHI,13.861364735480064,-9.402528800175057,-11.283034560210067
1968,Jalen Reagor,WR,LAC,13.861364735480064,-9.402528800175057,-11.283034560210067
1969,Gerald Everett,WR,CHI,13.861364735480064,-9.402528800175057,-11.283034560210067
1970,Alex Bachman,WR,LV,13.861364735480064,-9.402528800175057,-11.283034560210067
1971,Daniel Bellinger,WR,NYG,13.861364735480064,-9.402528800175057,-11.283034560210067
1972,Bailey Zappe,WR,CLE,13.861364735480064,-9.402528800175057,-11.283034560210067
1973,Tyquan Thornton,WR,KC,13.861364735480064,-9.402528800175057,-11.283034560210067
1974,Kenny Pickett,WR,PHI,13.861364735480064,-9.402528800175057,-11.283034560210067
1975,Tanner McKee,WR,PHI,13.861364735480064,-9.402528800175057,-11.283034560210067
1976,K.J. Osborn,WR,WAS,13.861364735480064,-9.402528800175057,-11.283034560210067
1977,Erik Ezukanma,WR,MIA,13.861364735480064,-9.402528800175057,-11.283034560210067
1978,Devin Duvernay,WR,JAX,13.861364735480064,-9.402528800175057,-11.283034560210067
1979,Marquise Brown,WR,KC,13.861364735480064,-9.402528800175057,-11.283034560210067
1980,Drew Sample,WR,CIN,13.861364735480064,-9.402528800175057,-11.283034560210067
1981,Will Mallory,WR,IND,13.861364735480064,-9.402528800175057,-11.283034560210067
1982,AJ Cole,WR,LV,13.861364735480064,-9.402528800175057,-11.283034560210067
1983,Parris Campbell,WR,PHI,13.861364735480064,-9.402528800175057,-11.283034560210067
1984,Diontae Johnson,WR,HOU,13.861364735480064,-9.402528800175057,-11.283034560210067
1985,Kadarius Toney,WR,CLE,13.861364735480064,-9.402528800175057,-11.283034560210067
1986,Josh Oliver,WR,MIN,13.861364735480064,-9.402528800175057,-11.283034560210067
1987,Jarrett Stidham,WR,DEN,13.861364735480064,-9.402528800175057,-11.283034560210067
1988,Davis Mills,WR,HOU,13.861364735480064,-9.402528800175057,-11.283034560210067
1989,Myles Gaskin,WR,JAX,13.861364735480064,-9.402528800175057,-11.283034560210067
1990,Marcedes Lewis,WR,CHI,13.861364735480064,-9.402528800175057,-11.283034560210067
1991,Luke Farrell,WR,JAX,13.861364735480064,-9.402528800175057,-11.283034560210067
1992,Penei Sewell,WR,DET,13.861364735480064,-9.402528800175057,-11.283034560210067
1993,Jaelon Darden,WR,SEA,13.861364735480064,-9.402528800175057,-11.283034560210067
1994,Kylen Granson,WR,IND,13.861364735480064,-9.402528800175057,-11.283034560210067
1995,Scott Miller,WR,PIT,13.861364735480064,-9.402528800175057,-11.283034560210067
1996,Ben Skowronek,WR,PIT,13.861364735480064,-9.402528800175057,-11.283034560210067
1997,Tavierre Thomas,WR,TB,13.861364735480064,-9.402528800175057,-11.283034560210067
1998,Mike Woods,WR,CLE,13.861364735480064,-9.402528800175057,-11.283034560210067
1999,Dawson Knox,WR,BUF,13.861364735480064,-9.402528800175057,-11.283034560210067
2000,Joshua Kelley,WR,TEN,13.861364735480064,-9.402528800175057,-11.283034560210067
2001,Jake Browning,WR,CIN,13.861364735480064,-9.402528800175057,-11.283034560210067
2002,DJ Chark,WR,LAC,13.861364735480064,-9.402528800175057,-11.283034560210067
2003,Dareke Young,WR,SEA,13.861364735480064,-9.402528800175057,-11.283034560210067
2004,Stephen Sullivan,WR,CAR,13.861364735480064,-9.402528800175057,-11.283034560210067
2005,Tommy Tremble,WR,CAR,13.861364735480064,-9.402528800175057,-11.283034560210067
2006,Hunter Long,WR,LA,13.861364735480064,-9.402528800175057,-11.283034560210067
2007,Steven Sims,WR,BAL,13.861364735480064,-9.402528800175057,-11.283034560210067
2008,Divine Deablo,WR,LV,13.861364735480064,-9.402528800175057,-11.283034560210067
2009,Andrew Beck,WR,HOU,13.861364735480064,-9.402528800175057,-11.283034560210067
2010,Julian Love,WR,SEA,13.861364735480064,-9.402528800175057,-11.283034560210067
2011,Joseph Fortson,WR,KC,13.861364735480064,-9.402528800175057,-11.283034560210067
2012,Mike Caliendo,WR,KC,13.861364735480064,-9.402528800175057,-11.283034560210067
2013,Grant Calcaterra,WR,PHI,13.861364735480064,-9.402528800175057,-11.283034560210067
2014,Charlie Woerner,WR,ATL,13.861364735480064,-9.402528800175057,-11.283034560210067
2015,Justyn Ross,WR,KC,13.861364735480064,-9.402528800175057,-11.283034560210067
2016,Josh Palmer,RB,LAC,20.487482943523737,-7.54300491510438,-11.31450737265657
2017,David Njoku,TE,CLE,16.48181587779842,-8.098762597375444,-11.338267636325622
2018,T.J. Hockenson,RB,MIN,20.418522010845564,-7.611965847782553,-11.41794877167383
2019,Tutu Atwell,RB,LA,20.418522010845564,-7.611965847782553,-11.41794877167383
2020,Jalen Coker,RB,CAR,20.355399379057243,-7.675088479570874,-11.512632719356311
2021,Jalen Tolbert,TE,DAL,16.163295774971658,-8.417282700202207,-11.78419578028309
2022,Keon Coleman,RB,BUF,20.170219334523612,-7.860268524104505,-11.790402786156758
2023,Noah Brown,RB,WAS,20.049403688448006,-7.981084170180111,-11.971626255270166
2024,Christian Watson,RB,GB,20.042833002579215,-7.987654856048902,-11.981482284073353
2025,Rome Odunze,TE,CHI,15.924124049519794,-8.656454425654072,-12.119036195915701
2026,Jaylen Warren,RB,PIT,19.92186858181801,-8.108619276810106,-12.16292891521516
2027,Mike Gesicki,TE,CIN,15.793454215373355,-8.78712425980051,-12.301973963720714
2028,Ray-Ray McCloud,TE,ATL,15.770278459081098,-8.810300016092768,-12.334420022529875
2029,DeAndre Hopkins,TE,KC,15.769834182167456,-8.81074429300641,-12.335042010208973
2030,Demario Douglas,TE,NE,15.706453541352847,-8.874124933821019,-12.423774907349426
2031,Hunter Henry,TE,NE,15.688099749824971,-8.892478725348894,-12.449470215488452
2032,Chris Godwin,TE,TB,15.643831269577465,-8.9367472055964,-12.51144608783496
2033,Alvin Kamara,TE,NO,15.491426970743918,-9.089151504429948,-12.724812106201925
2034,Dontayvion Wicks,RB,GB,19.535107400198193,-8.495380458429924,-12.743070687644886
2035,Evan Engram,RB,JAX,19.516654004253525,-8.513833854374592,-12.770750781561889
2036,Alexander Mattison,RB,LV,19.511022228244403,-8.519465630383714,-12.77919844557557
2037,Justice Hill,RB,BAL,19.48815886326574,-8.542328995362379,-12.813493493043568
2038,Jaylen Waddle,TE,MIA,15.42676496268749,-9.153813512486376,-12.815338917480926
2039,Deebo Samuel Sr.,TE,SF,15.392211374890081,-9.188367100283784,-12.863713940397297
2040,Tank Dell,TE,HOU,15.392211374890081,-9.188367100283784,-12.863713940397297
2041,Kyler Murray,RB,ARI,19.408915998246968,-8.621571860381149,-12.932357790571723
2042,Brenton Strange,RB,JAX,19.38424631254137,-8.646241546086745,-12.969362319130118
2043,Jordan Akins,RB,CLE,19.38424631254137,-8.646241546086745,-12.969362319130118
2044,Allen Lazard,TE,NYJ,15.25699698725957,-9.323581487914296,-13.053014083080015
2045,Anthony Richardson,RB,IND,19.30231280574528,-8.728175052882836,-13.092262579324254
2046,Travis Etienne,RB,JAX,19.152500550423404,-8.877987308204712,-13.316980962307069
2047,Parker Washington,RB,JAX,19.11904054086818,-8.911447317759936,-13.367170976639905
2048,David Moore,RB,CAR,19.11904054086818,-8.911447317759936,-13.367170976639905
2049,Greg Dortch,RB,ARI,19.10683451699399,-8.923653341634125,-13.385480012451188
2050,Diontae Johnson,RB,HOU,19.092792981957093,-8.937694876671024,-13.406542315006536
2051,Tyler Boyd,RB,TEN,19.086803456861574,-8.943684401766543,-13.415526602649814
2052,Adam Thielen,TE,CAR,14.966080268202118,-9.614498206971748,-13.460297489760446
2053,Kyle Pitts,TE,ATL,14.956660673944834,-9.623917801229032,-13.473484921720644
2054,Romeo Doubs,TE,GB,14.956660673944834,-9.623917801229032,-13.473484921720644
2055,Michael Wilson,TE,ARI,14.956660673944834,-9.623917801229032,-13.473484921720644
2056,Tim Patrick,RB,DET,19.03238488420836,-8.998102974419758,-13.497154461629638
2057,Foster Moreau,RB,NO,19.01037248846264,-9.020115370165477,-13.530173055248216
2058,Elijah Moore,TE,CLE,14.907818011263743,-9.672760463910123,-13.54186464947417
2059,Juwan Johnson,TE,NO,14.853564938244794,-9.727013536929071,-13.617818951700698
2060,Cedric Tillman,RB,CLE,18.95048033712123,-9.080007521506886,-13.620011282260329
2061,Jake Ferguson,TE,DAL,14.847424781329543,-9.733153693844322,-13.62641517138205
2062,Mack Hollins,RB,BUF,18.928467941375512,-9.102019917252605,-13.653029875878907
2063,Ricky Pearsall,RB,SF,18.876030704335598,-9.154457154292519,-13.731685731438779
2064,Troy Franklin,RB,DEN,18.858773810271053,-9.171714048357064,-13.757571072535596
2065,KaVontae Turpin,RB,DAL,18.858773810271053,-9.171714048357064,-13.757571072535596
2066,Xavier Legette,TE,CAR,14.734432172667953,-9.846146302505913,-13.784604823508277
2067,Amari Cooper,TE,BUF,14.726130286369033,-9.854448188804833,-13.796227464326765
2068,Austin Ekeler,RB,WAS,18.824467683911614,-9.206020174716503,-13.809030262074755
2069,Demarcus Robinson,TE,LA,14.53934013520492,-10.041238339968945,-14.057733675956522
2070,Sterling Shepard,RB,TB,18.622476642874755,-9.408011215753362,-14.112016823630043
2071,Rashee Rice,RB,KC,18.61632119724735,-9.414166661380769,-14.121249992071153
2072,Van Jefferson,RB,PIT,18.61632119724735,-9.414166661380769,-14.121249992071153
2073,Jerome Ford,RB,CLE,18.601518079776763,-9.428969778851354,-14.14345466827703
2074,Chris Olave,RB,NO,18.535820986214933,-9.494666872413184,-14.242000308619776
2075,Ja'Tavion Sanders,RB,CAR,18.535820986214933,-9.494666872413184,-14.242000308619776
2076,Jaleel McLaughlin,RB,DEN,18.52466782119942,-9.505820037428698,-14.258730056143047
2077,Andrei Iosivas,TE,CIN,14.38405597813112,-10.196522497042746,-14.275131495859844
2078,Tyler Conklin,TE,NYJ,14.356022231656834,-10.224556243517032,-14.314378740923845
2079,Bijan Robinson,TE,ATL,14.355315513677244,-10.225262961496622,-14.315368146095269
2080,Colby Parkinson,RB,LA,18.453916439127806,-9.576571419500311,-14.364857129250467
2081,Tyler Lockett,TE,SEA,14.296021234170906,-10.28455724100296,-14.398380137404143
2082,Calvin Austin III,TE,PIT,14.280894917216337,-10.299683557957529,-14.41955698114054
2083,Keon Coleman,TE,BUF,14.280894917216337,-10.299683557957529,-14.41955698114054
2084,Samaje Perine,RB,KC,18.396905075212388,-9.63358278341573,-14.450374175123594
2085,Dyami Brown,RB,WAS,18.396905075212388,-9.63358278341573,-14.450374175123594
2086,Kendrick Bourne,RB,NE,18.396905075212388,-9.63358278341573,-14.450374175123594
2087,Theo Johnson,RB,NYG,18.379466806342172,-9.651021052285945,-14.476531578428917
2088,Christian Kirk,RB,JAX,18.379466806342172,-9.651021052285945,-14.476531578428917
2089,Lil'Jordan Humphrey,RB,DEN,18.379466806342172,-9.651021052285945,-14.476531578428917
2090,Dalton Schultz,TE,HOU,14.207707042169764,-10.372871433004102,-14.522020006205741
2091,Kayshon Boutte,TE,NE,14.187560105039386,-10.39301837013448,-14.550225718188269
2092,Rashid Shaheed,RB,NO,18.308978799317465,-9.721509059310652,-14.582263588965978
2093,Ty Johnson,RB,BUF,18.308978799317465,-9.721509059310652,-14.582263588965978
2094,Marquez Valdes-Scantling,RB,NO,18.284058933367902,-9.746428925260215,-14.619643387890322
2095,Bryce Young,RB,CAR,18.281326372668286,-9.749161485959831,-14.623742228939747
2096,Taysom Hill,RB,NO,18.281326372668286,-9.749161485959831,-14.623742228939747
2097,Roschon Johnson,RB,CHI,18.281326372668286,-9.749161485959831,-14.623742228939747
2098,Ameer Abdullah,RB,LV,18.26697936622634,-9.763508492401776,-14.645262738602664
2099,Tyler Johnson,RB,LA,18.26120537223713,-9.769282486390988,-14.653923729586483
2100,Tre Tucker,TE,LV,14.110767503571527,-10.469810971602339,-14.657735360243274
2101,Brandon Aiyuk,RB,SF,18.243767103366913,-9.786720755261204,-14.680081132891805
2102,Jahmyr Gibbs,TE,DET,14.081293384528518,-10.499285090645348,-14.698999126903486
2103,Isaiah Likely,TE,BAL,14.079912635769361,-10.500665839404505,-14.700932175166306
2104,Marvin Mims Jr.,TE,DEN,14.079912635769361,-10.500665839404505,-14.700932175166306
2105,Brock Purdy,RB,SF,18.229525462973687,-9.80096239565443,-14.701443593481645
2106,Grant Calcaterra,RB,PHI,18.22366984997829,-9.806818008649827,-14.710227012974741
2107,Ray Davis,RB,BUF,18.217325423269536,-9.813162435358581,-14.719743653037872
2108,Cam Akers,RB,MIN,18.217325423269536,-9.813162435358581,-14.719743653037872
2109,Justin Watson,RB,KC,18.2050662485931,-9.825421610035018,-14.738132415052528
2110,Breece Hall,TE,NYJ,14.045519549603842,-10.535058925570024,-14.749082495798032
2111,Justin Fields,RB,PIT,18.162681215273388,-9.86780664335473,-14.801709965032094
2112,Cole Kmet,TE,CHI,13.840782612015781,-10.739795863158085,-15.035714208421318
2113,Jalen McMillan,TE,TB,13.738089405126283,-10.842489070047582,-15.179484698066615
2114,Tyler Allgeier,RB,ATL,17.87811199488587,-10.152375863742247,-15.22856379561337
2115,Chig Okonkwo,TE,TEN,13.660843463938576,-10.91973501123529,-15.287629015729404
2116,Jordan Whittington,RB,LA,17.81241490132404,-10.218072957304077,-15.327109435956116
2117,Dawson Knox,RB,BUF,17.81241490132404,-10.218072957304077,-15.327109435956116
2118,Mike Williams,RB,PIT,17.81241490132404,-10.218072957304077,-15.327109435956116
2119,Adonai Mitchell,RB,IND,17.794976632453825,-10.235511226174292,-15.353266839261439
2120,Darius Slayton,TE,NYG,13.562859037761914,-11.017719437411952,-15.42480721237673
2121,Devin Singletary,RB,NYG,17.731116615802865,-10.299371242825252,-15.449056864237878
2122,Emanuel Wilson,RB,GB,17.731116615802865,-10.299371242825252,-15.449056864237878
2123,AJ Barner,RB,SEA,17.705449686714715,-10.325038171913402,-15.487557257870103
2124,Will Dissly,TE,LAC,13.514469546121711,-11.066108929052154,-15.492552500673014
2125,Chase Brown,TE,CIN,13.459238768436991,-11.121339706736874,-15.569875589431623
2126,Tutu Atwell,TE,LA,13.453695836935806,-11.12688263823806,-15.577635693533283
2127,Josh Palmer,TE,LAC,13.453695836935806,-11.12688263823806,-15.577635693533283
2128,Stefon Diggs,TE,HOU,13.42168102838613,-11.158897446787735,-15.622456425502829
2129,Olamide Zaccheaus,TE,WAS,13.42168102838613,-11.158897446787735,-15.622456425502829
2130,Bo Nix,RB,DEN,17.60707845394176,-10.423409404686357,-15.635114107029535
2131,Isaac Guerendo,RB,SF,17.60707845394176,-10.423409404686357,-15.635114107029535
2132,Brandin Cooks,RB,DAL,17.58344588506701,-10.447041973561106,-15.670562960341659
2133,Austin Hooper,TE,NE,13.357926942164445,-11.22265153300942,-15.711712146213188
2134,Caleb Williams,RB,CHI,17.553597993528548,-10.476889865099569,-15.715334797649353
2135,Antonio Gibson,RB,NE,17.553597993528548,-10.476889865099569,-15.715334797649353
2136,Rachaad White,TE,TB,13.322873914665617,-11.257704560508248,-15.760786384711546
2137,Noah Gray,TE,KC,13.31240904963729,-11.268169425536575,-15.775437195751204
2138,Tyjae Spears,RB,TEN,17.460730255775253,-10.569757602852864,-15.854636404279296
2139,Christian Watson,TE,GB,13.251352538644662,-11.329225936529204,-15.860916311140883
2140,Devaughn Vele,TE,DEN,13.250043924243814,-11.330534550930052,-15.862748371302072
2141,Drake Maye,RB,NE,17.429559831667444,-10.600928026960673,-15.90139204044101
2142,Dontayvion Wicks,TE,GB,13.146926761794923,-11.433651713378943,-16.00711239873052
2143,Josh Whyle,RB,TEN,17.216367385800638,-10.81412047282748,-16.221180709241217
2144,Luke Schoonmaker,RB,DAL,17.216367385800638,-10.81412047282748,-16.221180709241217
2145,Curtis Samuel,RB,BUF,17.198929116930422,-10.831558741697695,-16.247338112546544
2146,Jalen Nailor,TE,MIN,12.900394370248085,-11.68018410492578,-16.352257746896093
2147,Nick Vannett,RB,TEN,17.128441109905715,-10.902046748722402,-16.353070123083604
2148,Josh Oliver,RB,MIN,17.128441109905715,-10.902046748722402,-16.353070123083604
2149,Nate Adkins,RB,DEN,17.128441109905715,-10.902046748722402,-16.353070123083604
2150,Malik Washington,RB,MIA,17.08066768282538,-10.949820175802738,-16.424730263704106
2151,Noah Fant,TE,SEA,12.836718544746365,-11.7438599304275,-16.441403902598502
2152,John Metchie III,RB,HOU,17.04313216056654,-10.987355698061577,-16.481033547092366
2153,Miles Sanders,RB,CAR,17.04313216056654,-10.987355698061577,-16.481033547092366
2154,Kalif Raymond,RB,DET,17.02452855918135,-11.005959299446769,-16.50893894917015
2155,Tommy Tremble,RB,CAR,17.02452855918135,-11.005959299446769,-16.50893894917015
2156,Brock Wright,RB,DET,17.02452855918135,-11.005959299446769,-16.50893894917015
2157,Jamison Crowder,RB,WAS,17.02452855918135,-11.005959299446769,-16.50893894917015
2158,Nelson Agholor,RB,BAL,17.02452855918135,-11.005959299446769,-16.50893894917015
2159,Ryan Miller,RB,TB,17.02452855918135,-11.005959299446769,-16.50893894917015
2160,Derius Davis,RB,LAC,17.02452855918135,-11.005959299446769,-16.50893894917015
2161,Kyle Juszczyk,RB,SF,17.02452855918135,-11.005959299446769,-16.50893894917015
2162,Adam Trautman,RB,DEN,17.02452855918135,-11.005959299446769,-16.50893894917015
2163,Johnny Mundt,RB,MIN,17.02452855918135,-11.005959299446769,-16.50893894917015
2164,Elijah Higgins,RB,ARI,17.02452855918135,-11.005959299446769,-16.50893894917015
2165,Tyler Higbee,RB,LA,17.02452855918135,-11.005959299446769,-16.50893894917015
2166,JuJu Smith-Schuster,RB,KC,17.02452855918135,-11.005959299446769,-16.50893894917015
2167,Malik Heath,RB,GB,17.02452855918135,-11.005959299446769,-16.50893894917015
2168,Ja'Lynn Polk,RB,NE,17.02452855918135,-11.005959299446769,-16.50893894917015
2169,Payne Durham,RB,TB,17.02452855918135,-11.005959299446769,-16.50893894917015
2170,Gabe Davis,RB,JAX,17.007090290311133,-11.023397568316984,-16.535096352475477
2171,Javonte Williams,TE,DEN,12.690015155319578,-11.890563319854287,-16.646788647796
2172,Dallas Goedert,TE,PHI,12.665081440604048,-11.915497034569817,-16.681695848397744
2173,Gus Edwards,RB,LAC,16.903085640738755,-11.127402217889362,-16.691103326834043
2174,Dalton Kincaid,TE,BUF,12.65312124631812,-11.927457228855745,-16.698440120398043
2175,Aaron Jones,TE,MIN,12.629406074698695,-11.951172400475171,-16.73164136066524
2176,Jeremy McNichols,RB,WAS,16.809395834186606,-11.22109202444151,-16.831638036662266
2177,T.J. Hockenson,TE,MIN,12.554851065551556,-12.02572740962231,-16.83601837347123
2178,Jalen Coker,TE,CAR,12.486006256485046,-12.09457221868882,-16.932401106164345
2179,Foster Moreau,TE,NO,12.47094649115818,-12.109631984015685,-16.95348477762196
2180,Mack Hollins,TE,BUF,12.47094649115818,-12.109631984015685,-16.95348477762196
2181,Baker Mayfield,RB,TB,16.72556701846444,-11.304920840163678,-16.95738126024552
2182,Isiah Pacheco,RB,KC,16.69872145961259,-11.331766399015528,-16.997649598523292
2183,Audric Estimé,RB,DEN,16.69872145961259,-11.331766399015528,-16.997649598523292
2184,Nick Chubb,RB,CLE,16.69872145961259,-11.331766399015528,-16.997649598523292
2185,Braelon Allen,RB,NYJ,16.69872145961259,-11.331766399015528,-16.997649598523292
2186,James Conner,TE,ARI,12.413531297876613,-12.167047177297253,-17.03386604821615
2187,Marquez Valdes-Scantling,TE,NO,12.413224691826755,-12.16735378334711,-17.034295296685954
2188,Kenny McIntosh,RB,SEA,16.63187721191229,-11.398610646715827,-17.097915970073743
2189,Jonathan Ward,RB,PIT,16.63187721191229,-11.398610646715827,-17.097915970073743
2190,Blake Corum,RB,LA,16.63187721191229,-11.398610646715827,-17.097915970073743
2191,Deuce Vaughn,RB,DAL,16.63187721191229,-11.398610646715827,-17.097915970073743
2192,Rakim Jarrett,RB,TB,16.63187721191229,-11.398610646715827,-17.097915970073743
2193,Trey Benson,RB,ARI,16.63187721191229,-11.398610646715827,-17.097915970073743
2194,Clyde Edwards-Helaire,RB,NO,16.63187721191229,-11.398610646715827,-17.097915970073743
2195,Joshua Kelley,RB,TEN,16.63187721191229,-11.398610646715827,-17.097915970073743
2196,Jalen Reagor,RB,LAC,16.63187721191229,-11.398610646715827,-17.097915970073743
2197,DeeJay Dallas,RB,ARI,16.63187721191229,-11.398610646715827,-17.097915970073743
2198,Charlie Woerner,RB,ATL,16.63187721191229,-11.398610646715827,-17.097915970073743
2199,Stephen Sullivan,RB,CAR,16.63187721191229,-11.398610646715827,-17.097915970073743
2200,Joe Burrow,RB,CIN,16.63187721191229,-11.398610646715827,-17.097915970073743
2201,Ke'Shawn Vaughn,RB,SF,16.63187721191229,-11.398610646715827,-17.097915970073743
2202,Chris Blair,RB,ATL,16.63187721191229,-11.398610646715827,-17.097915970073743
2203,Tim Jones,RB,JAX,16.63187721191229,-11.398610646715827,-17.097915970073743
2204,Kenny Yeboah,RB,NYJ,16.63187721191229,-11.398610646715827,-17.097915970073743
2205,DJ Turner,RB,LV,16.63187721191229,-11.398610646715827,-17.097915970073743
2206,Shane Zylstra,RB,DET,16.63187721191229,-11.398610646715827,-17.097915970073743
2207,Brevin Jordan,RB,HOU,16.63187721191229,-11.398610646715827,-17.097915970073743
2208,Deommodore Lenoir,RB,SF,16.63187721191229,-11.398610646715827,-17.097915970073743
2209,Quintin Morris,RB,BUF,16.63187721191229,-11.398610646715827,-17.097915970073743
2210,Cam Grandy,RB,CIN,16.63187721191229,-11.398610646715827,-17.097915970073743
2211,Hendon Hooker,RB,DET,16.63187721191229,-11.398610646715827,-17.097915970073743
2212,Vederian Lowe,RB,NE,16.63187721191229,-11.398610646715827,-17.097915970073743
2213,Kendre Miller,RB,NO,16.63187721191229,-11.398610646715827,-17.097915970073743
2214,Peyton Hendershot,RB,KC,16.63187721191229,-11.398610646715827,-17.097915970073743
2215,Brycen Tremayne,RB,WAS,16.63187721191229,-11.398610646715827,-17.097915970073743
2216,Kameron Johnson,RB,TB,16.63187721191229,-11.398610646715827,-17.097915970073743
2217,Will Shipley,RB,PHI,16.63187721191229,-11.398610646715827,-17.097915970073743
2218,Mason Tipton,RB,NO,16.63187721191229,-11.398610646715827,-17.097915970073743
2219,David Martin-Robinson,RB,TEN,16.63187721191229,-11.398610646715827,-17.097915970073743
2220,Xavier Hutchinson,RB,HOU,16.63187721191229,-11.398610646715827,-17.097915970073743
2221,Scott Matlock,RB,LAC,16.63187721191229,-11.398610646715827,-17.097915970073743
2222,Baylor Cupp,RB,KC,16.63187721191229,-11.398610646715827,-17.097915970073743
2223,Bryce Oliver,RB,TEN,16.63187721191229,-11.398610646715827,-17.097915970073743
2224,Dorian Thompson-Robinson,RB,CLE,16.63187721191229,-11.398610646715827,-17.097915970073743
2225,Dell Pettus,RB,NE,16.63187721191229,-11.398610646715827,-17.097915970073743
2226,Cody Schrader,RB,LA,16.63187721191229,-11.398610646715827,-17.097915970073743
2227,Clayton Tune,RB,ARI,16.63187721191229,-11.398610646715827,-17.097915970073743
2228,Aidan O'Connell,RB,LV,16.63187721191229,-11.398610646715827,-17.097915970073743
2229,Charlie Jones,RB,CIN,16.63187721191229,-11.398610646715827,-17.097915970073743
2230,JC Latham,RB,TEN,16.63187721191229,-11.398610646715827,-17.097915970073743
2231,Darnell Washington,RB,PIT,16.63187721191229,-11.398610646715827,-17.097915970073743
2232,Tip Reiman,RB,ARI,16.63187721191229,-11.398610646715827,-17.097915970073743
2233,Dee Eskridge,RB,MIA,16.63187721191229,-11.398610646715827,-17.097915970073743
2234,John Bates,RB,WAS,16.63187721191229,-11.398610646715827,-17.097915970073743
2235,Tylan Wallace,RB,BAL,16.63187721191229,-11.398610646715827,-17.097915970073743
2236,Ihmir Smith-Marsette,RB,NYG,16.63187721191229,-11.398610646715827,-17.097915970073743
2237,Reggie Gilliam,RB,BUF,16.63187721191229,-11.398610646715827,-17.097915970073743
2238,Tua Tagovailoa,RB,MIA,16.63187721191229,-11.398610646715827,-17.097915970073743
2239,Harrison Bryant,RB,LV,16.63187721191229,-11.398610646715827,-17.097915970073743
2240,Zack Moss,RB,CIN,16.63187721191229,-11.398610646715827,-17.097915970073743
2241,Collin Johnson,RB,CHI,16.63187721191229,-11.398610646715827,-17.097915970073743
2242,Jordan Love,RB,GB,16.63187721191229,-11.398610646715827,-17.097915970073743
2243,Laviska Shenault Jr.,RB,LAC,16.63187721191229,-11.398610646715827,-17.097915970073743
2244,Darrynton Evans,RB,CHI,16.63187721191229,-11.398610646715827,-17.097915970073743
2245,Ashtyn Davis,RB,NYJ,16.63187721191229,-11.398610646715827,-17.097915970073743
2246,Isaiah Hodgins,RB,NYG,16.63187721191229,-11.398610646715827,-17.097915970073743
2247,Drew Lock,RB,NYG,16.63187721191229,-11.398610646715827,-17.097915970073743
2248,Feleipe Franks,RB,CAR,16.63187721191229,-11.398610646715827,-17.097915970073743
2249,Kene Nwangwu,RB,NYJ,16.63187721191229,-11.398610646715827,-17.097915970073743
2250,Kevin Austin Jr.,RB,NO,16.63187721191229,-11.398610646715827,-17.097915970073743
2251,Tyler Smith,RB,DAL,16.63187721191229,-11.398610646715827,-17.097915970073743
2252,Greg Dulcich,RB,NYG,16.63187721191229,-11.398610646715827,-17.097915970073743
2253,Marcus Jones,RB,NE,16.63187721191229,-11.398610646715827,-17.097915970073743
2254,David Bell,RB,CLE,16.63187721191229,-11.398610646715827,-17.097915970073743
2255,Dameon Pierce,RB,HOU,16.63187721191229,-11.398610646715827,-17.097915970073743
2256,Kristian Wilkerson,RB,LV,16.63187721191229,-11.398610646715827,-17.097915970073743
2257,Mason Kinsey,RB,TEN,16.63187721191229,-11.398610646715827,-17.097915970073743
2258,James Proche,RB,CLE,16.63187721191229,-11.398610646715827,-17.097915970073743
2259,Daniel Jones,RB,MIN,16.63187721191229,-11.398610646715827,-17.097915970073743
2260,Zach Davidson,RB,BUF,16.63187721191229,-11.398610646715827,-17.097915970073743
2261,Simi Fehoko,RB,LAC,16.63187721191229,-11.398610646715827,-17.097915970073743
2262,Jermar Jefferson,RB,DET,16.63187721191229,-11.398610646715827,-17.097915970073743
2263,Adam Prentice,RB,NO,16.63187721191229,-11.398610646715827,-17.097915970073743
2264,Justin Herbert,RB,LAC,16.63187721191229,-11.398610646715827,-17.097915970073743
2265,K.J. Osborn,RB,WAS,16.63187721191229,-11.398610646715827,-17.097915970073743
2266,Josiah Deguara,RB,JAX,16.63187721191229,-11.398610646715827,-17.097915970073743
2267,Devin Duvernay,RB,JAX,16.63187721191229,-11.398610646715827,-17.097915970073743
2268,James Pierre,RB,PIT,16.63187721191229,-11.398610646715827,-17.097915970073743
2269,Jack Stoll,RB,MIA,16.63187721191229,-11.398610646715827,-17.097915970073743
2270,JaMycal Hasty,RB,NE,16.63187721191229,-11.398610646715827,-17.097915970073743
2271,Tony Jones,RB,ARI,16.63187721191229,-11.398610646715827,-17.097915970073743
2272,Cody White,RB,SEA,16.63187721191229,-11.398610646715827,-17.097915970073743
2273,Ben Sims,RB,GB,16.63187721191229,-11.398610646715827,-17.097915970073743
2274,Patrick Taylor,RB,SF,16.63187721191229,-11.398610646715827,-17.097915970073743
2275,Dan Chisena,RB,CAR,16.63187721191229,-11.398610646715827,-17.097915970073743
2276,Tyler Huntley,RB,MIA,16.63187721191229,-11.398610646715827,-17.097915970073743
2277,Sam Franklin Jr.,RB,CAR,16.63187721191229,-11.398610646715827,-17.097915970073743
2278,Jamari Thrash,RB,CLE,16.63187721191229,-11.398610646715827,-17.097915970073743
2279,Michael Mayer,RB,LV,16.63187721191229,-11.398610646715827,-17.097915970073743
2280,Davis Allen,RB,LA,16.63187721191229,-11.398610646715827,-17.097915970073743
2281,Charlie Kolar,RB,BAL,16.63187721191229,-11.398610646715827,-17.097915970073743
2282,Grant DuBose,RB,MIA,16.63187721191229,-11.398610646715827,-17.097915970073743
2283,Tanner McKee,RB,PHI,16.63187721191229,-11.398610646715827,-17.097915970073743
2284,Eric Gray,RB,NYG,16.63187721191229,-11.398610646715827,-17.097915970073743
2285,Desmond Ridder,RB,LV,16.63187721191229,-11.398610646715827,-17.097915970073743
2286,Ainias Smith,RB,PHI,16.63187721191229,-11.398610646715827,-17.097915970073743
2287,Dane Belton,RB,NYG,16.63187721191229,-11.398610646715827,-17.097915970073743
2288,Erick All,RB,CIN,16.63187721191229,-11.398610646715827,-17.097915970073743
2289,Daniel Bellinger,RB,NYG,16.63187721191229,-11.398610646715827,-17.097915970073743
2290,Bailey Zappe,RB,CLE,16.63187721191229,-11.398610646715827,-17.097915970073743
2291,Tyquan Thornton,RB,KC,16.63187721191229,-11.398610646715827,-17.097915970073743
2292,Kenny Pickett,RB,PHI,16.63187721191229,-11.398610646715827,-17.097915970073743
2293,Malik Willis,RB,GB,16.63187721191229,-11.398610646715827,-17.097915970073743
2294,Jermaine Burton,RB,CIN,16.63187721191229,-11.398610646715827,-17.097915970073743
2295,Isaiah Davis,RB,NYJ,16.63187721191229,-11.398610646715827,-17.097915970073743
2296,Rasheen Ali,RB,BAL,16.63187721191229,-11.398610646715827,-17.097915970073743
2297,Xavier Smith,RB,LA,16.63187721191229,-11.398610646715827,-17.097915970073743
2298,Will Mallory,RB,IND,16.63187721191229,-11.398610646715827,-17.097915970073743
2299,Erik Ezukanma,RB,MIA,16.63187721191229,-11.398610646715827,-17.097915970073743
2300,Skyy Moore,RB,KC,16.63187721191229,-11.398610646715827,-17.097915970073743
2301,Julius Chestnut,RB,TEN,16.63187721191229,-11.398610646715827,-17.097915970073743
2302,Malachi Corley,RB,NYJ,16.63187721191229,-11.398610646715827,-17.097915970073743
2303,Aaron Shampklin,RB,PIT,16.63187721191229,-11.398610646715827,-17.097915970073743
2304,Devin Culp,RB,TB,16.63187721191229,-11.398610646715827,-17.097915970073743
2305,Tucker Fisk,RB,LAC,16.63187721191229,-11.398610646715827,-17.097915970073743
2306,Jeremy Ruckert,RB,NYJ,16.63187721191229,-11.398610646715827,-17.097915970073743
2307,Velus Jones Jr.,RB,CAR,16.63187721191229,-11.398610646715827,-17.097915970073743
2308,Tyson Bagent,RB,CHI,16.63187721191229,-11.398610646715827,-17.097915970073743
2309,Ben Sinnott,RB,WAS,16.63187721191229,-11.398610646715827,-17.097915970073743
2310,Keaton Mitchell,RB,BAL,16.63187721191229,-11.398610646715827,-17.097915970073743
2311,Terrell Jennings,RB,NE,16.63187721191229,-11.398610646715827,-17.097915970073743
2312,Treylon Burks,RB,TEN,16.63187721191229,-11.398610646715827,-17.097915970073743
2313,Jahan Dotson,RB,PHI,16.63187721191229,-11.398610646715827,-17.097915970073743
2314,E.J. Jenkins,RB,PHI,16.63187721191229,-11.398610646715827,-17.097915970073743
2315,Michael Penix Jr.,RB,ATL,16.63187721191229,-11.398610646715827,-17.097915970073743
2316,MarShawn Lloyd,RB,GB,16.63187721191229,-11.398610646715827,-17.097915970073743
2317,Tyrion Davis-Price,RB,PHI,16.63187721191229,-11.398610646715827,-17.097915970073743
2318,Tommy DeVito,RB,NYG,16.63187721191229,-11.398610646715827,-17.097915970073743
2319,Hassan Haskins,RB,LAC,16.63187721191229,-11.398610646715827,-17.097915970073743
2320,Bryce Ford-Wheaton,RB,NYG,16.63187721191229,-11.398610646715827,-17.097915970073743
2321,Ben VanSumeren,RB,PHI,16.63187721191229,-11.398610646715827,-17.097915970073743
2322,Xavier Gipson,RB,NYJ,16.63187721191229,-11.398610646715827,-17.097915970073743
2323,Anthony Gould,RB,IND,16.63187721191229,-11.398610646715827,-17.097915970073743
2324,Jared Wiley,RB,KC,16.63187721191229,-11.398610646715827,-17.097915970073743
2325,Spencer Rattler,RB,NO,16.63187721191229,-11.398610646715827,-17.097915970073743
2326,Jaden Hicks,RB,KC,16.63187721191229,-11.398610646715827,-17.097915970073743
2327,Brevyn Spann-Ford,RB,DAL,16.63187721191229,-11.398610646715827,-17.097915970073743
2328,Ramel Keyton,RB,LV,16.63187721191229,-11.398610646715827,-17.097915970073743
2329,John Shenker,RB,LV,16.63187721191229,-11.398610646715827,-17.097915970073743
2330,Jake Haener,RB,NO,16.63187721191229,-11.398610646715827,-17.097915970073743
2331,Trey Palmer,RB,TB,16.63187721191229,-11.398610646715827,-17.097915970073743
2332,Blake Watson,RB,DEN,16.63187721191229,-11.398610646715827,-17.097915970073743
2333,Bub Means,RB,NO,16.63187721191229,-11.398610646715827,-17.097915970073743
2334,George Holani,RB,SEA,16.63187721191229,-11.398610646715827,-17.097915970073743
2335,Chris Collier,RB,LV,16.63187721191229,-11.398610646715827,-17.097915970073743
2336,Johnny Wilson,RB,PHI,16.63187721191229,-11.398610646715827,-17.097915970073743
2337,Carson Steele,RB,KC,16.63187721191229,-11.398610646715827,-17.097915970073743
2338,Jonathon Brooks,RB,CAR,16.63187721191229,-11.398610646715827,-17.097915970073743
2339,Luke McCaffrey,RB,WAS,16.63187721191229,-11.398610646715827,-17.097915970073743
2340,C.J. Stroud,RB,HOU,16.63187721191229,-11.398610646715827,-17.097915970073743
2341,Will Levis,RB,TEN,16.63187721191229,-11.398610646715827,-17.097915970073743
2342,Luke Musgrave,RB,GB,16.63187721191229,-11.398610646715827,-17.097915970073743
2343,Cade Stover,RB,HOU,16.63187721191229,-11.398610646715827,-17.097915970073743
2344,Sione Vaki,RB,DET,16.63187721191229,-11.398610646715827,-17.097915970073743
2345,Jacob Cowing,RB,SF,16.63187721191229,-11.398610646715827,-17.097915970073743
2346,Xavier Weaver,RB,ARI,16.63187721191229,-11.398610646715827,-17.097915970073743
2347,Jalin Hyatt,RB,NYG,16.63187721191229,-11.398610646715827,-17.097915970073743
2348,Tyler Scott,RB,CHI,16.63187721191229,-11.398610646715827,-17.097915970073743
2349,Jha'Quan Jackson,RB,TEN,16.63187721191229,-11.398610646715827,-17.097915970073743
2350,Devontez Walker,RB,BAL,16.63187721191229,-11.398610646715827,-17.097915970073743
2351,Zamir White,RB,LV,16.63187721191229,-11.398610646715827,-17.097915970073743
2352,Javon Baker,RB,NE,16.63187721191229,-11.398610646715827,-17.097915970073743
2353,Jaylen Wright,RB,MIA,16.63187721191229,-11.398610646715827,-17.097915970073743
2354,Pierre Strong,RB,CLE,16.63187721191229,-11.398610646715827,-17.097915970073743
2355,Chris Rodriguez Jr.,RB,WAS,16.63187721191229,-11.398610646715827,-17.097915970073743
2356,Nikko Remigio,RB,KC,16.63187721191229,-11.398610646715827,-17.097915970073743
2357,Kimani Vidal,RB,LAC,16.63187721191229,-11.398610646715827,-17.097915970073743
2358,Jase McClellan,RB,ATL,16.63187721191229,-11.398610646715827,-17.097915970073743
2359,Sean Tucker,RB,TB,16.63187721191229,-11.398610646715827,-17.097915970073743
2360,Casey Washington,RB,ATL,16.63187721191229,-11.398610646715827,-17.097915970073743
2361,Joe Milton III,RB,NE,16.63187721191229,-11.398610646715827,-17.097915970073743
2362,Dylan Laube,RB,LV,16.63187721191229,-11.398610646715827,-17.097915970073743
2363,Ryan Flournoy,RB,DAL,16.63187721191229,-11.398610646715827,-17.097915970073743
2364,Jaheim Bell,RB,NE,16.63187721191229,-11.398610646715827,-17.097915970073743
2365,Wanya Morris,RB,KC,16.63187721191229,-11.398610646715827,-17.097915970073743
2366,Isaiah Williams,RB,CIN,16.63187721191229,-11.398610646715827,-17.097915970073743
2367,Brenden Bates,RB,CLE,16.63187721191229,-11.398610646715827,-17.097915970073743
2368,Ty Chandler,RB,MIN,16.63187721191229,-11.398610646715827,-17.097915970073743
2369,J.J. Taylor,RB,HOU,16.63187721191229,-11.398610646715827,-17.097915970073743
2370,Andrew Ogletree,RB,IND,16.63187721191229,-11.398610646715827,-17.097915970073743
2371,Ashton Dulin,RB,IND,16.63187721191229,-11.398610646715827,-17.097915970073743
2372,Alec Ingold,RB,MIA,16.63187721191229,-11.398610646715827,-17.097915970073743
2373,Mecole Hardman,RB,KC,16.63187721191229,-11.398610646715827,-17.097915970073743
2374,Jack Fox,RB,DET,16.63187721191229,-11.398610646715827,-17.097915970073743
2375,Sam Hubbard,RB,CIN,16.63187721191229,-11.398610646715827,-17.097915970073743
2376,AJ Cole,RB,LV,16.63187721191229,-11.398610646715827,-17.097915970073743
2377,Jake Bailey,RB,MIA,16.63187721191229,-11.398610646715827,-17.097915970073743
2378,Gardner Minshew,RB,LV,16.63187721191229,-11.398610646715827,-17.097915970073743
2379,Scott Miller,RB,PIT,16.63187721191229,-11.398610646715827,-17.097915970073743
2380,Myles Gaskin,RB,JAX,16.63187721191229,-11.398610646715827,-17.097915970073743
2381,Trenton Irwin,RB,CAR,16.63187721191229,-11.398610646715827,-17.097915970073743
2382,Tom Kennedy,RB,DET,16.63187721191229,-11.398610646715827,-17.097915970073743
2383,Joseph Fortson,RB,KC,16.63187721191229,-11.398610646715827,-17.097915970073743
2384,Craig Reynolds,RB,DET,16.63187721191229,-11.398610646715827,-17.097915970073743
2385,Travis Homer,RB,CHI,16.63187721191229,-11.398610646715827,-17.097915970073743
2386,Alex Bachman,RB,LV,16.63187721191229,-11.398610646715827,-17.097915970073743
2387,D'Ernest Johnson,RB,JAX,16.63187721191229,-11.398610646715827,-17.097915970073743
2388,Jarrett Stidham,RB,DEN,16.63187721191229,-11.398610646715827,-17.097915970073743
2389,Hayden Hurst,RB,LAC,16.63187721191229,-11.398610646715827,-17.097915970073743
2390,Durham Smythe,RB,MIA,16.63187721191229,-11.398610646715827,-17.097915970073743
2391,Mike Woods,RB,CLE,16.63187721191229,-11.398610646715827,-17.097915970073743
2392,Julian Love,RB,SEA,16.63187721191229,-11.398610646715827,-17.097915970073743
2393,Dalvin Cook,RB,DAL,16.63187721191229,-11.398610646715827,-17.097915970073743
2394,Andrew Beck,RB,HOU,16.63187721191229,-11.398610646715827,-17.097915970073743
2395,Derek Carr,RB,NO,16.63187721191229,-11.398610646715827,-17.097915970073743
2396,Jordan Matthews,RB,CAR,16.63187721191229,-11.398610646715827,-17.097915970073743
2397,Jimmy Garoppolo,RB,LA,16.63187721191229,-11.398610646715827,-17.097915970073743
2398,C.J. Goodwin,RB,DAL,16.63187721191229,-11.398610646715827,-17.097915970073743
2399,Allen Robinson,RB,DET,16.63187721191229,-11.398610646715827,-17.097915970073743
2400,Chris Manhertz,RB,NYG,16.63187721191229,-11.398610646715827,-17.097915970073743
2401,Jameis Winston,RB,CLE,16.63187721191229,-11.398610646715827,-17.097915970073743
2402,MyCole Pruitt,RB,PIT,16.63187721191229,-11.398610646715827,-17.097915970073743
2403,Michael Burton,RB,DEN,16.63187721191229,-11.398610646715827,-17.097915970073743
2404,Raheem Mostert,RB,MIA,16.63187721191229,-11.398610646715827,-17.097915970073743
2405,Eric Tomlinson,RB,LAC,16.63187721191229,-11.398610646715827,-17.097915970073743
2406,Dan Skipper,RB,DET,16.63187721191229,-11.398610646715827,-17.097915970073743
2407,Lucas Krull,RB,DEN,16.63187721191229,-11.398610646715827,-17.097915970073743
2408,Mitchell Trubisky,RB,BUF,16.63187721191229,-11.398610646715827,-17.097915970073743
2409,Zay Jones,RB,ARI,16.63187721191229,-11.398610646715827,-17.097915970073743
2410,KhaDarel Hodge,RB,ATL,16.63187721191229,-11.398610646715827,-17.097915970073743
2411,Dante Pettis,RB,NO,16.63187721191229,-11.398610646715827,-17.097915970073743
2412,Sam Darnold,RB,MIN,16.63187721191229,-11.398610646715827,-17.097915970073743
2413,Steven Sims,RB,BAL,16.63187721191229,-11.398610646715827,-17.097915970073743
2414,DJ Chark,RB,LAC,16.63187721191229,-11.398610646715827,-17.097915970073743
2415,Gerald Everett,RB,CHI,16.63187721191229,-11.398610646715827,-17.097915970073743
2416,Cordarrelle Patterson,RB,PIT,16.63187721191229,-11.398610646715827,-17.097915970073743
2417,Mason Rudolph,RB,TEN,16.63187721191229,-11.398610646715827,-17.097915970073743
2418,Ronnie Rivers,RB,LA,16.63187721191229,-11.398610646715827,-17.097915970073743
2419,Aaron Rodgers,RB,NYJ,16.63187721191229,-11.398610646715827,-17.097915970073743
2420,Juanyeh Thomas,RB,DAL,16.63187721191229,-11.398610646715827,-17.097915970073743
2421,Jalen Brooks,RB,DAL,16.63187721191229,-11.398610646715827,-17.097915970073743
2422,Brayden Willis,RB,SF,16.63187721191229,-11.398610646715827,-17.097915970073743
2423,Ronnie Bell,RB,SF,16.63187721191229,-11.398610646715827,-17.097915970073743
2424,Jordan Mims,RB,NO,16.63187721191229,-11.398610646715827,-17.097915970073743
2425,Tyrell Shavers,RB,BUF,16.63187721191229,-11.398610646715827,-17.097915970073743
2426,Chris Brooks,RB,GB,16.63187721191229,-11.398610646715827,-17.097915970073743
2427,Jacob Kibodi,RB,CLE,16.63187721191229,-11.398610646715827,-17.097915970073743
2428,Emari Demercado,RB,ARI,16.63187721191229,-11.398610646715827,-17.097915970073743
2429,Jermaine Jackson,RB,NO,16.63187721191229,-11.398610646715827,-17.097915970073743
2430,Dallin Holker,RB,NO,16.63187721191229,-11.398610646715827,-17.097915970073743
2431,Blake Whiteheart,RB,CLE,16.63187721191229,-11.398610646715827,-17.097915970073743
2432,Julian Hill,RB,MIA,16.63187721191229,-11.398610646715827,-17.097915970073743
2433,Matthew Hayball,RB,NO,16.63187721191229,-11.398610646715827,-17.097915970073743
2434,Hunter Luepke,RB,DAL,16.63187721191229,-11.398610646715827,-17.097915970073743
2435,Jake Bobo,RB,SEA,16.63187721191229,-11.398610646715827,-17.097915970073743
2436,British Brooks,RB,HOU,16.63187721191229,-11.398610646715827,-17.097915970073743
2437,Patrick Mahomes,RB,KC,16.63187721191229,-11.398610646715827,-17.097915970073743
2438,Brandon Powell,RB,MIN,16.63187721191229,-11.398610646715827,-17.097915970073743
2439,D'Onta Foreman,RB,CLE,16.63187721191229,-11.398610646715827,-17.097915970073743
2440,Tanner Hudson,RB,CIN,16.63187721191229,-11.398610646715827,-17.097915970073743
2441,Josh Reynolds,RB,JAX,16.63187721191229,-11.398610646715827,-17.097915970073743
2442,Jamaal Williams,RB,NO,16.63187721191229,-11.398610646715827,-17.097915970073743
2443,Joshua Dobbs,RB,SF,16.63187721191229,-11.398610646715827,-17.097915970073743
2444,River Cracraft,RB,MIA,16.63187721191229,-11.398610646715827,-17.097915970073743
2445,Ross Dwelley,RB,ATL,16.63187721191229,-11.398610646715827,-17.097915970073743
2446,Jeff Wilson,RB,MIA,16.63187721191229,-11.398610646715827,-17.097915970073743
2447,J.K. Scott,RB,LAC,16.63187721191229,-11.398610646715827,-17.097915970073743
2448,Tim Boyle,RB,NYG,16.63187721191229,-11.398610646715827,-17.097915970073743
2449,Mike Boone,RB,CAR,16.63187721191229,-11.398610646715827,-17.097915970073743
2450,Anthony Miller,RB,BAL,16.63187721191229,-11.398610646715827,-17.097915970073743
2451,Ian Thomas,RB,CAR,16.63187721191229,-11.398610646715827,-17.097915970073743
2452,Mike White,RB,BUF,16.63187721191229,-11.398610646715827,-17.097915970073743
2453,Cedrick Wilson Jr.,RB,NO,16.63187721191229,-11.398610646715827,-17.097915970073743
2454,Braxton Berrios,RB,MIA,16.63187721191229,-11.398610646715827,-17.097915970073743
2455,Jonathan Owens,RB,CHI,16.63187721191229,-11.398610646715827,-17.097915970073743
2456,Trent Sherfield,RB,MIN,16.63187721191229,-11.398610646715827,-17.097915970073743
2457,Tavierre Thomas,RB,TB,16.63187721191229,-11.398610646715827,-17.097915970073743
2458,Trent Scott,RB,WAS,16.63187721191229,-11.398610646715827,-17.097915970073743
2459,Kyle Allen,RB,PIT,16.63187721191229,-11.398610646715827,-17.097915970073743
2460,Odell Beckham Jr.,RB,MIA,16.63187721191229,-11.398610646715827,-17.097915970073743
2461,Jake Browning,RB,CIN,16.63187721191229,-11.398610646715827,-17.097915970073743
2462,Geno Smith,RB,SEA,16.63187721191229,-11.398610646715827,-17.097915970073743
2463,Josh Blackwell,RB,CHI,16.63187721191229,-11.398610646715827,-17.097915970073743
2464,Luke Farrell,RB,JAX,16.63187721191229,-11.398610646715827,-17.097915970073743
2465,Marcedes Lewis,RB,CHI,16.63187721191229,-11.398610646715827,-17.097915970073743
2466,Davis Mills,RB,HOU,16.63187721191229,-11.398610646715827,-17.097915970073743
2467,Khalil Herbert,RB,CIN,16.63187721191229,-11.398610646715827,-17.097915970073743
2468,Kadarius Toney,RB,CLE,16.63187721191229,-11.398610646715827,-17.097915970073743
2469,Kenneth Gainwell,RB,PHI,16.63187721191229,-11.398610646715827,-17.097915970073743
2470,Michael Carter,RB,ARI,16.63187721191229,-11.398610646715827,-17.097915970073743
2471,Kyle Trask,RB,TB,16.63187721191229,-11.398610646715827,-17.097915970073743
2472,Terrace Marshall Jr.,RB,LV,16.63187721191229,-11.398610646715827,-17.097915970073743
2473,Trevor Lawrence,RB,JAX,16.63187721191229,-11.398610646715827,-17.097915970073743
2474,Mac Jones,RB,JAX,16.63187721191229,-11.398610646715827,-17.097915970073743
2475,Trey Sermon,RB,IND,16.63187721191229,-11.398610646715827,-17.097915970073743
2476,Divine Deablo,RB,LV,16.63187721191229,-11.398610646715827,-17.097915970073743
2477,Hunter Long,RB,LA,16.63187721191229,-11.398610646715827,-17.097915970073743
2478,Trey Lance,RB,DAL,16.63187721191229,-11.398610646715827,-17.097915970073743
2479,Sam Howell,RB,SEA,16.63187721191229,-11.398610646715827,-17.097915970073743
2480,Tyler Badie,RB,DEN,16.63187721191229,-11.398610646715827,-17.097915970073743
2481,Bo Melton,RB,GB,16.63187721191229,-11.398610646715827,-17.097915970073743
2482,Dareke Young,RB,SEA,16.63187721191229,-11.398610646715827,-17.097915970073743
2483,Penei Sewell,RB,DET,16.63187721191229,-11.398610646715827,-17.097915970073743
2484,Jaelon Darden,RB,SEA,16.63187721191229,-11.398610646715827,-17.097915970073743
2485,Robert Woods,RB,HOU,16.63187721191229,-11.398610646715827,-17.097915970073743
2486,Tyreik McAllister,RB,LV,16.63187721191229,-11.398610646715827,-17.097915970073743
2487,Connor Heyward,RB,PIT,16.63187721191229,-11.398610646715827,-17.097915970073743
2488,Justyn Ross,RB,KC,16.63187721191229,-11.398610646715827,-17.097915970073743
2489,John FitzPatrick,RB,GB,16.63187721191229,-11.398610646715827,-17.097915970073743
2490,Skylar Thompson,RB,MIA,16.63187721191229,-11.398610646715827,-17.097915970073743
2491,Tanner Conner,RB,MIA,16.63187721191229,-11.398610646715827,-17.097915970073743
2492,Brandon Johnson,RB,PIT,16.63187721191229,-11.398610646715827,-17.097915970073743
2493,Kendric Pryor,RB,CIN,16.63187721191229,-11.398610646715827,-17.097915970073743
2494,Raheem Blackshear,RB,CAR,16.63187721191229,-11.398610646715827,-17.097915970073743
2495,Stone Smartt,RB,LAC,16.63187721191229,-11.398610646715827,-17.097915970073743
2496,Ben Skowronek,RB,PIT,16.63187721191229,-11.398610646715827,-17.097915970073743
2497,Deven Thompkins,RB,CAR,16.63187721191229,-11.398610646715827,-17.097915970073743
2498,J.J. Russell,RB,TB,16.63187721191229,-11.398610646715827,-17.097915970073743
2499,Sincere McCormick,RB,LV,16.63187721191229,-11.398610646715827,-17.097915970073743
2500,Tay Martin,RB,TEN,16.63187721191229,-11.398610646715827,-17.097915970073743
2501,Chris Oladokun,RB,KC,16.63187721191229,-11.398610646715827,-17.097915970073743
2502,Mike Caliendo,RB,KC,16.63187721191229,-11.398610646715827,-17.097915970073743
2503,Irvin Charles,RB,NYJ,16.63187721191229,-11.398610646715827,-17.097915970073743
2504,Britain Covey,RB,PHI,16.63187721191229,-11.398610646715827,-17.097915970073743
2505,Tyler Goodson,RB,IND,16.63187721191229,-11.398610646715827,-17.097915970073743
2506,Kylen Granson,RB,IND,16.63187721191229,-11.398610646715827,-17.097915970073743
2507,Austin Trammell,RB,JAX,16.63187721191229,-11.398610646715827,-17.097915970073743
2508,Patrick Ricard,RB,BAL,16.63187721191229,-11.398610646715827,-17.097915970073743
2509,Deshaun Watson,RB,CLE,16.63187721191229,-11.398610646715827,-17.097915970073743
2510,Jalen Reeves-Maybin,RB,DET,16.63187721191229,-11.398610646715827,-17.097915970073743
2511,Eric Saubert,RB,SF,16.63187721191229,-11.398610646715827,-17.097915970073743
2512,Cooper Rush,RB,DAL,16.63187721191229,-11.398610646715827,-17.097915970073743
2513,Dare Ogunbowale,RB,HOU,16.63187721191229,-11.398610646715827,-17.097915970073743
2514,Mo Alie-Cox,RB,IND,16.63187721191229,-11.398610646715827,-17.097915970073743
2515,Chris Conley,RB,SF,16.63187721191229,-11.398610646715827,-17.097915970073743
2516,Taylor Heinicke,RB,LAC,16.63187721191229,-11.398610646715827,-17.097915970073743
2517,DeAndre Carter,RB,CHI,16.63187721191229,-11.398610646715827,-17.097915970073743
2518,Joe Flacco,RB,IND,16.63187721191229,-11.398610646715827,-17.097915970073743
2519,Josh Johnson,RB,BAL,16.63187721191229,-11.398610646715827,-17.097915970073743
2520,Matthew Stafford,RB,LA,16.63187721191229,-11.398610646715827,-17.097915970073743
2521,Andy Dalton,RB,CAR,16.63187721191229,-11.398610646715827,-17.097915970073743
2522,Tyrod Taylor,RB,NYJ,16.63187721191229,-11.398610646715827,-17.097915970073743
2523,Johnny Hekker,RB,CAR,16.63187721191229,-11.398610646715827,-17.097915970073743
2524,Rodney McLeod Jr.,RB,CLE,16.63187721191229,-11.398610646715827,-17.097915970073743
2525,Russell Wilson,RB,PIT,16.63187721191229,-11.398610646715827,-17.097915970073743
2526,Kirk Cousins,RB,ATL,16.63187721191229,-11.398610646715827,-17.097915970073743
2527,Bryan Anger,RB,DAL,16.63187721191229,-11.398610646715827,-17.097915970073743
2528,John Ross,RB,PHI,16.63187721191229,-11.398610646715827,-17.097915970073743
2529,Pharaoh Brown,RB,SEA,16.63187721191229,-11.398610646715827,-17.097915970073743
2530,Carson Wentz,RB,KC,16.63187721191229,-11.398610646715827,-17.097915970073743
2531,Nick Mullens,RB,MIN,16.63187721191229,-11.398610646715827,-17.097915970073743
2532,Drew Sample,RB,CIN,16.63187721191229,-11.398610646715827,-17.097915970073743
2533,Marcus Mariota,RB,WAS,16.63187721191229,-11.398610646715827,-17.097915970073743
2534,Taylor Decker,RB,DET,16.63187721191229,-11.398610646715827,-17.097915970073743
2535,Miles Killebrew,RB,PIT,16.63187721191229,-11.398610646715827,-17.097915970073743
2536,Brandon Allen,RB,SF,16.63187721191229,-11.398610646715827,-17.097915970073743
2537,Robbie Chosen,RB,MIA,16.63187721191229,-11.398610646715827,-17.097915970073743
2538,C.J. Ham,RB,MIN,16.63187721191229,-11.398610646715827,-17.097915970073743
2539,Riley Dixon,RB,DEN,16.63187721191229,-11.398610646715827,-17.097915970073743
2540,Ezekiel Elliott,RB,LAC,16.63187721191229,-11.398610646715827,-17.097915970073743
2541,Dak Prescott,RB,DAL,16.63187721191229,-11.398610646715827,-17.097915970073743
2542,Jared Goff,RB,DET,16.63187721191229,-11.398610646715827,-17.097915970073743
2543,Geoff Swaim,RB,CLE,16.63187721191229,-11.398610646715827,-17.097915970073743
2544,Jacoby Brissett,RB,NE,16.63187721191229,-11.398610646715827,-17.097915970073743
2545,Christian McCaffrey,RB,SF,16.63187721191229,-11.398610646715827,-17.097915970073743
2546,Trent Taylor,RB,SF,16.63187721191229,-11.398610646715827,-17.097915970073743
2547,Marquise Brown,RB,KC,16.63187721191229,-11.398610646715827,-17.097915970073743
2548,Parris Campbell,RB,PHI,16.63187721191229,-11.398610646715827,-17.097915970073743
2549,Noah Brown,TE,WAS,12.366075877991324,-12.214502597182541,-17.100303636055557
2550,Jonathan Mingo,RB,DAL,16.614438943042074,-11.416048915586043,-17.124073373379062
2551,Evan Engram,TE,JAX,12.260480035258906,-12.32009843991496,-17.24813781588094
2552,Bucky Irving,TE,TB,12.196393239558754,-12.384185235615112,-17.337859329861157
2553,KaVontae Turpin,TE,DAL,12.180627178617435,-12.39995129655643,-17.359931815179003
2554,Diontae Johnson,TE,HOU,12.142516967474666,-12.4380615076992,-17.413286110778877
2555,Tyler Boyd,TE,TEN,12.088510221638122,-12.492068253535743,-17.48889555495004
2556,Justice Hill,TE,BAL,12.088510221638122,-12.492068253535743,-17.48889555495004
2557,Jordan Akins,TE,CLE,12.088510221638122,-12.492068253535743,-17.48889555495004
2558,Brenton Strange,TE,JAX,12.088510221638122,-12.492068253535743,-17.48889555495004
2559,D'Andre Swift,TE,CHI,12.088510221638122,-12.492068253535743,-17.48889555495004
2560,Parker Washington,TE,JAX,11.963489120299576,-12.61708935487429,-17.663925096824006
2561,David Moore,TE,CAR,11.945891385295184,-12.634687089878682,-17.688561925830154
2562,Brandon Aiyuk,TE,SF,11.93036902197542,-12.650209453198446,-17.710293234477824
2563,Christian Kirk,TE,JAX,11.93036902197542,-12.650209453198446,-17.710293234477824
2564,Rashid Shaheed,TE,NO,11.912771286971028,-12.667807188202838,-17.734930063483972
2565,Ricky Pearsall,TE,SF,11.90943503751912,-12.671143437654745,-17.739600812716642
2566,Austin Ekeler,TE,WAS,11.90943503751912,-12.671143437654745,-17.739600812716642
2567,Tim Patrick,TE,DET,11.90943503751912,-12.671143437654745,-17.739600812716642
2568,Chris Olave,TE,NO,11.90943503751912,-12.671143437654745,-17.739600812716642
2569,Greg Dortch,TE,ARI,10.121169974078136,-14.45940850109573,-20.24317190153402
2570,Jaylen Warren,TE,PIT,10.121169974078136,-14.45940850109573,-20.24317190153402
2571,Adonai Mitchell,TE,IND,10.086353117215939,-14.494225357957927,-20.291915501141094
2572,Sterling Shepard,TE,TB,10.06541913275964,-14.515159342414226,-20.321223079379916
2573,Joe Mixon,TE,HOU,10.06541913275964,-14.515159342414226,-20.321223079379916
2574,Dawson Knox,TE,BUF,10.032299034435484,-14.548279440738382,-20.367591217033734
2575,AJ Barner,TE,SEA,10.020484168477255,-14.56009430669661,-20.384132029375255
2576,Ja'Tavion Sanders,TE,CAR,10.011365049979185,-14.56921342519468,-20.396898795272552
2577,Theo Johnson,TE,NYG,10.011365049979185,-14.56921342519468,-20.396898795272552
2578,Samaje Perine,TE,KC,10.011365049979185,-14.56921342519468,-20.396898795272552
2579,Josh Jacobs,TE,GB,10.011365049979185,-14.56921342519468,-20.396898795272552
2580,David Montgomery,TE,DET,10.011365049979185,-14.56921342519468,-20.396898795272552
2581,Cedric Tillman,TE,CLE,10.011365049979185,-14.56921342519468,-20.396898795272552
2582,Kenneth Walker III,TE,SEA,9.824586700665552,-14.755991774508313,-20.658388484311637
2583,Zach Charbonnet,TE,SEA,9.716703682744921,-14.863874792428945,-20.80942470940052
2584,Chuba Hubbard,TE,CAR,9.716703682744921,-14.863874792428945,-20.80942470940052
2585,Tony Pollard,TE,TEN,9.716703682744921,-14.863874792428945,-20.80942470940052
2586,Travis Etienne,TE,JAX,9.716703682744921,-14.863874792428945,-20.80942470940052
2587,Tyrone Tracy Jr.,TE,NYG,9.701487505505325,-14.87909096966854,-20.830727357535956
2588,Ameer Abdullah,TE,LV,9.662649599964466,-14.9179288752094,-20.88510042529316
2589,Rico Dowdle,TE,DAL,9.662649599964466,-14.9179288752094,-20.88510042529316
2590,Jerome Ford,TE,CLE,9.64743342272487,-14.933145052448996,-20.906403073428592
2591,Brandin Cooks,TE,DAL,9.612616565862673,-14.967961909311192,-20.955146673035667
2592,Troy Franklin,TE,DEN,9.591682581406374,-14.988895893767491,-20.984454251274485
2593,Braelon Allen,TE,NYJ,9.558562483082218,-15.022015992091648,-21.030822388928307
2594,Brock Purdy,TE,SF,9.558562483082218,-15.022015992091648,-21.030822388928307
2595,Tyrion Davis-Price,TE,PHI,9.558562483082218,-15.022015992091648,-21.030822388928307
2596,Malik Heath,TE,GB,9.558562483082218,-15.022015992091648,-21.030822388928307
2597,Jordan Whittington,TE,LA,9.558562483082218,-15.022015992091648,-21.030822388928307
2598,Erik Ezukanma,TE,MIA,9.558562483082218,-15.022015992091648,-21.030822388928307
2599,Pierre Strong,TE,CLE,9.558562483082218,-15.022015992091648,-21.030822388928307
2600,Jermaine Burton,TE,CIN,9.558562483082218,-15.022015992091648,-21.030822388928307
2601,River Cracraft,TE,MIA,9.558562483082218,-15.022015992091648,-21.030822388928307
2602,Skyy Moore,TE,KC,9.558562483082218,-15.022015992091648,-21.030822388928307
2603,Charlie Kolar,TE,BAL,9.558562483082218,-15.022015992091648,-21.030822388928307
2604,Tip Reiman,TE,ARI,9.558562483082218,-15.022015992091648,-21.030822388928307
2605,Zamir White,TE,LV,9.558562483082218,-15.022015992091648,-21.030822388928307
2606,Rasheen Ali,TE,BAL,9.558562483082218,-15.022015992091648,-21.030822388928307
2607,Tyson Bagent,TE,CHI,9.558562483082218,-15.022015992091648,-21.030822388928307
2608,Isaiah Davis,TE,NYJ,9.558562483082218,-15.022015992091648,-21.030822388928307
2609,Keaton Mitchell,TE,BAL,9.558562483082218,-15.022015992091648,-21.030822388928307
2610,Dane Belton,TE,NYG,9.558562483082218,-15.022015992091648,-21.030822388928307
2611,Devin Culp,TE,TB,9.558562483082218,-15.022015992091648,-21.030822388928307
2612,Desmond Ridder,TE,LV,9.558562483082218,-15.022015992091648,-21.030822388928307
2613,Cooper Rush,TE,DAL,9.558562483082218,-15.022015992091648,-21.030822388928307
2614,Sam Howell,TE,SEA,9.558562483082218,-15.022015992091648,-21.030822388928307
2615,Shane Zylstra,TE,DET,9.558562483082218,-15.022015992091648,-21.030822388928307
2616,DJ Turner,TE,LV,9.558562483082218,-15.022015992091648,-21.030822388928307
2617,Kenny Yeboah,TE,NYJ,9.558562483082218,-15.022015992091648,-21.030822388928307
2618,Tim Jones,TE,JAX,9.558562483082218,-15.022015992091648,-21.030822388928307
2619,Chris Blair,TE,ATL,9.558562483082218,-15.022015992091648,-21.030822388928307
2620,Myles Gaskin,TE,JAX,9.558562483082218,-15.022015992091648,-21.030822388928307
2621,Marcedes Lewis,TE,CHI,9.558562483082218,-15.022015992091648,-21.030822388928307
2622,Khalil Herbert,TE,CIN,9.558562483082218,-15.022015992091648,-21.030822388928307
2623,Stephen Sullivan,TE,CAR,9.558562483082218,-15.022015992091648,-21.030822388928307
2624,Kadarius Toney,TE,CLE,9.558562483082218,-15.022015992091648,-21.030822388928307
2625,Greg Dulcich,TE,NYG,9.558562483082218,-15.022015992091648,-21.030822388928307
2626,Tyler Smith,TE,DAL,9.558562483082218,-15.022015992091648,-21.030822388928307
2627,Kevin Austin Jr.,TE,NO,9.558562483082218,-15.022015992091648,-21.030822388928307
2628,Justyn Ross,TE,KC,9.558562483082218,-15.022015992091648,-21.030822388928307
2629,Mike Caliendo,TE,KC,9.558562483082218,-15.022015992091648,-21.030822388928307
2630,Isiah Pacheco,TE,KC,9.558562483082218,-15.022015992091648,-21.030822388928307
2631,Irvin Charles,TE,NYJ,9.558562483082218,-15.022015992091648,-21.030822388928307
2632,Britain Covey,TE,PHI,9.558562483082218,-15.022015992091648,-21.030822388928307
2633,Josh Blackwell,TE,CHI,9.558562483082218,-15.022015992091648,-21.030822388928307
2634,Tyler Goodson,TE,IND,9.558562483082218,-15.022015992091648,-21.030822388928307
2635,Dareke Young,TE,SEA,9.558562483082218,-15.022015992091648,-21.030822388928307
2636,Bo Melton,TE,GB,9.558562483082218,-15.022015992091648,-21.030822388928307
2637,Grant Calcaterra,TE,PHI,9.558562483082218,-15.022015992091648,-21.030822388928307
2638,Brevin Jordan,TE,HOU,9.558562483082218,-15.022015992091648,-21.030822388928307
2639,Deommodore Lenoir,TE,SF,9.558562483082218,-15.022015992091648,-21.030822388928307
2640,Quintin Morris,TE,BUF,9.558562483082218,-15.022015992091648,-21.030822388928307
2641,Kene Nwangwu,TE,NYJ,9.558562483082218,-15.022015992091648,-21.030822388928307
2642,Marcus Mariota,TE,WAS,9.558562483082218,-15.022015992091648,-21.030822388928307
2643,Jake Bailey,TE,MIA,9.558562483082218,-15.022015992091648,-21.030822388928307
2644,Jarrett Stidham,TE,DEN,9.558562483082218,-15.022015992091648,-21.030822388928307
2645,Scott Miller,TE,PIT,9.558562483082218,-15.022015992091648,-21.030822388928307
2646,Davis Mills,TE,HOU,9.558562483082218,-15.022015992091648,-21.030822388928307
2647,Luke Farrell,TE,JAX,9.558562483082218,-15.022015992091648,-21.030822388928307
2648,Penei Sewell,TE,DET,9.558562483082218,-15.022015992091648,-21.030822388928307
2649,Jaelon Darden,TE,SEA,9.558562483082218,-15.022015992091648,-21.030822388928307
2650,Kylen Granson,TE,IND,9.558562483082218,-15.022015992091648,-21.030822388928307
2651,Ben Skowronek,TE,PIT,9.558562483082218,-15.022015992091648,-21.030822388928307
2652,Austin Trammell,TE,JAX,9.558562483082218,-15.022015992091648,-21.030822388928307
2653,Dee Eskridge,TE,MIA,9.558562483082218,-15.022015992091648,-21.030822388928307
2654,Feleipe Franks,TE,CAR,9.558562483082218,-15.022015992091648,-21.030822388928307
2655,Brock Wright,TE,DET,9.558562483082218,-15.022015992091648,-21.030822388928307
2656,Jack Stoll,TE,MIA,9.558562483082218,-15.022015992091648,-21.030822388928307
2657,Adam Prentice,TE,NO,9.558562483082218,-15.022015992091648,-21.030822388928307
2658,Jermar Jefferson,TE,DET,9.558562483082218,-15.022015992091648,-21.030822388928307
2659,Simi Fehoko,TE,LAC,9.558562483082218,-15.022015992091648,-21.030822388928307
2660,Zach Davidson,TE,BUF,9.558562483082218,-15.022015992091648,-21.030822388928307
2661,Ihmir Smith-Marsette,TE,NYG,9.558562483082218,-15.022015992091648,-21.030822388928307
2662,Tylan Wallace,TE,BAL,9.558562483082218,-15.022015992091648,-21.030822388928307
2663,John Bates,TE,WAS,9.558562483082218,-15.022015992091648,-21.030822388928307
2664,Tyler Badie,TE,DEN,9.558562483082218,-15.022015992091648,-21.030822388928307
2665,Trey Lance,TE,DAL,9.558562483082218,-15.022015992091648,-21.030822388928307
2666,Nick Vannett,TE,TEN,9.558562483082218,-15.022015992091648,-21.030822388928307
2667,Tommy Tremble,TE,CAR,9.558562483082218,-15.022015992091648,-21.030822388928307
2668,JaMycal Hasty,TE,NE,9.558562483082218,-15.022015992091648,-21.030822388928307
2669,James Pierre,TE,PIT,9.558562483082218,-15.022015992091648,-21.030822388928307
2670,Daniel Jones,TE,MIN,9.558562483082218,-15.022015992091648,-21.030822388928307
2671,Drew Lock,TE,NYG,9.558562483082218,-15.022015992091648,-21.030822388928307
2672,Marquise Brown,TE,KC,9.558562483082218,-15.022015992091648,-21.030822388928307
2673,Parris Campbell,TE,PHI,9.558562483082218,-15.022015992091648,-21.030822388928307
2674,Drew Sample,TE,CIN,9.558562483082218,-15.022015992091648,-21.030822388928307
2675,D'Ernest Johnson,TE,JAX,9.558562483082218,-15.022015992091648,-21.030822388928307
2676,Alex Bachman,TE,LV,9.558562483082218,-15.022015992091648,-21.030822388928307
2677,Travis Homer,TE,CHI,9.558562483082218,-15.022015992091648,-21.030822388928307
2678,Craig Reynolds,TE,DET,9.558562483082218,-15.022015992091648,-21.030822388928307
2679,Joseph Fortson,TE,KC,9.558562483082218,-15.022015992091648,-21.030822388928307
2680,Tom Kennedy,TE,DET,9.558562483082218,-15.022015992091648,-21.030822388928307
2681,Ty Johnson,TE,BUF,9.558562483082218,-15.022015992091648,-21.030822388928307
2682,Trenton Irwin,TE,CAR,9.558562483082218,-15.022015992091648,-21.030822388928307
2683,Reggie Gilliam,TE,BUF,9.558562483082218,-15.022015992091648,-21.030822388928307
2684,Mason Kinsey,TE,TEN,9.558562483082218,-15.022015992091648,-21.030822388928307
2685,Antonio Gibson,TE,NE,9.558562483082218,-15.022015992091648,-21.030822388928307
2686,Adam Trautman,TE,DEN,9.558562483082218,-15.022015992091648,-21.030822388928307
2687,K.J. Osborn,TE,WAS,9.558562483082218,-15.022015992091648,-21.030822388928307
2688,Joshua Kelley,TE,TEN,9.558562483082218,-15.022015992091648,-21.030822388928307
2689,Jalen Reagor,TE,LAC,9.558562483082218,-15.022015992091648,-21.030822388928307
2690,Jalen Hurts,TE,PHI,9.558562483082218,-15.022015992091648,-21.030822388928307
2691,Tony Jones,TE,ARI,9.558562483082218,-15.022015992091648,-21.030822388928307
2692,Cody White,TE,SEA,9.558562483082218,-15.022015992091648,-21.030822388928307
2693,Jonathan Ward,TE,PIT,9.558562483082218,-15.022015992091648,-21.030822388928307
2694,Joe Burrow,TE,CIN,9.558562483082218,-15.022015992091648,-21.030822388928307
2695,Hunter Long,TE,LA,9.558562483082218,-15.022015992091648,-21.030822388928307
2696,Divine Deablo,TE,LV,9.558562483082218,-15.022015992091648,-21.030822388928307
2697,Trey Sermon,TE,IND,9.558562483082218,-15.022015992091648,-21.030822388928307
2698,Mac Jones,TE,JAX,9.558562483082218,-15.022015992091648,-21.030822388928307
2699,Trevor Lawrence,TE,JAX,9.558562483082218,-15.022015992091648,-21.030822388928307
2700,Terrace Marshall Jr.,TE,LV,9.558562483082218,-15.022015992091648,-21.030822388928307
2701,Justin Fields,TE,PIT,9.558562483082218,-15.022015992091648,-21.030822388928307
2702,Kyle Trask,TE,TB,9.558562483082218,-15.022015992091648,-21.030822388928307
2703,Michael Carter,TE,ARI,9.558562483082218,-15.022015992091648,-21.030822388928307
2704,Kenneth Gainwell,TE,PHI,9.558562483082218,-15.022015992091648,-21.030822388928307
2705,Ke'Shawn Vaughn,TE,SF,9.558562483082218,-15.022015992091648,-21.030822388928307
2706,Patrick Taylor,TE,SF,9.558562483082218,-15.022015992091648,-21.030822388928307
2707,Charlie Woerner,TE,ATL,9.558562483082218,-15.022015992091648,-21.030822388928307
2708,Gabe Davis,TE,JAX,9.558562483082218,-15.022015992091648,-21.030822388928307
2709,Kristian Wilkerson,TE,LV,9.558562483082218,-15.022015992091648,-21.030822388928307
2710,Tyler Johnson,TE,LA,9.558562483082218,-15.022015992091648,-21.030822388928307
2711,Isaiah Hodgins,TE,NYG,9.558562483082218,-15.022015992091648,-21.030822388928307
2712,James Proche,TE,CLE,9.558562483082218,-15.022015992091648,-21.030822388928307
2713,J.J. Taylor,TE,HOU,9.558562483082218,-15.022015992091648,-21.030822388928307
2714,Sam Franklin Jr.,TE,CAR,9.558562483082218,-15.022015992091648,-21.030822388928307
2715,Tyler Huntley,TE,MIA,9.558562483082218,-15.022015992091648,-21.030822388928307
2716,Dan Chisena,TE,CAR,9.558562483082218,-15.022015992091648,-21.030822388928307
2717,Taylor Decker,TE,DET,9.558562483082218,-15.022015992091648,-21.030822388928307
2718,Miles Killebrew,TE,PIT,9.558562483082218,-15.022015992091648,-21.030822388928307
2719,Tua Tagovailoa,TE,MIA,9.558562483082218,-15.022015992091648,-21.030822388928307
2720,Raheem Mostert,TE,MIA,9.558562483082218,-15.022015992091648,-21.030822388928307
2721,Jake Browning,TE,CIN,9.558562483082218,-15.022015992091648,-21.030822388928307
2722,Ashton Dulin,TE,IND,9.558562483082218,-15.022015992091648,-21.030822388928307
2723,Julian Love,TE,SEA,9.558562483082218,-15.022015992091648,-21.030822388928307
2724,Andrew Beck,TE,HOU,9.558562483082218,-15.022015992091648,-21.030822388928307
2725,Steven Sims,TE,BAL,9.558562483082218,-15.022015992091648,-21.030822388928307
2726,Sam Darnold,TE,MIN,9.558562483082218,-15.022015992091648,-21.030822388928307
2727,Dante Pettis,TE,NO,9.558562483082218,-15.022015992091648,-21.030822388928307
2728,Josh Allen,TE,BUF,9.558562483082218,-15.022015992091648,-21.030822388928307
2729,Baker Mayfield,TE,TB,9.558562483082218,-15.022015992091648,-21.030822388928307
2730,KhaDarel Hodge,TE,ATL,9.558562483082218,-15.022015992091648,-21.030822388928307
2731,Sam Hubbard,TE,CIN,9.558562483082218,-15.022015992091648,-21.030822388928307
2732,Hayden Hurst,TE,LAC,9.558562483082218,-15.022015992091648,-21.030822388928307
2733,Durham Smythe,TE,MIA,9.558562483082218,-15.022015992091648,-21.030822388928307
2734,Lamar Jackson,TE,BAL,9.558562483082218,-15.022015992091648,-21.030822388928307
2735,Nick Chubb,TE,CLE,9.558562483082218,-15.022015992091648,-21.030822388928307
2736,DJ Chark,TE,LAC,9.558562483082218,-15.022015992091648,-21.030822388928307
2737,Mason Rudolph,TE,TEN,9.558562483082218,-15.022015992091648,-21.030822388928307
2738,Brandon Powell,TE,MIN,9.558562483082218,-15.022015992091648,-21.030822388928307
2739,Dare Ogunbowale,TE,HOU,9.558562483082218,-15.022015992091648,-21.030822388928307
2740,Eric Saubert,TE,SF,9.558562483082218,-15.022015992091648,-21.030822388928307
2741,Gardner Minshew,TE,LV,9.558562483082218,-15.022015992091648,-21.030822388928307
2742,Odell Beckham Jr.,TE,MIA,9.558562483082218,-15.022015992091648,-21.030822388928307
2743,DeAndre Carter,TE,CHI,9.558562483082218,-15.022015992091648,-21.030822388928307
2744,Alec Ingold,TE,MIA,9.558562483082218,-15.022015992091648,-21.030822388928307
2745,Mecole Hardman,TE,KC,9.558562483082218,-15.022015992091648,-21.030822388928307
2746,Jack Fox,TE,DET,9.558562483082218,-15.022015992091648,-21.030822388928307
2747,Mitchell Trubisky,TE,BUF,9.558562483082218,-15.022015992091648,-21.030822388928307
2748,Jeremy McNichols,TE,WAS,9.558562483082218,-15.022015992091648,-21.030822388928307
2749,Joshua Dobbs,TE,SF,9.558562483082218,-15.022015992091648,-21.030822388928307
2750,Jamaal Williams,TE,NO,9.558562483082218,-15.022015992091648,-21.030822388928307
2751,Josh Reynolds,TE,JAX,9.558562483082218,-15.022015992091648,-21.030822388928307
2752,D'Onta Foreman,TE,CLE,9.558562483082218,-15.022015992091648,-21.030822388928307
2753,Kareem Hunt,TE,KC,9.558562483082218,-15.022015992091648,-21.030822388928307
2754,Gerald Everett,TE,CHI,9.558562483082218,-15.022015992091648,-21.030822388928307
2755,Dalvin Cook,TE,DAL,9.558562483082218,-15.022015992091648,-21.030822388928307
2756,Zay Jones,TE,ARI,9.558562483082218,-15.022015992091648,-21.030822388928307
2757,Patrick Mahomes,TE,KC,9.558562483082218,-15.022015992091648,-21.030822388928307
2758,Dan Skipper,TE,DET,9.558562483082218,-15.022015992091648,-21.030822388928307
2759,AJ Cole,TE,LV,9.558562483082218,-15.022015992091648,-21.030822388928307
2760,JuJu Smith-Schuster,TE,KC,9.558562483082218,-15.022015992091648,-21.030822388928307
2761,Tavierre Thomas,TE,TB,9.558562483082218,-15.022015992091648,-21.030822388928307
2762,Trent Scott,TE,WAS,9.558562483082218,-15.022015992091648,-21.030822388928307
2763,Kyle Allen,TE,PIT,9.558562483082218,-15.022015992091648,-21.030822388928307
2764,Tanner Hudson,TE,CIN,9.558562483082218,-15.022015992091648,-21.030822388928307
2765,Marcus Jones,TE,NE,9.558562483082218,-15.022015992091648,-21.030822388928307
2766,Devin Singletary,TE,NYG,9.558562483082218,-15.022015992091648,-21.030822388928307
2767,Josh Oliver,TE,MIN,9.558562483082218,-15.022015992091648,-21.030822388928307
2768,Miles Sanders,TE,CAR,9.558562483082218,-15.022015992091648,-21.030822388928307
2769,Kyler Murray,TE,ARI,9.558562483082218,-15.022015992091648,-21.030822388928307
2770,Eric Tomlinson,TE,LAC,9.558562483082218,-15.022015992091648,-21.030822388928307
2771,Michael Burton,TE,DEN,9.558562483082218,-15.022015992091648,-21.030822388928307
2772,Brandon Allen,TE,SF,9.558562483082218,-15.022015992091648,-21.030822388928307
2773,MyCole Pruitt,TE,PIT,9.558562483082218,-15.022015992091648,-21.030822388928307
2774,Geoff Swaim,TE,CLE,9.558562483082218,-15.022015992091648,-21.030822388928307
2775,Deshaun Watson,TE,CLE,9.558562483082218,-15.022015992091648,-21.030822388928307
2776,Mike Williams,TE,PIT,9.558562483082218,-15.022015992091648,-21.030822388928307
2777,John Ross,TE,PHI,9.558562483082218,-15.022015992091648,-21.030822388928307
2778,Pharaoh Brown,TE,SEA,9.558562483082218,-15.022015992091648,-21.030822388928307
2779,Patrick Ricard,TE,BAL,9.558562483082218,-15.022015992091648,-21.030822388928307
2780,Taysom Hill,TE,NO,9.558562483082218,-15.022015992091648,-21.030822388928307
2781,Nick Mullens,TE,MIN,9.558562483082218,-15.022015992091648,-21.030822388928307
2782,Trent Taylor,TE,SF,9.558562483082218,-15.022015992091648,-21.030822388928307
2783,Christian McCaffrey,TE,SF,9.558562483082218,-15.022015992091648,-21.030822388928307
2784,Johnny Mundt,TE,MIN,9.558562483082218,-15.022015992091648,-21.030822388928307
2785,Mo Alie-Cox,TE,IND,9.558562483082218,-15.022015992091648,-21.030822388928307
2786,Jacoby Brissett,TE,NE,9.558562483082218,-15.022015992091648,-21.030822388928307
2787,Tyler Higbee,TE,LA,9.558562483082218,-15.022015992091648,-21.030822388928307
2788,Jared Goff,TE,DET,9.558562483082218,-15.022015992091648,-21.030822388928307
2789,Dak Prescott,TE,DAL,9.558562483082218,-15.022015992091648,-21.030822388928307
2790,Ezekiel Elliott,TE,LAC,9.558562483082218,-15.022015992091648,-21.030822388928307
2791,Carson Wentz,TE,KC,9.558562483082218,-15.022015992091648,-21.030822388928307
2792,Riley Dixon,TE,DEN,9.558562483082218,-15.022015992091648,-21.030822388928307
2793,C.J. Ham,TE,MIN,9.558562483082218,-15.022015992091648,-21.030822388928307
2794,Derrick Henry,TE,BAL,9.558562483082218,-15.022015992091648,-21.030822388928307
2795,Robbie Chosen,TE,MIA,9.558562483082218,-15.022015992091648,-21.030822388928307
2796,Kalif Raymond,TE,DET,9.558562483082218,-15.022015992091648,-21.030822388928307
2797,Chris Conley,TE,SF,9.558562483082218,-15.022015992091648,-21.030822388928307
2798,Jamison Crowder,TE,WAS,9.558562483082218,-15.022015992091648,-21.030822388928307
2799,Taylor Heinicke,TE,LAC,9.558562483082218,-15.022015992091648,-21.030822388928307
2800,Geno Smith,TE,SEA,9.558562483082218,-15.022015992091648,-21.030822388928307
2801,Nelson Agholor,TE,BAL,9.558562483082218,-15.022015992091648,-21.030822388928307
2802,Jameis Winston,TE,CLE,9.558562483082218,-15.022015992091648,-21.030822388928307
2803,Chris Manhertz,TE,NYG,9.558562483082218,-15.022015992091648,-21.030822388928307
2804,Allen Robinson,TE,DET,9.558562483082218,-15.022015992091648,-21.030822388928307
2805,C.J. Goodwin,TE,DAL,9.558562483082218,-15.022015992091648,-21.030822388928307
2806,Jimmy Garoppolo,TE,LA,9.558562483082218,-15.022015992091648,-21.030822388928307
2807,Jordan Matthews,TE,CAR,9.558562483082218,-15.022015992091648,-21.030822388928307
2808,Derek Carr,TE,NO,9.558562483082218,-15.022015992091648,-21.030822388928307
2809,Cordarrelle Patterson,TE,PIT,9.558562483082218,-15.022015992091648,-21.030822388928307
2810,Jalen Reeves-Maybin,TE,DET,9.558562483082218,-15.022015992091648,-21.030822388928307
2811,Robert Woods,TE,HOU,9.558562483082218,-15.022015992091648,-21.030822388928307
2812,Joe Flacco,TE,IND,9.558562483082218,-15.022015992091648,-21.030822388928307
2813,Kyle Juszczyk,TE,SF,9.558562483082218,-15.022015992091648,-21.030822388928307
2814,Bryan Anger,TE,DAL,9.558562483082218,-15.022015992091648,-21.030822388928307
2815,Kirk Cousins,TE,ATL,9.558562483082218,-15.022015992091648,-21.030822388928307
2816,Russell Wilson,TE,PIT,9.558562483082218,-15.022015992091648,-21.030822388928307
2817,Rodney McLeod Jr.,TE,CLE,9.558562483082218,-15.022015992091648,-21.030822388928307
2818,Johnny Hekker,TE,CAR,9.558562483082218,-15.022015992091648,-21.030822388928307
2819,Tyrod Taylor,TE,NYJ,9.558562483082218,-15.022015992091648,-21.030822388928307
2820,Andy Dalton,TE,CAR,9.558562483082218,-15.022015992091648,-21.030822388928307
2821,Matthew Stafford,TE,LA,9.558562483082218,-15.022015992091648,-21.030822388928307
2822,Josh Johnson,TE,BAL,9.558562483082218,-15.022015992091648,-21.030822388928307
2823,Cam Akers,TE,MIN,9.558562483082218,-15.022015992091648,-21.030822388928307
2824,Josiah Deguara,TE,JAX,9.558562483082218,-15.022015992091648,-21.030822388928307
2825,Xavier Smith,TE,LA,9.558562483082218,-15.022015992091648,-21.030822388928307
2826,Javon Baker,TE,NE,9.558562483082218,-15.022015992091648,-21.030822388928307
2827,Joe Milton III,TE,NE,9.558562483082218,-15.022015992091648,-21.030822388928307
2828,Casey Washington,TE,ATL,9.558562483082218,-15.022015992091648,-21.030822388928307
2829,Jase McClellan,TE,ATL,9.558562483082218,-15.022015992091648,-21.030822388928307
2830,Jha'Quan Jackson,TE,TEN,9.558562483082218,-15.022015992091648,-21.030822388928307
2831,Jake Haener,TE,NO,9.558562483082218,-15.022015992091648,-21.030822388928307
2832,Roschon Johnson,TE,CHI,9.558562483082218,-15.022015992091648,-21.030822388928307
2833,Kimani Vidal,TE,LAC,9.558562483082218,-15.022015992091648,-21.030822388928307
2834,Elijah Higgins,TE,ARI,9.558562483082218,-15.022015992091648,-21.030822388928307
2835,Ryan Flournoy,TE,DAL,9.558562483082218,-15.022015992091648,-21.030822388928307
2836,Ben VanSumeren,TE,PHI,9.558562483082218,-15.022015992091648,-21.030822388928307
2837,Dell Pettus,TE,NE,9.558562483082218,-15.022015992091648,-21.030822388928307
2838,Tommy DeVito,TE,NYG,9.558562483082218,-15.022015992091648,-21.030822388928307
2839,Lucas Krull,TE,DEN,9.558562483082218,-15.022015992091648,-21.030822388928307
2840,Malik Washington,TE,MIA,9.558562483082218,-15.022015992091648,-21.030822388928307
2841,Ray Davis,TE,BUF,9.558562483082218,-15.022015992091648,-21.030822388928307
2842,Ronnie Rivers,TE,LA,9.558562483082218,-15.022015992091648,-21.030822388928307
2843,Peyton Hendershot,TE,KC,9.558562483082218,-15.022015992091648,-21.030822388928307
2844,Juanyeh Thomas,TE,DAL,9.558562483082218,-15.022015992091648,-21.030822388928307
2845,Julius Chestnut,TE,TEN,9.558562483082218,-15.022015992091648,-21.030822388928307
2846,Aaron Shampklin,TE,PIT,9.558562483082218,-15.022015992091648,-21.030822388928307
2847,John Metchie III,TE,HOU,9.558562483082218,-15.022015992091648,-21.030822388928307
2848,Jaylen Wright,TE,MIA,9.558562483082218,-15.022015992091648,-21.030822388928307
2849,Jordan Mason,TE,SF,9.558562483082218,-15.022015992091648,-21.030822388928307
2850,Dylan Laube,TE,LV,9.558562483082218,-15.022015992091648,-21.030822388928307
2851,Wanya Morris,TE,KC,9.558562483082218,-15.022015992091648,-21.030822388928307
2852,Sean Tucker,TE,TB,9.558562483082218,-15.022015992091648,-21.030822388928307
2853,Trey Palmer,TE,TB,9.558562483082218,-15.022015992091648,-21.030822388928307
2854,C.J. Stroud,TE,HOU,9.558562483082218,-15.022015992091648,-21.030822388928307
2855,Anthony Richardson,TE,IND,9.558562483082218,-15.022015992091648,-21.030822388928307
2856,Johnny Wilson,TE,PHI,9.558562483082218,-15.022015992091648,-21.030822388928307
2857,Chris Collier,TE,LV,9.558562483082218,-15.022015992091648,-21.030822388928307
2858,George Holani,TE,SEA,9.558562483082218,-15.022015992091648,-21.030822388928307
2859,Baylor Cupp,TE,KC,9.558562483082218,-15.022015992091648,-21.030822388928307
2860,Luke McCaffrey,TE,WAS,9.558562483082218,-15.022015992091648,-21.030822388928307
2861,Carson Steele,TE,KC,9.558562483082218,-15.022015992091648,-21.030822388928307
2862,Bub Means,TE,NO,9.558562483082218,-15.022015992091648,-21.030822388928307
2863,Jonathan Mingo,TE,DAL,9.558562483082218,-15.022015992091648,-21.030822388928307
2864,Payne Durham,TE,TB,9.558562483082218,-15.022015992091648,-21.030822388928307
2865,Xavier Gipson,TE,NYJ,9.558562483082218,-15.022015992091648,-21.030822388928307
2866,Ben Sims,TE,GB,9.558562483082218,-15.022015992091648,-21.030822388928307
2867,Rakim Jarrett,TE,TB,9.558562483082218,-15.022015992091648,-21.030822388928307
2868,Ryan Miller,TE,TB,9.558562483082218,-15.022015992091648,-21.030822388928307
2869,Brycen Tremayne,TE,WAS,9.558562483082218,-15.022015992091648,-21.030822388928307
2870,John Shenker,TE,LV,9.558562483082218,-15.022015992091648,-21.030822388928307
2871,Isaiah Williams,TE,CIN,9.558562483082218,-15.022015992091648,-21.030822388928307
2872,Jaheim Bell,TE,NE,9.558562483082218,-15.022015992091648,-21.030822388928307
2873,Jalin Hyatt,TE,NYG,9.558562483082218,-15.022015992091648,-21.030822388928307
2874,Dameon Pierce,TE,HOU,9.558562483082218,-15.022015992091648,-21.030822388928307
2875,Tyler Scott,TE,CHI,9.558562483082218,-15.022015992091648,-21.030822388928307
2876,Hassan Haskins,TE,LAC,9.558562483082218,-15.022015992091648,-21.030822388928307
2877,Drake Maye,TE,NE,9.558562483082218,-15.022015992091648,-21.030822388928307
2878,Will Levis,TE,TEN,9.558562483082218,-15.022015992091648,-21.030822388928307
2879,Bryce Ford-Wheaton,TE,NYG,9.558562483082218,-15.022015992091648,-21.030822388928307
2880,Kendric Pryor,TE,CIN,9.558562483082218,-15.022015992091648,-21.030822388928307
2881,Raheem Blackshear,TE,CAR,9.558562483082218,-15.022015992091648,-21.030822388928307
2882,Tyreik McAllister,TE,LV,9.558562483082218,-15.022015992091648,-21.030822388928307
2883,Stone Smartt,TE,LAC,9.558562483082218,-15.022015992091648,-21.030822388928307
2884,Deven Thompkins,TE,CAR,9.558562483082218,-15.022015992091648,-21.030822388928307
2885,J.J. Russell,TE,TB,9.558562483082218,-15.022015992091648,-21.030822388928307
2886,Jayden Daniels,TE,WAS,9.558562483082218,-15.022015992091648,-21.030822388928307
2887,Chris Oladokun,TE,KC,9.558562483082218,-15.022015992091648,-21.030822388928307
2888,Erick All,TE,CIN,9.558562483082218,-15.022015992091648,-21.030822388928307
2889,Jonathon Brooks,TE,CAR,9.558562483082218,-15.022015992091648,-21.030822388928307
2890,Tanner McKee,TE,PHI,9.558562483082218,-15.022015992091648,-21.030822388928307
2891,Kenny Pickett,TE,PHI,9.558562483082218,-15.022015992091648,-21.030822388928307
2892,Eric Gray,TE,NYG,9.558562483082218,-15.022015992091648,-21.030822388928307
2893,Blake Corum,TE,LA,9.558562483082218,-15.022015992091648,-21.030822388928307
2894,Will Shipley,TE,PHI,9.558562483082218,-15.022015992091648,-21.030822388928307
2895,Will Mallory,TE,IND,9.558562483082218,-15.022015992091648,-21.030822388928307
2896,Devontez Walker,TE,BAL,9.558562483082218,-15.022015992091648,-21.030822388928307
2897,Ainias Smith,TE,PHI,9.558562483082218,-15.022015992091648,-21.030822388928307
2898,Tyquan Thornton,TE,KC,9.558562483082218,-15.022015992091648,-21.030822388928307
2899,MarShawn Lloyd,TE,GB,9.558562483082218,-15.022015992091648,-21.030822388928307
2900,Bailey Zappe,TE,CLE,9.558562483082218,-15.022015992091648,-21.030822388928307
2901,Daniel Bellinger,TE,NYG,9.558562483082218,-15.022015992091648,-21.030822388928307
2902,Terrell Jennings,TE,NE,9.558562483082218,-15.022015992091648,-21.030822388928307
2903,Brandon Johnson,TE,PIT,9.558562483082218,-15.022015992091648,-21.030822388928307
2904,Tanner Conner,TE,MIA,9.558562483082218,-15.022015992091648,-21.030822388928307
2905,Skylar Thompson,TE,MIA,9.558562483082218,-15.022015992091648,-21.030822388928307
2906,Sincere McCormick,TE,LV,9.558562483082218,-15.022015992091648,-21.030822388928307
2907,Jahan Dotson,TE,PHI,9.558562483082218,-15.022015992091648,-21.030822388928307
2908,Treylon Burks,TE,TEN,9.558562483082218,-15.022015992091648,-21.030822388928307
2909,Jaden Hicks,TE,KC,9.558562483082218,-15.022015992091648,-21.030822388928307
2910,Jared Wiley,TE,KC,9.558562483082218,-15.022015992091648,-21.030822388928307
2911,Velus Jones Jr.,TE,CAR,9.558562483082218,-15.022015992091648,-21.030822388928307
2912,Brian Robinson,TE,WAS,9.558562483082218,-15.022015992091648,-21.030822388928307
2913,Anthony Gould,TE,IND,9.558562483082218,-15.022015992091648,-21.030822388928307
2914,Tucker Fisk,TE,LAC,9.558562483082218,-15.022015992091648,-21.030822388928307
2915,Jeremy Ruckert,TE,NYJ,9.558562483082218,-15.022015992091648,-21.030822388928307
2916,Tay Martin,TE,TEN,9.558562483082218,-15.022015992091648,-21.030822388928307
2917,Malachi Corley,TE,NYJ,9.558562483082218,-15.022015992091648,-21.030822388928307
2918,John FitzPatrick,TE,GB,9.558562483082218,-15.022015992091648,-21.030822388928307
2919,Tyler Allgeier,TE,ATL,9.558562483082218,-15.022015992091648,-21.030822388928307
2920,Caleb Williams,TE,CHI,9.558562483082218,-15.022015992091648,-21.030822388928307
2921,Ty Chandler,TE,MIN,9.558562483082218,-15.022015992091648,-21.030822388928307
2922,Michael Penix Jr.,TE,ATL,9.558562483082218,-15.022015992091648,-21.030822388928307
2923,Vederian Lowe,TE,NE,9.558562483082218,-15.022015992091648,-21.030822388928307
2924,Ben Sinnott,TE,WAS,9.558562483082218,-15.022015992091648,-21.030822388928307
2925,Andrew Ogletree,TE,IND,9.558562483082218,-15.022015992091648,-21.030822388928307
2926,Mike Woods,TE,CLE,9.558562483082218,-15.022015992091648,-21.030822388928307
2927,Connor Heyward,TE,PIT,9.558562483082218,-15.022015992091648,-21.030822388928307
2928,Ja'Lynn Polk,TE,NE,9.558562483082218,-15.022015992091648,-21.030822388928307
2929,Cade Stover,TE,HOU,9.558562483082218,-15.022015992091648,-21.030822388928307
2930,Bryce Young,TE,CAR,9.558562483082218,-15.022015992091648,-21.030822388928307
2931,Devin Duvernay,TE,JAX,9.558562483082218,-15.022015992091648,-21.030822388928307
2932,Cedrick Wilson Jr.,TE,NO,9.558562483082218,-15.022015992091648,-21.030822388928307
2933,Jonathan Owens,TE,CHI,9.558562483082218,-15.022015992091648,-21.030822388928307
2934,Trent Sherfield,TE,MIN,9.558562483082218,-15.022015992091648,-21.030822388928307
2935,Ross Dwelley,TE,ATL,9.558562483082218,-15.022015992091648,-21.030822388928307
2936,David Bell,TE,CLE,9.558562483082218,-15.022015992091648,-21.030822388928307
2937,Trey Benson,TE,ARI,9.558562483082218,-15.022015992091648,-21.030822388928307
2938,Aaron Rodgers,TE,NYJ,9.558562483082218,-15.022015992091648,-21.030822388928307
2939,Chris Rodriguez Jr.,TE,WAS,9.558562483082218,-15.022015992091648,-21.030822388928307
2940,Scott Matlock,TE,LAC,9.558562483082218,-15.022015992091648,-21.030822388928307
2941,Xavier Hutchinson,TE,HOU,9.558562483082218,-15.022015992091648,-21.030822388928307
2942,Kameron Johnson,TE,TB,9.558562483082218,-15.022015992091648,-21.030822388928307
2943,Blake Watson,TE,DEN,9.558562483082218,-15.022015992091648,-21.030822388928307
2944,Deuce Vaughn,TE,DAL,9.558562483082218,-15.022015992091648,-21.030822388928307
2945,Ramel Keyton,TE,LV,9.558562483082218,-15.022015992091648,-21.030822388928307
2946,Kenny McIntosh,TE,SEA,9.558562483082218,-15.022015992091648,-21.030822388928307
2947,Isaac Guerendo,TE,SF,9.558562483082218,-15.022015992091648,-21.030822388928307
2948,Brayden Willis,TE,SF,9.558562483082218,-15.022015992091648,-21.030822388928307
2949,Brevyn Spann-Ford,TE,DAL,9.558562483082218,-15.022015992091648,-21.030822388928307
2950,Xavier Weaver,TE,ARI,9.558562483082218,-15.022015992091648,-21.030822388928307
2951,Ronnie Bell,TE,SF,9.558562483082218,-15.022015992091648,-21.030822388928307
2952,Braxton Berrios,TE,MIA,9.558562483082218,-15.022015992091648,-21.030822388928307
2953,Mike White,TE,BUF,9.558562483082218,-15.022015992091648,-21.030822388928307
2954,Tyrell Shavers,TE,BUF,9.558562483082218,-15.022015992091648,-21.030822388928307
2955,Justin Watson,TE,KC,9.558562483082218,-15.022015992091648,-21.030822388928307
2956,Van Jefferson,TE,PIT,9.558562483082218,-15.022015992091648,-21.030822388928307
2957,Ashtyn Davis,TE,NYJ,9.558562483082218,-15.022015992091648,-21.030822388928307
2958,Justin Herbert,TE,LAC,9.558562483082218,-15.022015992091648,-21.030822388928307
2959,Clyde Edwards-Helaire,TE,NO,9.558562483082218,-15.022015992091648,-21.030822388928307
2960,Darrynton Evans,TE,CHI,9.558562483082218,-15.022015992091648,-21.030822388928307
2961,Laviska Shenault Jr.,TE,LAC,9.558562483082218,-15.022015992091648,-21.030822388928307
2962,Jordan Love,TE,GB,9.558562483082218,-15.022015992091648,-21.030822388928307
2963,Collin Johnson,TE,CHI,9.558562483082218,-15.022015992091648,-21.030822388928307
2964,Zack Moss,TE,CIN,9.558562483082218,-15.022015992091648,-21.030822388928307
2965,DeeJay Dallas,TE,ARI,9.558562483082218,-15.022015992091648,-21.030822388928307
2966,Harrison Bryant,TE,LV,9.558562483082218,-15.022015992091648,-21.030822388928307
2967,Jonathan Taylor,TE,IND,9.558562483082218,-15.022015992091648,-21.030822388928307
2968,Jeff Wilson,TE,MIA,9.558562483082218,-15.022015992091648,-21.030822388928307
2969,J.K. Scott,TE,LAC,9.558562483082218,-15.022015992091648,-21.030822388928307
2970,Tim Boyle,TE,NYG,9.558562483082218,-15.022015992091648,-21.030822388928307
2971,Gus Edwards,TE,LAC,9.558562483082218,-15.022015992091648,-21.030822388928307
2972,Mike Boone,TE,CAR,9.558562483082218,-15.022015992091648,-21.030822388928307
2973,Anthony Miller,TE,BAL,9.558562483082218,-15.022015992091648,-21.030822388928307
2974,Ian Thomas,TE,CAR,9.558562483082218,-15.022015992091648,-21.030822388928307
2975,Jordan Mims,TE,NO,9.558562483082218,-15.022015992091648,-21.030822388928307
2976,Jalen Brooks,TE,DAL,9.558562483082218,-15.022015992091648,-21.030822388928307
2977,Chris Brooks,TE,GB,9.558562483082218,-15.022015992091648,-21.030822388928307
2978,Darnell Washington,TE,PIT,9.558562483082218,-15.022015992091648,-21.030822388928307
2979,Jacob Kibodi,TE,CLE,9.558562483082218,-15.022015992091648,-21.030822388928307
2980,Jermaine Jackson,TE,NO,9.558562483082218,-15.022015992091648,-21.030822388928307
2981,Derius Davis,TE,LAC,9.558562483082218,-15.022015992091648,-21.030822388928307
2982,Charlie Jones,TE,CIN,9.558562483082218,-15.022015992091648,-21.030822388928307
2983,Emari Demercado,TE,ARI,9.558562483082218,-15.022015992091648,-21.030822388928307
2984,Clayton Tune,TE,ARI,9.558562483082218,-15.022015992091648,-21.030822388928307
2985,Dallin Holker,TE,NO,9.558562483082218,-15.022015992091648,-21.030822388928307
2986,Nate Adkins,TE,DEN,9.558562483082218,-15.022015992091648,-21.030822388928307
2987,Jaleel McLaughlin,TE,DEN,9.558562483082218,-15.022015992091648,-21.030822388928307
2988,Emanuel Wilson,TE,GB,9.558562483082218,-15.022015992091648,-21.030822388928307
2989,Jamari Thrash,TE,CLE,9.558562483082218,-15.022015992091648,-21.030822388928307
2990,Spencer Rattler,TE,NO,9.558562483082218,-15.022015992091648,-21.030822388928307
2991,Michael Mayer,TE,LV,9.558562483082218,-15.022015992091648,-21.030822388928307
2992,Rashee Rice,TE,KC,9.558562483082218,-15.022015992091648,-21.030822388928307
2993,Davis Allen,TE,LA,9.558562483082218,-15.022015992091648,-21.030822388928307
2994,Audric Estimé,TE,DEN,9.558562483082218,-15.022015992091648,-21.030822388928307
2995,Jacob Cowing,TE,SF,9.558562483082218,-15.022015992091648,-21.030822388928307
2996,Sione Vaki,TE,DET,9.558562483082218,-15.022015992091648,-21.030822388928307
2997,Luke Musgrave,TE,GB,9.558562483082218,-15.022015992091648,-21.030822388928307
2998,Mason Tipton,TE,NO,9.558562483082218,-15.022015992091648,-21.030822388928307
2999,Aidan O'Connell,TE,LV,9.558562483082218,-15.022015992091648,-21.030822388928307
3000,Tank Bigsby,TE,JAX,9.558562483082218,-15.022015992091648,-21.030822388928307
3001,Kendre Miller,TE,NO,9.558562483082218,-15.022015992091648,-21.030822388928307
3002,Blake Whiteheart,TE,CLE,9.558562483082218,-15.022015992091648,-21.030822388928307
3003,Julian Hill,TE,MIA,9.558562483082218,-15.022015992091648,-21.030822388928307
3004,Hunter Luepke,TE,DAL,9.558562483082218,-15.022015992091648,-21.030822388928307
3005,Jake Bobo,TE,SEA,9.558562483082218,-15.022015992091648,-21.030822388928307
3006,British Brooks,TE,HOU,9.558562483082218,-15.022015992091648,-21.030822388928307
3007,Brenden Bates,TE,CLE,9.558562483082218,-15.022015992091648,-21.030822388928307
3008,Matthew Hayball,TE,NO,9.558562483082218,-15.022015992091648,-21.030822388928307
3009,Dorian Thompson-Robinson,TE,CLE,9.558562483082218,-15.022015992091648,-21.030822388928307
3010,E.J. Jenkins,TE,PHI,9.558562483082218,-15.022015992091648,-21.030822388928307
3011,Bo Nix,TE,DEN,9.558562483082218,-15.022015992091648,-21.030822388928307
3012,JC Latham,TE,TEN,9.558562483082218,-15.022015992091648,-21.030822388928307
3013,Grant DuBose,TE,MIA,9.558562483082218,-15.022015992091648,-21.030822388928307
3014,Malik Willis,TE,GB,9.558562483082218,-15.022015992091648,-21.030822388928307
3015,Hendon Hooker,TE,DET,9.558562483082218,-15.022015992091648,-21.030822388928307
3016,Luke Schoonmaker,TE,DAL,9.558562483082218,-15.022015992091648,-21.030822388928307
3017,Cam Grandy,TE,CIN,9.558562483082218,-15.022015992091648,-21.030822388928307
3018,David Martin-Robinson,TE,TEN,9.558562483082218,-15.022015992091648,-21.030822388928307
3019,Bryce Oliver,TE,TEN,9.558562483082218,-15.022015992091648,-21.030822388928307
3020,Nikko Remigio,TE,KC,9.558562483082218,-15.022015992091648,-21.030822388928307
3021,Cody Schrader,TE,LA,9.558562483082218,-15.022015992091648,-21.030822388928307
3022,Curtis Samuel,TE,BUF,9.537628498625919,-15.042949976547947,-21.060129967167125
3023,J.K. Dobbins,TE,LAC,9.537628498625919,-15.042949976547947,-21.060129967167125
3024,Najee Harris,TE,PIT,9.537628498625919,-15.042949976547947,-21.060129967167125
3025,Colby Parkinson,TE,LA,9.537628498625919,-15.042949976547947,-21.060129967167125
3026,Dyami Brown,TE,WAS,9.537628498625919,-15.042949976547947,-21.060129967167125
3027,Josh Whyle,TE,TEN,9.537628498625919,-15.042949976547947,-21.060129967167125
3028,Saquon Barkley,TE,PHI,9.537628498625919,-15.042949976547947,-21.060129967167125
3029,Lil'Jordan Humphrey,TE,DEN,9.537628498625919,-15.042949976547947,-21.060129967167125
3030,James Cook,TE,BUF,9.537628498625919,-15.042949976547947,-21.060129967167125
3031,Rhamondre Stevenson,TE,NE,9.537628498625919,-15.042949976547947,-21.060129967167125
3032,Tyjae Spears,TE,TEN,9.537628498625919,-15.042949976547947,-21.060129967167125
3033,Kyren Williams,TE,LA,9.537628498625919,-15.042949976547947,-21.060129967167125
3034,Kendrick Bourne,TE,NE,9.537628498625919,-15.042949976547947,-21.060129967167125
3035,Alexander Mattison,TE,LV,9.537628498625919,-15.042949976547947,-21.060129967167125
