2025-08-07 02:34:10 - Data Ingestion Service - INFO - Data Ingestion Service - 🏗️ Data Ingestion Service v1.0.0 initialized
2025-08-07 02:34:10 - Data Ingestion Service - INFO - Data Ingestion Service - 🚀 Data Ingestion Service v1.0.0 starting up...
2025-08-07 02:34:10 - Data Ingestion Service - INFO - Data Ingestion Service - ✅ Data Ingestion Service v1.0.0 started successfully in 0.00s
2025-08-07 02:34:10 - Data Ingestion Service - INFO - Data Ingestion Service - 🔥 GET /health/live started [correlation_id: 4e9d3cad-21e5-4c48-accb-94d7bc17c49e]
2025-08-07 02:34:10 - Data Ingestion Service - ERROR - Data Ingestion Service.base - Liveness check failed: 'HealthStatus' object has no attribute 'get' [correlation_id: 4e9d3cad-21e5-4c48-accb-94d7bc17c49e]\nTraceback (most recent call last):
  File "/app/src/api/base_api.py", line 174, in liveness_check
    self.contextual_logger.debug("Liveness check completed", extra={"status": result.get("status", "unknown")})
                                                                              ^^^^^^^^^^
  File "/usr/local/lib/python3.11/site-packages/pydantic/main.py", line 761, in __getattr__
    raise AttributeError(f'{type(self).__name__!r} object has no attribute {item!r}')
AttributeError: 'HealthStatus' object has no attribute 'get'
2025-08-07 02:34:10 - Data Ingestion Service - ERROR - Data Ingestion Service - ❌ GET /health/live server error (503) in 0.003s [correlation_id: 4e9d3cad-21e5-4c48-accb-94d7bc17c49e]
2025-08-07 02:34:15 - Data Ingestion Service - INFO - Data Ingestion Service - 🔥 GET /health/live started [correlation_id: 9cc52d68-73a9-419a-897f-6e6ecbadaa4f]
2025-08-07 02:34:15 - Data Ingestion Service - ERROR - Data Ingestion Service.base - Liveness check failed: 'HealthStatus' object has no attribute 'get' [correlation_id: 9cc52d68-73a9-419a-897f-6e6ecbadaa4f]\nTraceback (most recent call last):
  File "/app/src/api/base_api.py", line 174, in liveness_check
    self.contextual_logger.debug("Liveness check completed", extra={"status": result.get("status", "unknown")})
                                                                              ^^^^^^^^^^
  File "/usr/local/lib/python3.11/site-packages/pydantic/main.py", line 761, in __getattr__
    raise AttributeError(f'{type(self).__name__!r} object has no attribute {item!r}')
AttributeError: 'HealthStatus' object has no attribute 'get'
2025-08-07 02:34:15 - Data Ingestion Service - ERROR - Data Ingestion Service - ❌ GET /health/live server error (503) in 0.001s [correlation_id: 9cc52d68-73a9-419a-897f-6e6ecbadaa4f]
2025-08-07 02:34:37 - Data Ingestion Service - INFO - Data Ingestion Service - 🔥 GET /health/live started [correlation_id: 193ebbb0-43d2-4811-ad8f-9b5003c2a78f]
2025-08-07 02:34:37 - Data Ingestion Service - ERROR - Data Ingestion Service.base - Liveness check failed: 'HealthStatus' object has no attribute 'get' [correlation_id: 193ebbb0-43d2-4811-ad8f-9b5003c2a78f]\nTraceback (most recent call last):
  File "/app/src/api/base_api.py", line 174, in liveness_check
    self.contextual_logger.debug("Liveness check completed", extra={"status": result.get("status", "unknown")})
                                                                              ^^^^^^^^^^
  File "/usr/local/lib/python3.11/site-packages/pydantic/main.py", line 761, in __getattr__
    raise AttributeError(f'{type(self).__name__!r} object has no attribute {item!r}')
AttributeError: 'HealthStatus' object has no attribute 'get'
2025-08-07 02:34:37 - Data Ingestion Service - ERROR - Data Ingestion Service - ❌ GET /health/live server error (503) in 0.005s [correlation_id: 193ebbb0-43d2-4811-ad8f-9b5003c2a78f]
2025-08-07 02:34:45 - Data Ingestion Service - INFO - Data Ingestion Service - 🔥 GET /health/live started [correlation_id: e6c4da64-d314-4ec6-8215-3c47e793d244]
2025-08-07 02:34:45 - Data Ingestion Service - ERROR - Data Ingestion Service.base - Liveness check failed: 'HealthStatus' object has no attribute 'get' [correlation_id: e6c4da64-d314-4ec6-8215-3c47e793d244]\nTraceback (most recent call last):
  File "/app/src/api/base_api.py", line 174, in liveness_check
    self.contextual_logger.debug("Liveness check completed", extra={"status": result.get("status", "unknown")})
                                                                              ^^^^^^^^^^
  File "/usr/local/lib/python3.11/site-packages/pydantic/main.py", line 761, in __getattr__
    raise AttributeError(f'{type(self).__name__!r} object has no attribute {item!r}')
AttributeError: 'HealthStatus' object has no attribute 'get'
2025-08-07 02:34:45 - Data Ingestion Service - ERROR - Data Ingestion Service - ❌ GET /health/live server error (503) in 0.002s [correlation_id: e6c4da64-d314-4ec6-8215-3c47e793d244]
2025-08-07 02:35:01 - Data Ingestion Service - INFO - Data Ingestion Service - 🔥 GET /health/live started [correlation_id: 19115c49-1338-4e77-9a4c-135dc90a7469]
2025-08-07 02:35:01 - Data Ingestion Service - ERROR - Data Ingestion Service.base - Liveness check failed: 'HealthStatus' object has no attribute 'get' [correlation_id: 19115c49-1338-4e77-9a4c-135dc90a7469]\nTraceback (most recent call last):
  File "/app/src/api/base_api.py", line 174, in liveness_check
    self.contextual_logger.debug("Liveness check completed", extra={"status": result.get("status", "unknown")})
                                                                              ^^^^^^^^^^
  File "/usr/local/lib/python3.11/site-packages/pydantic/main.py", line 761, in __getattr__
    raise AttributeError(f'{type(self).__name__!r} object has no attribute {item!r}')
AttributeError: 'HealthStatus' object has no attribute 'get'
2025-08-07 02:35:01 - Data Ingestion Service - ERROR - Data Ingestion Service - ❌ GET /health/live server error (503) in 0.010s [correlation_id: 19115c49-1338-4e77-9a4c-135dc90a7469]
2025-08-07 02:35:01 - Data Ingestion Service - INFO - Data Ingestion Service - 🔥 GET /health/ready started [correlation_id: 0ee8fbe3-4330-4f1f-8e63-0d203b5c8106]
2025-08-07 02:35:02 - Data Ingestion Service - INFO - Data Ingestion Service - ✅ GET /health/ready completed (200) in 1.007s [correlation_id: 0ee8fbe3-4330-4f1f-8e63-0d203b5c8106]
2025-08-07 02:35:02 - Data Ingestion Service - INFO - Data Ingestion Service - 🔥 GET /health/deep started [correlation_id: 7674829a-031f-47db-9310-fc963699a846]
2025-08-07 02:35:02 - Data Ingestion Service - INFO - Data Ingestion Service - ✅ GET /health/deep completed (200) in 0.001s [correlation_id: 7674829a-031f-47db-9310-fc963699a846]
2025-08-07 02:35:15 - Data Ingestion Service - INFO - Data Ingestion Service - 🔥 GET /health/live started [correlation_id: 34f2c515-7683-4d15-a368-ea067bc54edc]
2025-08-07 02:35:15 - Data Ingestion Service - ERROR - Data Ingestion Service.base - Liveness check failed: 'HealthStatus' object has no attribute 'get' [correlation_id: 34f2c515-7683-4d15-a368-ea067bc54edc]\nTraceback (most recent call last):
  File "/app/src/api/base_api.py", line 174, in liveness_check
    self.contextual_logger.debug("Liveness check completed", extra={"status": result.get("status", "unknown")})
                                                                              ^^^^^^^^^^
  File "/usr/local/lib/python3.11/site-packages/pydantic/main.py", line 761, in __getattr__
    raise AttributeError(f'{type(self).__name__!r} object has no attribute {item!r}')
AttributeError: 'HealthStatus' object has no attribute 'get'
2025-08-07 02:35:15 - Data Ingestion Service - ERROR - Data Ingestion Service - ❌ GET /health/live server error (503) in 0.001s [correlation_id: 34f2c515-7683-4d15-a368-ea067bc54edc]
2025-08-07 02:35:31 - Data Ingestion Service - INFO - Data Ingestion Service - 🔥 GET /health/live started [correlation_id: 95b8201a-b6b8-44a6-98aa-dc8da8ee540d]
2025-08-07 02:35:31 - Data Ingestion Service - ERROR - Data Ingestion Service.base - Liveness check failed: 'HealthStatus' object has no attribute 'get' [correlation_id: 95b8201a-b6b8-44a6-98aa-dc8da8ee540d]\nTraceback (most recent call last):
  File "/app/src/api/base_api.py", line 174, in liveness_check
    self.contextual_logger.debug("Liveness check completed", extra={"status": result.get("status", "unknown")})
                                                                              ^^^^^^^^^^
  File "/usr/local/lib/python3.11/site-packages/pydantic/main.py", line 761, in __getattr__
    raise AttributeError(f'{type(self).__name__!r} object has no attribute {item!r}')
AttributeError: 'HealthStatus' object has no attribute 'get'
2025-08-07 02:35:31 - Data Ingestion Service - ERROR - Data Ingestion Service - ❌ GET /health/live server error (503) in 0.001s [correlation_id: 95b8201a-b6b8-44a6-98aa-dc8da8ee540d]
2025-08-07 02:35:31 - Data Ingestion Service - INFO - Data Ingestion Service - 🔥 POST /api/v1/data/ingest started [correlation_id: e0cd3992-03b0-4532-98d9-fbd82c3ea850]
2025-08-07 02:35:45 - Data Ingestion Service - INFO - Data Ingestion Service - 🔥 GET /health/live started [correlation_id: 73d3d8ea-191a-4e98-959c-8b78a57dc590]
2025-08-07 02:35:45 - Data Ingestion Service - ERROR - Data Ingestion Service.base - Liveness check failed: 'HealthStatus' object has no attribute 'get' [correlation_id: 73d3d8ea-191a-4e98-959c-8b78a57dc590]\nTraceback (most recent call last):
  File "/app/src/api/base_api.py", line 174, in liveness_check
    self.contextual_logger.debug("Liveness check completed", extra={"status": result.get("status", "unknown")})
                                                                              ^^^^^^^^^^
  File "/usr/local/lib/python3.11/site-packages/pydantic/main.py", line 761, in __getattr__
    raise AttributeError(f'{type(self).__name__!r} object has no attribute {item!r}')
AttributeError: 'HealthStatus' object has no attribute 'get'
2025-08-07 02:35:45 - Data Ingestion Service - ERROR - Data Ingestion Service - ❌ GET /health/live server error (503) in 0.002s [correlation_id: 73d3d8ea-191a-4e98-959c-8b78a57dc590]
2025-08-07 02:36:15 - Data Ingestion Service - INFO - Data Ingestion Service - 🔥 GET /health/live started [correlation_id: bc1a8bf7-fde3-4778-80a6-739d0a775a53]
2025-08-07 02:36:15 - Data Ingestion Service - ERROR - Data Ingestion Service.base - Liveness check failed: 'HealthStatus' object has no attribute 'get' [correlation_id: bc1a8bf7-fde3-4778-80a6-739d0a775a53]\nTraceback (most recent call last):
  File "/app/src/api/base_api.py", line 174, in liveness_check
    self.contextual_logger.debug("Liveness check completed", extra={"status": result.get("status", "unknown")})
                                                                              ^^^^^^^^^^
  File "/usr/local/lib/python3.11/site-packages/pydantic/main.py", line 761, in __getattr__
    raise AttributeError(f'{type(self).__name__!r} object has no attribute {item!r}')
AttributeError: 'HealthStatus' object has no attribute 'get'
2025-08-07 02:36:15 - Data Ingestion Service - ERROR - Data Ingestion Service - ❌ GET /health/live server error (503) in 0.002s [correlation_id: bc1a8bf7-fde3-4778-80a6-739d0a775a53]
2025-08-07 02:36:31 - Data Ingestion Service - WARNING - Data Ingestion Service - ⚠️ POST /api/v1/data/ingest client error (400) in 60.476s [correlation_id: e0cd3992-03b0-4532-98d9-fbd82c3ea850]
2025-08-07 02:36:45 - Data Ingestion Service - INFO - Data Ingestion Service - 🔥 GET /health/live started [correlation_id: 812cfebe-3222-4626-80a0-7b64c638ea3a]
2025-08-07 02:36:45 - Data Ingestion Service - ERROR - Data Ingestion Service.base - Liveness check failed: 'HealthStatus' object has no attribute 'get' [correlation_id: 812cfebe-3222-4626-80a0-7b64c638ea3a]\nTraceback (most recent call last):
  File "/app/src/api/base_api.py", line 174, in liveness_check
    self.contextual_logger.debug("Liveness check completed", extra={"status": result.get("status", "unknown")})
                                                                              ^^^^^^^^^^
  File "/usr/local/lib/python3.11/site-packages/pydantic/main.py", line 761, in __getattr__
    raise AttributeError(f'{type(self).__name__!r} object has no attribute {item!r}')
AttributeError: 'HealthStatus' object has no attribute 'get'
2025-08-07 02:36:45 - Data Ingestion Service - ERROR - Data Ingestion Service - ❌ GET /health/live server error (503) in 0.002s [correlation_id: 812cfebe-3222-4626-80a0-7b64c638ea3a]
2025-08-07 02:37:15 - Data Ingestion Service - INFO - Data Ingestion Service - 🔥 GET /health/live started [correlation_id: 5044a544-25b9-4dbf-8d21-977a253d65e0]
2025-08-07 02:37:15 - Data Ingestion Service - ERROR - Data Ingestion Service.base - Liveness check failed: 'HealthStatus' object has no attribute 'get' [correlation_id: 5044a544-25b9-4dbf-8d21-977a253d65e0]\nTraceback (most recent call last):
  File "/app/src/api/base_api.py", line 174, in liveness_check
    self.contextual_logger.debug("Liveness check completed", extra={"status": result.get("status", "unknown")})
                                                                              ^^^^^^^^^^
  File "/usr/local/lib/python3.11/site-packages/pydantic/main.py", line 761, in __getattr__
    raise AttributeError(f'{type(self).__name__!r} object has no attribute {item!r}')
AttributeError: 'HealthStatus' object has no attribute 'get'
2025-08-07 02:37:15 - Data Ingestion Service - ERROR - Data Ingestion Service - ❌ GET /health/live server error (503) in 0.002s [correlation_id: 5044a544-25b9-4dbf-8d21-977a253d65e0]
2025-08-07 02:37:45 - Data Ingestion Service - INFO - Data Ingestion Service - 🔥 GET /health/live started [correlation_id: 10c1d40f-0b89-4fd3-a6cb-21ff81ba429d]
2025-08-07 02:37:45 - Data Ingestion Service - ERROR - Data Ingestion Service.base - Liveness check failed: 'HealthStatus' object has no attribute 'get' [correlation_id: 10c1d40f-0b89-4fd3-a6cb-21ff81ba429d]\nTraceback (most recent call last):
  File "/app/src/api/base_api.py", line 174, in liveness_check
    self.contextual_logger.debug("Liveness check completed", extra={"status": result.get("status", "unknown")})
                                                                              ^^^^^^^^^^
  File "/usr/local/lib/python3.11/site-packages/pydantic/main.py", line 761, in __getattr__
    raise AttributeError(f'{type(self).__name__!r} object has no attribute {item!r}')
AttributeError: 'HealthStatus' object has no attribute 'get'
2025-08-07 02:37:45 - Data Ingestion Service - ERROR - Data Ingestion Service - ❌ GET /health/live server error (503) in 0.002s [correlation_id: 10c1d40f-0b89-4fd3-a6cb-21ff81ba429d]
2025-08-07 02:38:15 - Data Ingestion Service - INFO - Data Ingestion Service - 🔥 GET /health/live started [correlation_id: 27f3d379-3950-4d1a-b5ff-2d09991d0359]
2025-08-07 02:38:15 - Data Ingestion Service - ERROR - Data Ingestion Service.base - Liveness check failed: 'HealthStatus' object has no attribute 'get' [correlation_id: 27f3d379-3950-4d1a-b5ff-2d09991d0359]\nTraceback (most recent call last):
  File "/app/src/api/base_api.py", line 174, in liveness_check
    self.contextual_logger.debug("Liveness check completed", extra={"status": result.get("status", "unknown")})
                                                                              ^^^^^^^^^^
  File "/usr/local/lib/python3.11/site-packages/pydantic/main.py", line 761, in __getattr__
    raise AttributeError(f'{type(self).__name__!r} object has no attribute {item!r}')
AttributeError: 'HealthStatus' object has no attribute 'get'
2025-08-07 02:38:15 - Data Ingestion Service - ERROR - Data Ingestion Service - ❌ GET /health/live server error (503) in 0.002s [correlation_id: 27f3d379-3950-4d1a-b5ff-2d09991d0359]
2025-08-07 02:38:45 - Data Ingestion Service - INFO - Data Ingestion Service - 🔥 GET /health/live started [correlation_id: d467d9be-f9b6-4320-af62-8b04caabdfe8]
2025-08-07 02:38:45 - Data Ingestion Service - ERROR - Data Ingestion Service.base - Liveness check failed: 'HealthStatus' object has no attribute 'get' [correlation_id: d467d9be-f9b6-4320-af62-8b04caabdfe8]\nTraceback (most recent call last):
  File "/app/src/api/base_api.py", line 174, in liveness_check
    self.contextual_logger.debug("Liveness check completed", extra={"status": result.get("status", "unknown")})
                                                                              ^^^^^^^^^^
  File "/usr/local/lib/python3.11/site-packages/pydantic/main.py", line 761, in __getattr__
    raise AttributeError(f'{type(self).__name__!r} object has no attribute {item!r}')
AttributeError: 'HealthStatus' object has no attribute 'get'
2025-08-07 02:38:45 - Data Ingestion Service - ERROR - Data Ingestion Service - ❌ GET /health/live server error (503) in 0.014s [correlation_id: d467d9be-f9b6-4320-af62-8b04caabdfe8]
2025-08-07 02:39:10 - Data Ingestion Service - INFO - Data Ingestion Service - 🔥 GET /health/live started [correlation_id: f6b97c82-f55a-4f82-8d90-2cd90e02d56a]
2025-08-07 02:39:10 - Data Ingestion Service - ERROR - Data Ingestion Service.base - Liveness check failed: 'HealthStatus' object has no attribute 'get' [correlation_id: f6b97c82-f55a-4f82-8d90-2cd90e02d56a]\nTraceback (most recent call last):
  File "/app/src/api/base_api.py", line 174, in liveness_check
    self.contextual_logger.debug("Liveness check completed", extra={"status": result.get("status", "unknown")})
                                                                              ^^^^^^^^^^
  File "/usr/local/lib/python3.11/site-packages/pydantic/main.py", line 761, in __getattr__
    raise AttributeError(f'{type(self).__name__!r} object has no attribute {item!r}')
AttributeError: 'HealthStatus' object has no attribute 'get'
2025-08-07 02:39:10 - Data Ingestion Service - ERROR - Data Ingestion Service - ❌ GET /health/live server error (503) in 0.007s [correlation_id: f6b97c82-f55a-4f82-8d90-2cd90e02d56a]
2025-08-07 02:39:15 - Data Ingestion Service - INFO - Data Ingestion Service - 🔥 GET /health/live started [correlation_id: a206813e-6a4b-4e6f-ac5e-bd9638686ec7]
2025-08-07 02:39:15 - Data Ingestion Service - ERROR - Data Ingestion Service.base - Liveness check failed: 'HealthStatus' object has no attribute 'get' [correlation_id: a206813e-6a4b-4e6f-ac5e-bd9638686ec7]\nTraceback (most recent call last):
  File "/app/src/api/base_api.py", line 174, in liveness_check
    self.contextual_logger.debug("Liveness check completed", extra={"status": result.get("status", "unknown")})
                                                                              ^^^^^^^^^^
  File "/usr/local/lib/python3.11/site-packages/pydantic/main.py", line 761, in __getattr__
    raise AttributeError(f'{type(self).__name__!r} object has no attribute {item!r}')
AttributeError: 'HealthStatus' object has no attribute 'get'
2025-08-07 02:39:15 - Data Ingestion Service - ERROR - Data Ingestion Service - ❌ GET /health/live server error (503) in 0.002s [correlation_id: a206813e-6a4b-4e6f-ac5e-bd9638686ec7]
2025-08-07 02:39:45 - Data Ingestion Service - INFO - Data Ingestion Service - 🔥 GET /health/live started [correlation_id: 8d799d69-ff2f-444d-a737-390656342127]
2025-08-07 02:39:45 - Data Ingestion Service - ERROR - Data Ingestion Service.base - Liveness check failed: 'HealthStatus' object has no attribute 'get' [correlation_id: 8d799d69-ff2f-444d-a737-390656342127]\nTraceback (most recent call last):
  File "/app/src/api/base_api.py", line 174, in liveness_check
    self.contextual_logger.debug("Liveness check completed", extra={"status": result.get("status", "unknown")})
                                                                              ^^^^^^^^^^
  File "/usr/local/lib/python3.11/site-packages/pydantic/main.py", line 761, in __getattr__
    raise AttributeError(f'{type(self).__name__!r} object has no attribute {item!r}')
AttributeError: 'HealthStatus' object has no attribute 'get'
2025-08-07 02:39:45 - Data Ingestion Service - ERROR - Data Ingestion Service - ❌ GET /health/live server error (503) in 0.002s [correlation_id: 8d799d69-ff2f-444d-a737-390656342127]
2025-08-07 02:39:46 - Data Ingestion Service - INFO - Data Ingestion Service - 🔥 GET /health/live started [correlation_id: e0dc35bc-a4f9-4183-b214-00e377aae8f0]
2025-08-07 02:39:46 - Data Ingestion Service - ERROR - Data Ingestion Service.base - Liveness check failed: 'HealthStatus' object has no attribute 'get' [correlation_id: e0dc35bc-a4f9-4183-b214-00e377aae8f0]\nTraceback (most recent call last):
  File "/app/src/api/base_api.py", line 174, in liveness_check
    self.contextual_logger.debug("Liveness check completed", extra={"status": result.get("status", "unknown")})
                                                                              ^^^^^^^^^^
  File "/usr/local/lib/python3.11/site-packages/pydantic/main.py", line 761, in __getattr__
    raise AttributeError(f'{type(self).__name__!r} object has no attribute {item!r}')
AttributeError: 'HealthStatus' object has no attribute 'get'
2025-08-07 02:39:46 - Data Ingestion Service - ERROR - Data Ingestion Service - ❌ GET /health/live server error (503) in 0.008s [correlation_id: e0dc35bc-a4f9-4183-b214-00e377aae8f0]
2025-08-07 02:40:15 - Data Ingestion Service - INFO - Data Ingestion Service - 🔥 GET /health/live started [correlation_id: f759f887-eb90-4c37-8bca-272096d9270b]
2025-08-07 02:40:15 - Data Ingestion Service - ERROR - Data Ingestion Service.base - Liveness check failed: 'HealthStatus' object has no attribute 'get' [correlation_id: f759f887-eb90-4c37-8bca-272096d9270b]\nTraceback (most recent call last):
  File "/app/src/api/base_api.py", line 174, in liveness_check
    self.contextual_logger.debug("Liveness check completed", extra={"status": result.get("status", "unknown")})
                                                                              ^^^^^^^^^^
  File "/usr/local/lib/python3.11/site-packages/pydantic/main.py", line 761, in __getattr__
    raise AttributeError(f'{type(self).__name__!r} object has no attribute {item!r}')
AttributeError: 'HealthStatus' object has no attribute 'get'
2025-08-07 02:40:15 - Data Ingestion Service - ERROR - Data Ingestion Service - ❌ GET /health/live server error (503) in 0.004s [correlation_id: f759f887-eb90-4c37-8bca-272096d9270b]
2025-08-07 02:40:45 - Data Ingestion Service - INFO - Data Ingestion Service - 🔥 GET /health/live started [correlation_id: 8c1bc2d2-fe1b-44a4-a9c0-18d62009f475]
2025-08-07 02:40:45 - Data Ingestion Service - ERROR - Data Ingestion Service.base - Liveness check failed: 'HealthStatus' object has no attribute 'get' [correlation_id: 8c1bc2d2-fe1b-44a4-a9c0-18d62009f475]\nTraceback (most recent call last):
  File "/app/src/api/base_api.py", line 174, in liveness_check
    self.contextual_logger.debug("Liveness check completed", extra={"status": result.get("status", "unknown")})
                                                                              ^^^^^^^^^^
  File "/usr/local/lib/python3.11/site-packages/pydantic/main.py", line 761, in __getattr__
    raise AttributeError(f'{type(self).__name__!r} object has no attribute {item!r}')
AttributeError: 'HealthStatus' object has no attribute 'get'
2025-08-07 02:40:45 - Data Ingestion Service - ERROR - Data Ingestion Service - ❌ GET /health/live server error (503) in 0.004s [correlation_id: 8c1bc2d2-fe1b-44a4-a9c0-18d62009f475]
2025-08-07 02:40:56 - Data Ingestion Service - INFO - Data Ingestion Service - 🛑 Data Ingestion Service v1.0.0 shutting down...
2025-08-07 02:40:56 - Data Ingestion Service - INFO - Data Ingestion Service - ✅ Data Ingestion Service v1.0.0 shutdown complete
2025-08-07 02:42:26 - Data Ingestion Service - INFO - Data Ingestion Service - 🏗️ Data Ingestion Service v1.0.0 initialized
2025-08-07 02:42:26 - Data Ingestion Service - INFO - Data Ingestion Service - 🚀 Data Ingestion Service v1.0.0 starting up...
2025-08-07 02:42:26 - Data Ingestion Service - INFO - Data Ingestion Service - ✅ Data Ingestion Service v1.0.0 started successfully in 0.00s
2025-08-07 02:42:27 - Data Ingestion Service - INFO - Data Ingestion Service - 🔥 GET /health/live started [correlation_id: 1be5cb06-3d5b-4880-8433-9eff6ec5aebb]
2025-08-07 02:42:27 - Data Ingestion Service - INFO - Data Ingestion Service - ✅ GET /health/live completed (200) in 0.001s [correlation_id: 1be5cb06-3d5b-4880-8433-9eff6ec5aebb]
2025-08-07 02:42:31 - Data Ingestion Service - INFO - Data Ingestion Service - 🔥 GET /health/live started [correlation_id: a558545f-ccb2-442a-98b7-5ca2a4664c77]
2025-08-07 02:42:31 - Data Ingestion Service - INFO - Data Ingestion Service - ✅ GET /health/live completed (200) in 0.002s [correlation_id: a558545f-ccb2-442a-98b7-5ca2a4664c77]
2025-08-07 02:42:55 - Data Ingestion Service - INFO - Data Ingestion Service - 🔥 GET /health/live started [correlation_id: 4b3bbb67-758d-4f44-b752-f0ff682f5c05]
2025-08-07 02:42:55 - Data Ingestion Service - INFO - Data Ingestion Service - ✅ GET /health/live completed (200) in 0.001s [correlation_id: 4b3bbb67-758d-4f44-b752-f0ff682f5c05]
2025-08-07 02:43:01 - Data Ingestion Service - INFO - Data Ingestion Service - 🔥 GET /health/live started [correlation_id: ba959a7d-fa93-4026-a386-a29c1c587fa6]
2025-08-07 02:43:01 - Data Ingestion Service - INFO - Data Ingestion Service - ✅ GET /health/live completed (200) in 0.001s [correlation_id: ba959a7d-fa93-4026-a386-a29c1c587fa6]
2025-08-07 02:43:03 - Data Ingestion Service - INFO - Data Ingestion Service - 🔥 GET /health/live started [correlation_id: 2aef749c-3913-40a3-876d-80089e038780]
2025-08-07 02:43:03 - Data Ingestion Service - INFO - Data Ingestion Service - ✅ GET /health/live completed (200) in 0.001s [correlation_id: 2aef749c-3913-40a3-876d-80089e038780]
2025-08-07 02:43:03 - Data Ingestion Service - INFO - Data Ingestion Service - 🔥 POST /api/v1/data/ingest started [correlation_id: 65a569b9-c1d6-4caf-8c0a-5e18d2fce630]
2025-08-07 02:43:31 - Data Ingestion Service - INFO - Data Ingestion Service - 🔥 GET /health/live started [correlation_id: d4fae1a7-3dc0-4f58-adb3-bb383ea815fc]
2025-08-07 02:43:31 - Data Ingestion Service - INFO - Data Ingestion Service - ✅ GET /health/live completed (200) in 0.001s [correlation_id: d4fae1a7-3dc0-4f58-adb3-bb383ea815fc]
2025-08-07 02:44:01 - Data Ingestion Service - INFO - Data Ingestion Service - 🔥 GET /health/live started [correlation_id: 90e00bab-c87e-4102-8dd4-9e1bab794536]
2025-08-07 02:44:01 - Data Ingestion Service - INFO - Data Ingestion Service - ✅ GET /health/live completed (200) in 0.002s [correlation_id: 90e00bab-c87e-4102-8dd4-9e1bab794536]
2025-08-07 02:44:03 - Data Ingestion Service - WARNING - Data Ingestion Service - ⚠️ POST /api/v1/data/ingest client error (400) in 60.180s [correlation_id: 65a569b9-c1d6-4caf-8c0a-5e18d2fce630]
2025-08-07 02:44:31 - Data Ingestion Service - INFO - Data Ingestion Service - 🔥 GET /health/live started [correlation_id: 08b27ce4-4401-4ea2-b7f2-2cb7ed2f8847]
2025-08-07 02:44:31 - Data Ingestion Service - INFO - Data Ingestion Service - ✅ GET /health/live completed (200) in 0.002s [correlation_id: 08b27ce4-4401-4ea2-b7f2-2cb7ed2f8847]
2025-08-07 02:45:01 - Data Ingestion Service - INFO - Data Ingestion Service - 🔥 GET /health/live started [correlation_id: 0c91d1c9-1dda-49b6-9e9c-cdbea4699da1]
2025-08-07 02:45:01 - Data Ingestion Service - INFO - Data Ingestion Service - ✅ GET /health/live completed (200) in 0.001s [correlation_id: 0c91d1c9-1dda-49b6-9e9c-cdbea4699da1]
2025-08-07 02:45:31 - Data Ingestion Service - INFO - Data Ingestion Service - 🔥 GET /health/live started [correlation_id: ad7f7c24-c3c7-4210-a5ce-7fd21ce28a07]
2025-08-07 02:45:31 - Data Ingestion Service - INFO - Data Ingestion Service - ✅ GET /health/live completed (200) in 0.002s [correlation_id: ad7f7c24-c3c7-4210-a5ce-7fd21ce28a07]
2025-08-07 02:46:01 - Data Ingestion Service - INFO - Data Ingestion Service - 🔥 GET /health/live started [correlation_id: 64c67b41-d15d-474d-b555-0d1887c22fbc]
2025-08-07 02:46:01 - Data Ingestion Service - INFO - Data Ingestion Service - ✅ GET /health/live completed (200) in 0.001s [correlation_id: 64c67b41-d15d-474d-b555-0d1887c22fbc]
2025-08-07 02:46:31 - Data Ingestion Service - INFO - Data Ingestion Service - 🔥 GET /health/live started [correlation_id: 67d7c2ee-1bc4-4d45-b05d-bb99848cee3b]
2025-08-07 02:46:31 - Data Ingestion Service - INFO - Data Ingestion Service - ✅ GET /health/live completed (200) in 0.001s [correlation_id: 67d7c2ee-1bc4-4d45-b05d-bb99848cee3b]
2025-08-07 02:47:01 - Data Ingestion Service - INFO - Data Ingestion Service - 🔥 GET /health/live started [correlation_id: 6802ce83-18c8-4aff-8283-b7d2cdada382]
2025-08-07 02:47:01 - Data Ingestion Service - INFO - Data Ingestion Service - ✅ GET /health/live completed (200) in 0.001s [correlation_id: 6802ce83-18c8-4aff-8283-b7d2cdada382]
2025-08-07 02:47:13 - Data Ingestion Service - INFO - Data Ingestion Service - 🛑 Data Ingestion Service v1.0.0 shutting down...
2025-08-07 02:47:13 - Data Ingestion Service - INFO - Data Ingestion Service - ✅ Data Ingestion Service v1.0.0 shutdown complete
2025-08-07 02:47:54 - Data Ingestion Service - INFO - Data Ingestion Service - 🏗️ Data Ingestion Service v1.0.0 initialized
2025-08-07 02:47:54 - Data Ingestion Service - INFO - Data Ingestion Service - 🚀 Data Ingestion Service v1.0.0 starting up...
2025-08-07 02:47:54 - Data Ingestion Service - INFO - Data Ingestion Service - ✅ Data Ingestion Service v1.0.0 started successfully in 0.00s
2025-08-07 02:47:54 - Data Ingestion Service - INFO - Data Ingestion Service - 🔥 GET /health/live started [correlation_id: 21efadc0-548c-43f1-a715-de230ed1d52d]
2025-08-07 02:47:54 - Data Ingestion Service - INFO - Data Ingestion Service - ✅ GET /health/live completed (200) in 0.004s [correlation_id: 21efadc0-548c-43f1-a715-de230ed1d52d]
2025-08-07 02:47:54 - Data Ingestion Service - INFO - Data Ingestion Service - 🔥 GET /health/live started [correlation_id: 2f5ab0e9-2a0c-4c9b-a666-f82ccbad3e2f]
2025-08-07 02:47:54 - Data Ingestion Service - INFO - Data Ingestion Service - ✅ GET /health/live completed (200) in 0.001s [correlation_id: 2f5ab0e9-2a0c-4c9b-a666-f82ccbad3e2f]
2025-08-07 02:47:58 - Data Ingestion Service - INFO - Data Ingestion Service - 🔥 GET /health/live started [correlation_id: 9c3ecb7f-0e24-4588-9e72-68157f7de80e]
2025-08-07 02:47:58 - Data Ingestion Service - INFO - Data Ingestion Service - ✅ GET /health/live completed (200) in 0.001s [correlation_id: 9c3ecb7f-0e24-4588-9e72-68157f7de80e]
2025-08-07 02:48:28 - Data Ingestion Service - INFO - Data Ingestion Service - 🔥 GET /health/live started [correlation_id: 96bc9902-6468-4280-a235-9bd18e42683d]
2025-08-07 02:48:28 - Data Ingestion Service - INFO - Data Ingestion Service - ✅ GET /health/live completed (200) in 0.001s [correlation_id: 96bc9902-6468-4280-a235-9bd18e42683d]
2025-08-07 02:48:31 - Data Ingestion Service - INFO - Data Ingestion Service - 🔥 GET /health/live started [correlation_id: 0d0ff661-eb19-4068-aea0-999b575d6468]
2025-08-07 02:48:31 - Data Ingestion Service - INFO - Data Ingestion Service - ✅ GET /health/live completed (200) in 0.001s [correlation_id: 0d0ff661-eb19-4068-aea0-999b575d6468]
2025-08-07 02:48:31 - Data Ingestion Service - INFO - Data Ingestion Service - 🔥 POST /api/v1/data/ingest started [correlation_id: 87403a18-dcee-406f-84d5-02e7c9856530]
2025-08-07 02:48:58 - Data Ingestion Service - INFO - Data Ingestion Service - 🔥 GET /health/live started [correlation_id: a55c55a3-7ad1-4fcb-b025-2d8d5f38a45c]
2025-08-07 02:48:58 - Data Ingestion Service - INFO - Data Ingestion Service - ✅ GET /health/live completed (200) in 0.001s [correlation_id: a55c55a3-7ad1-4fcb-b025-2d8d5f38a45c]
2025-08-07 02:49:28 - Data Ingestion Service - INFO - Data Ingestion Service - 🔥 GET /health/live started [correlation_id: 864a81c7-09c6-4fa4-8a1b-3521f791a938]
2025-08-07 02:49:28 - Data Ingestion Service - INFO - Data Ingestion Service - ✅ GET /health/live completed (200) in 0.001s [correlation_id: 864a81c7-09c6-4fa4-8a1b-3521f791a938]
2025-08-07 02:49:31 - Data Ingestion Service - WARNING - Data Ingestion Service - ⚠️ POST /api/v1/data/ingest client error (400) in 60.572s [correlation_id: 87403a18-dcee-406f-84d5-02e7c9856530]
2025-08-07 02:49:58 - Data Ingestion Service - INFO - Data Ingestion Service - 🔥 GET /health/live started [correlation_id: 2e6a836a-17bd-416e-b592-c522d9869d2b]
2025-08-07 02:49:58 - Data Ingestion Service - INFO - Data Ingestion Service - ✅ GET /health/live completed (200) in 0.001s [correlation_id: 2e6a836a-17bd-416e-b592-c522d9869d2b]
2025-08-07 02:50:28 - Data Ingestion Service - INFO - Data Ingestion Service - 🔥 GET /health/live started [correlation_id: 1d3a5d3d-6a8b-4f54-b75c-185ca9f6f4a7]
2025-08-07 02:50:28 - Data Ingestion Service - INFO - Data Ingestion Service - ✅ GET /health/live completed (200) in 0.001s [correlation_id: 1d3a5d3d-6a8b-4f54-b75c-185ca9f6f4a7]
2025-08-07 02:50:58 - Data Ingestion Service - INFO - Data Ingestion Service - 🔥 GET /health/live started [correlation_id: 71ed7198-69d8-4a4b-83ed-7b9b70e57e6c]
2025-08-07 02:50:58 - Data Ingestion Service - INFO - Data Ingestion Service - ✅ GET /health/live completed (200) in 0.001s [correlation_id: 71ed7198-69d8-4a4b-83ed-7b9b70e57e6c]
2025-08-07 02:51:28 - Data Ingestion Service - INFO - Data Ingestion Service - 🔥 GET /health/live started [correlation_id: 0c2e2369-1a65-46a4-9e47-0af5f2a88972]
2025-08-07 02:51:28 - Data Ingestion Service - INFO - Data Ingestion Service - ✅ GET /health/live completed (200) in 0.001s [correlation_id: 0c2e2369-1a65-46a4-9e47-0af5f2a88972]
2025-08-07 02:51:59 - Data Ingestion Service - INFO - Data Ingestion Service - 🔥 GET /health/live started [correlation_id: ee01fc35-8983-403f-bfda-2187b94d5694]
2025-08-07 02:51:59 - Data Ingestion Service - INFO - Data Ingestion Service - ✅ GET /health/live completed (200) in 0.001s [correlation_id: ee01fc35-8983-403f-bfda-2187b94d5694]
2025-08-07 02:52:29 - Data Ingestion Service - INFO - Data Ingestion Service - 🔥 GET /health/live started [correlation_id: ff901d46-d2a0-4281-92b2-4d7109ca60f3]
2025-08-07 02:52:29 - Data Ingestion Service - INFO - Data Ingestion Service - ✅ GET /health/live completed (200) in 0.001s [correlation_id: ff901d46-d2a0-4281-92b2-4d7109ca60f3]
2025-08-07 02:52:54 - Data Ingestion Service - INFO - Data Ingestion Service - 🔥 GET /health/live started [correlation_id: b3ccdbe1-d0b0-41b6-9cc2-8eec004fd499]
2025-08-07 02:52:54 - Data Ingestion Service - INFO - Data Ingestion Service - ✅ GET /health/live completed (200) in 0.008s [correlation_id: b3ccdbe1-d0b0-41b6-9cc2-8eec004fd499]
2025-08-07 02:52:59 - Data Ingestion Service - INFO - Data Ingestion Service - 🔥 GET /health/live started [correlation_id: 3c690181-1ffb-463b-8d55-857015463b89]
2025-08-07 02:52:59 - Data Ingestion Service - INFO - Data Ingestion Service - ✅ GET /health/live completed (200) in 0.001s [correlation_id: 3c690181-1ffb-463b-8d55-857015463b89]
2025-08-07 02:53:29 - Data Ingestion Service - INFO - Data Ingestion Service - 🔥 GET /health/live started [correlation_id: 09950f13-cd6c-46b0-9f22-d0f9e74c817c]
2025-08-07 02:53:29 - Data Ingestion Service - INFO - Data Ingestion Service - ✅ GET /health/live completed (200) in 0.001s [correlation_id: 09950f13-cd6c-46b0-9f22-d0f9e74c817c]
2025-08-07 02:53:50 - Data Ingestion Service - INFO - Data Ingestion Service - 🔥 POST /api/v1/data/ingest started [correlation_id: a9695e53-1194-4b74-86c9-bcde92c6caff]
2025-08-07 02:53:59 - Data Ingestion Service - INFO - Data Ingestion Service - 🔥 GET /health/live started [correlation_id: dc559f18-3a0c-48b3-99f2-44f56f61a3dc]
2025-08-07 02:53:59 - Data Ingestion Service - INFO - Data Ingestion Service - ✅ GET /health/live completed (200) in 0.001s [correlation_id: dc559f18-3a0c-48b3-99f2-44f56f61a3dc]
2025-08-07 02:54:29 - Data Ingestion Service - INFO - Data Ingestion Service - 🔥 GET /health/live started [correlation_id: 688e2939-4aaa-4ed6-a127-4ce194361445]
2025-08-07 02:54:29 - Data Ingestion Service - INFO - Data Ingestion Service - ✅ GET /health/live completed (200) in 0.001s [correlation_id: 688e2939-4aaa-4ed6-a127-4ce194361445]
2025-08-07 02:54:59 - Data Ingestion Service - INFO - Data Ingestion Service - 🔥 GET /health/live started [correlation_id: 67311360-9c47-40aa-97b0-b05e3d09c767]
2025-08-07 02:54:59 - Data Ingestion Service - INFO - Data Ingestion Service - ✅ GET /health/live completed (200) in 0.001s [correlation_id: 67311360-9c47-40aa-97b0-b05e3d09c767]
2025-08-07 02:55:29 - Data Ingestion Service - INFO - Data Ingestion Service - 🔥 GET /health/live started [correlation_id: e9c65795-01ea-459d-a5a2-4aa6b8732351]
2025-08-07 02:55:29 - Data Ingestion Service - INFO - Data Ingestion Service - ✅ GET /health/live completed (200) in 0.001s [correlation_id: e9c65795-01ea-459d-a5a2-4aa6b8732351]
2025-08-07 02:55:50 - Data Ingestion Service - WARNING - Data Ingestion Service - ⚠️ POST /api/v1/data/ingest client error (400) in 120.072s [correlation_id: a9695e53-1194-4b74-86c9-bcde92c6caff]
2025-08-07 02:55:59 - Data Ingestion Service - INFO - Data Ingestion Service - 🔥 GET /health/live started [correlation_id: 6603080b-5aeb-4ced-b4e2-4b3ef40750bd]
2025-08-07 02:55:59 - Data Ingestion Service - INFO - Data Ingestion Service - ✅ GET /health/live completed (200) in 0.001s [correlation_id: 6603080b-5aeb-4ced-b4e2-4b3ef40750bd]
2025-08-07 02:56:29 - Data Ingestion Service - INFO - Data Ingestion Service - 🔥 GET /health/live started [correlation_id: dde1f606-2af1-4254-9387-c71710a12597]
2025-08-07 02:56:29 - Data Ingestion Service - INFO - Data Ingestion Service - ✅ GET /health/live completed (200) in 0.001s [correlation_id: dde1f606-2af1-4254-9387-c71710a12597]
2025-08-07 02:56:59 - Data Ingestion Service - INFO - Data Ingestion Service - 🔥 GET /health/live started [correlation_id: 8da85b8a-b8c3-4836-9a9b-1707a3f6b8ce]
2025-08-07 02:56:59 - Data Ingestion Service - INFO - Data Ingestion Service - ✅ GET /health/live completed (200) in 0.001s [correlation_id: 8da85b8a-b8c3-4836-9a9b-1707a3f6b8ce]
2025-08-07 02:57:03 - Data Ingestion Service - INFO - Data Ingestion Service - 🛑 Data Ingestion Service v1.0.0 shutting down...
2025-08-07 02:57:03 - Data Ingestion Service - INFO - Data Ingestion Service - ✅ Data Ingestion Service v1.0.0 shutdown complete
2025-08-07 02:57:04 - Data Ingestion Service - INFO - Data Ingestion Service - 🏗️ Data Ingestion Service v1.0.0 initialized
2025-08-07 02:57:04 - Data Ingestion Service - INFO - Data Ingestion Service - 🚀 Data Ingestion Service v1.0.0 starting up...
2025-08-07 02:57:04 - Data Ingestion Service - INFO - Data Ingestion Service - ✅ Data Ingestion Service v1.0.0 started successfully in 0.00s
2025-08-07 02:57:09 - Data Ingestion Service - INFO - Data Ingestion Service - 🔥 GET /health/live started [correlation_id: 01d32e91-17bf-44cd-87c5-d0ec7d71f56b]
2025-08-07 02:57:09 - Data Ingestion Service - INFO - Data Ingestion Service - ✅ GET /health/live completed (200) in 0.001s [correlation_id: 01d32e91-17bf-44cd-87c5-d0ec7d71f56b]
2025-08-07 02:57:20 - Data Ingestion Service - INFO - Data Ingestion Service - 🔥 POST /api/v1/data/test-direct started [correlation_id: ce6f74f9-d4b8-458c-9d75-a2219bb0187e]
2025-08-07 02:57:20 - Data Ingestion Service - WARNING - Data Ingestion Service - ⚠️ POST /api/v1/data/test-direct client error (404) in 0.006s [correlation_id: ce6f74f9-d4b8-458c-9d75-a2219bb0187e]
2025-08-07 02:57:39 - Data Ingestion Service - INFO - Data Ingestion Service - 🔥 GET /health/live started [correlation_id: 3a3e307a-e021-4f0c-ae06-422727c6ab6b]
2025-08-07 02:57:39 - Data Ingestion Service - INFO - Data Ingestion Service - ✅ GET /health/live completed (200) in 0.001s [correlation_id: 3a3e307a-e021-4f0c-ae06-422727c6ab6b]
2025-08-07 02:57:54 - Data Ingestion Service - INFO - Data Ingestion Service - 🔥 GET /health/live started [correlation_id: 909a107a-d067-4502-8bd6-65bea935a31c]
2025-08-07 02:57:54 - Data Ingestion Service - INFO - Data Ingestion Service - ✅ GET /health/live completed (200) in 0.007s [correlation_id: 909a107a-d067-4502-8bd6-65bea935a31c]
2025-08-07 02:58:09 - Data Ingestion Service - INFO - Data Ingestion Service - 🔥 GET /health/live started [correlation_id: d1ee3a09-9fb9-4fb0-bde7-0eedea34514d]
2025-08-07 02:58:09 - Data Ingestion Service - INFO - Data Ingestion Service - ✅ GET /health/live completed (200) in 0.001s [correlation_id: d1ee3a09-9fb9-4fb0-bde7-0eedea34514d]
2025-08-07 02:58:29 - Data Ingestion Service - INFO - Data Ingestion Service - 🛑 Data Ingestion Service v1.0.0 shutting down...
2025-08-07 02:58:29 - Data Ingestion Service - INFO - Data Ingestion Service - ✅ Data Ingestion Service v1.0.0 shutdown complete
2025-08-07 02:58:30 - Data Ingestion Service - INFO - Data Ingestion Service - 🏗️ Data Ingestion Service v1.0.0 initialized
2025-08-07 02:58:30 - Data Ingestion Service - INFO - Data Ingestion Service - 🚀 Data Ingestion Service v1.0.0 starting up...
2025-08-07 02:58:30 - Data Ingestion Service - INFO - Data Ingestion Service - ✅ Data Ingestion Service v1.0.0 started successfully in 0.00s
2025-08-07 02:58:35 - Data Ingestion Service - INFO - Data Ingestion Service - 🔥 GET /health/live started [correlation_id: d1ac717b-8930-4bc0-93db-dd70c1ca0074]
2025-08-07 02:58:35 - Data Ingestion Service - INFO - Data Ingestion Service - ✅ GET /health/live completed (200) in 0.001s [correlation_id: d1ac717b-8930-4bc0-93db-dd70c1ca0074]
2025-08-07 02:58:45 - Data Ingestion Service - INFO - Data Ingestion Service - 🔥 POST /api/v1/data/ingest started [correlation_id: bfa85840-3415-4287-9f1b-38a334fe5ec4]
2025-08-07 02:59:05 - Data Ingestion Service - INFO - Data Ingestion Service - 🔥 GET /health/live started [correlation_id: 3324f9da-4f9d-4b03-97c3-b8c4e0f7af04]
2025-08-07 02:59:05 - Data Ingestion Service - INFO - Data Ingestion Service - ✅ GET /health/live completed (200) in 0.001s [correlation_id: 3324f9da-4f9d-4b03-97c3-b8c4e0f7af04]
2025-08-07 02:59:15 - Data Ingestion Service - WARNING - Data Ingestion Service - ⚠️ POST /api/v1/data/ingest client error (400) in 30.012s [correlation_id: bfa85840-3415-4287-9f1b-38a334fe5ec4]
2025-08-07 02:59:35 - Data Ingestion Service - INFO - Data Ingestion Service - 🔥 GET /health/live started [correlation_id: 275de9c6-f1e8-4047-8366-dc1fc5c94583]
2025-08-07 02:59:35 - Data Ingestion Service - INFO - Data Ingestion Service - ✅ GET /health/live completed (200) in 0.001s [correlation_id: 275de9c6-f1e8-4047-8366-dc1fc5c94583]
2025-08-07 03:00:05 - Data Ingestion Service - INFO - Data Ingestion Service - 🔥 GET /health/live started [correlation_id: a70f8a1a-8172-4176-b2ac-074dc8bbc563]
2025-08-07 03:00:05 - Data Ingestion Service - INFO - Data Ingestion Service - ✅ GET /health/live completed (200) in 0.001s [correlation_id: a70f8a1a-8172-4176-b2ac-074dc8bbc563]
2025-08-07 03:00:35 - Data Ingestion Service - INFO - Data Ingestion Service - 🔥 GET /health/live started [correlation_id: ed305ec7-2bc7-4cf0-888e-4c2677ae3ff7]
2025-08-07 03:00:35 - Data Ingestion Service - INFO - Data Ingestion Service - ✅ GET /health/live completed (200) in 0.002s [correlation_id: ed305ec7-2bc7-4cf0-888e-4c2677ae3ff7]
2025-08-07 03:01:05 - Data Ingestion Service - INFO - Data Ingestion Service - 🔥 GET /health/live started [correlation_id: dbe75403-1dba-4483-b337-a093effe9ca9]
2025-08-07 03:01:05 - Data Ingestion Service - INFO - Data Ingestion Service - ✅ GET /health/live completed (200) in 0.002s [correlation_id: dbe75403-1dba-4483-b337-a093effe9ca9]
2025-08-07 03:01:35 - Data Ingestion Service - INFO - Data Ingestion Service - 🔥 GET /health/live started [correlation_id: a938df85-74fe-4602-a621-8013d9d8a4e7]
2025-08-07 03:01:35 - Data Ingestion Service - INFO - Data Ingestion Service - ✅ GET /health/live completed (200) in 0.002s [correlation_id: a938df85-74fe-4602-a621-8013d9d8a4e7]
2025-08-07 03:02:05 - Data Ingestion Service - INFO - Data Ingestion Service - 🔥 GET /health/live started [correlation_id: 4928171b-f587-4a76-b160-f32bb7f716f0]
2025-08-07 03:02:05 - Data Ingestion Service - INFO - Data Ingestion Service - ✅ GET /health/live completed (200) in 0.002s [correlation_id: 4928171b-f587-4a76-b160-f32bb7f716f0]
2025-08-07 03:02:35 - Data Ingestion Service - INFO - Data Ingestion Service - 🔥 GET /health/live started [correlation_id: 3e2ee580-ab43-43dc-b218-0248e2c645aa]
2025-08-07 03:02:35 - Data Ingestion Service - INFO - Data Ingestion Service - ✅ GET /health/live completed (200) in 0.002s [correlation_id: 3e2ee580-ab43-43dc-b218-0248e2c645aa]
2025-08-07 03:02:54 - Data Ingestion Service - INFO - Data Ingestion Service - 🔥 GET /health/live started [correlation_id: 69c5d7bb-62b6-4922-adba-f7c6c9585126]
2025-08-07 03:02:54 - Data Ingestion Service - INFO - Data Ingestion Service - ✅ GET /health/live completed (200) in 0.003s [correlation_id: 69c5d7bb-62b6-4922-adba-f7c6c9585126]
2025-08-07 03:03:05 - Data Ingestion Service - INFO - Data Ingestion Service - 🔥 GET /health/live started [correlation_id: dc0f984f-7fba-4aab-9945-28395438088a]
2025-08-07 03:03:05 - Data Ingestion Service - INFO - Data Ingestion Service - ✅ GET /health/live completed (200) in 0.001s [correlation_id: dc0f984f-7fba-4aab-9945-28395438088a]
2025-08-07 03:03:35 - Data Ingestion Service - INFO - Data Ingestion Service - 🔥 GET /health/live started [correlation_id: 74604f11-642f-4574-8095-4169891a4764]
2025-08-07 03:03:35 - Data Ingestion Service - INFO - Data Ingestion Service - ✅ GET /health/live completed (200) in 0.001s [correlation_id: 74604f11-642f-4574-8095-4169891a4764]
2025-08-07 03:04:05 - Data Ingestion Service - INFO - Data Ingestion Service - 🔥 GET /health/live started [correlation_id: c39ceb3c-43c3-4001-aed0-856dcad120c4]
2025-08-07 03:04:05 - Data Ingestion Service - INFO - Data Ingestion Service - ✅ GET /health/live completed (200) in 0.001s [correlation_id: c39ceb3c-43c3-4001-aed0-856dcad120c4]
2025-08-07 03:04:35 - Data Ingestion Service - INFO - Data Ingestion Service - 🔥 GET /health/live started [correlation_id: 34c591da-47ba-415d-b5fa-daa17fd436b5]
2025-08-07 03:04:35 - Data Ingestion Service - INFO - Data Ingestion Service - ✅ GET /health/live completed (200) in 0.001s [correlation_id: 34c591da-47ba-415d-b5fa-daa17fd436b5]
2025-08-07 03:05:05 - Data Ingestion Service - INFO - Data Ingestion Service - 🔥 GET /health/live started [correlation_id: 4090f886-fb6c-4735-944c-6e97180b8d8e]
2025-08-07 03:05:05 - Data Ingestion Service - INFO - Data Ingestion Service - ✅ GET /health/live completed (200) in 0.001s [correlation_id: 4090f886-fb6c-4735-944c-6e97180b8d8e]
2025-08-07 03:05:09 - Data Ingestion Service - INFO - Data Ingestion Service - 🛑 Data Ingestion Service v1.0.0 shutting down...
2025-08-07 03:05:09 - Data Ingestion Service - INFO - Data Ingestion Service - ✅ Data Ingestion Service v1.0.0 shutdown complete
2025-08-07 03:05:13 - Data Ingestion Service - INFO - Data Ingestion Service - 🏗️ Data Ingestion Service v1.0.0 initialized
2025-08-07 03:05:13 - Data Ingestion Service - INFO - Data Ingestion Service - 🚀 Data Ingestion Service v1.0.0 starting up...
2025-08-07 03:05:13 - Data Ingestion Service - INFO - Data Ingestion Service - ✅ Data Ingestion Service v1.0.0 started successfully in 0.00s
2025-08-07 03:05:13 - Data Ingestion Service - INFO - Data Ingestion Service - 🔥 GET /health/live started [correlation_id: 541e809b-84cd-4ed5-bc5b-30f6246d9872]
2025-08-07 03:05:13 - Data Ingestion Service - INFO - Data Ingestion Service - ✅ GET /health/live completed (200) in 0.001s [correlation_id: 541e809b-84cd-4ed5-bc5b-30f6246d9872]
2025-08-07 03:05:17 - Data Ingestion Service - INFO - Data Ingestion Service - 🔥 GET /health/live started [correlation_id: b5ab1730-b775-4eaf-b350-b95294233048]
2025-08-07 03:05:17 - Data Ingestion Service - INFO - Data Ingestion Service - ✅ GET /health/live completed (200) in 0.001s [correlation_id: b5ab1730-b775-4eaf-b350-b95294233048]
2025-08-07 03:05:28 - Data Ingestion Service - INFO - Data Ingestion Service - 🔥 GET /health/live started [correlation_id: 6f0936e3-d017-4ba0-9cbf-9847b761004a]
2025-08-07 03:05:28 - Data Ingestion Service - INFO - Data Ingestion Service - ✅ GET /health/live completed (200) in 0.002s [correlation_id: 6f0936e3-d017-4ba0-9cbf-9847b761004a]
2025-08-07 03:05:36 - Data Ingestion Service - INFO - Data Ingestion Service - 🔥 GET /health/live started [correlation_id: ac47410e-7b7a-4eec-9fc4-daaad5259d63]
2025-08-07 03:05:36 - Data Ingestion Service - INFO - Data Ingestion Service - ✅ GET /health/live completed (200) in 0.002s [correlation_id: ac47410e-7b7a-4eec-9fc4-daaad5259d63]
2025-08-07 03:05:44 - Data Ingestion Service - INFO - Data Ingestion Service - 🔥 POST /api/v1/data/ingest started [correlation_id: 070862e9-e553-40da-b5da-ef6dc5e5e8eb]
2025-08-07 03:05:47 - Data Ingestion Service - INFO - Data Ingestion Service - 🔥 GET /health/live started [correlation_id: a55a9e70-a42c-488b-9f72-f9c8ad5af765]
2025-08-07 03:05:47 - Data Ingestion Service - INFO - Data Ingestion Service - ✅ GET /health/live completed (200) in 0.001s [correlation_id: a55a9e70-a42c-488b-9f72-f9c8ad5af765]
2025-08-07 03:06:14 - Data Ingestion Service - WARNING - Data Ingestion Service - ⚠️ POST /api/v1/data/ingest client error (400) in 30.003s [correlation_id: 070862e9-e553-40da-b5da-ef6dc5e5e8eb]
2025-08-07 03:06:17 - Data Ingestion Service - INFO - Data Ingestion Service - 🔥 GET /health/live started [correlation_id: 4116191c-0817-4eeb-9846-bfffad9164b5]
2025-08-07 03:06:17 - Data Ingestion Service - INFO - Data Ingestion Service - ✅ GET /health/live completed (200) in 0.001s [correlation_id: 4116191c-0817-4eeb-9846-bfffad9164b5]
2025-08-07 03:06:47 - Data Ingestion Service - INFO - Data Ingestion Service - 🔥 GET /health/live started [correlation_id: 55591fda-ac3c-4a5d-ad82-faad0babf17e]
2025-08-07 03:06:47 - Data Ingestion Service - INFO - Data Ingestion Service - ✅ GET /health/live completed (200) in 0.001s [correlation_id: 55591fda-ac3c-4a5d-ad82-faad0babf17e]
2025-08-07 03:07:18 - Data Ingestion Service - INFO - Data Ingestion Service - 🔥 GET /health/live started [correlation_id: fa4165a1-6b41-47f7-aac3-7f01084d4d84]
2025-08-07 03:07:18 - Data Ingestion Service - INFO - Data Ingestion Service - ✅ GET /health/live completed (200) in 0.001s [correlation_id: fa4165a1-6b41-47f7-aac3-7f01084d4d84]
2025-08-07 03:07:26 - Data Ingestion Service - INFO - Data Ingestion Service - 🛑 Data Ingestion Service v1.0.0 shutting down...
2025-08-07 03:07:26 - Data Ingestion Service - INFO - Data Ingestion Service - ✅ Data Ingestion Service v1.0.0 shutdown complete
2025-08-07 03:07:26 - Data Ingestion Service - INFO - Data Ingestion Service - 🏗️ Data Ingestion Service v1.0.0 initialized
2025-08-07 03:07:26 - Data Ingestion Service - INFO - Data Ingestion Service - 🚀 Data Ingestion Service v1.0.0 starting up...
2025-08-07 03:07:26 - Data Ingestion Service - INFO - Data Ingestion Service - ✅ Data Ingestion Service v1.0.0 started successfully in 0.00s
2025-08-07 03:07:31 - Data Ingestion Service - INFO - Data Ingestion Service - 🔥 GET /health/live started [correlation_id: dbc597e3-f6ba-451a-b638-b0021c497681]
2025-08-07 03:07:31 - Data Ingestion Service - INFO - Data Ingestion Service - ✅ GET /health/live completed (200) in 0.001s [correlation_id: dbc597e3-f6ba-451a-b638-b0021c497681]
2025-08-07 03:07:41 - Data Ingestion Service - INFO - Data Ingestion Service - 🔥 POST /api/v1/data/ingest started [correlation_id: 9d11c480-dd1e-4ce2-846f-bcd9a7ada582]
2025-08-07 03:07:56 - Data Ingestion Service - WARNING - Data Ingestion Service - ⚠️ POST /api/v1/data/ingest client error (400) in 15.002s [correlation_id: 9d11c480-dd1e-4ce2-846f-bcd9a7ada582]
2025-08-07 03:08:01 - Data Ingestion Service - INFO - Data Ingestion Service - 🔥 GET /health/live started [correlation_id: e5694580-204e-40cf-9379-dfe9c986df1b]
2025-08-07 03:08:01 - Data Ingestion Service - INFO - Data Ingestion Service - ✅ GET /health/live completed (200) in 0.001s [correlation_id: e5694580-204e-40cf-9379-dfe9c986df1b]
2025-08-07 03:08:31 - Data Ingestion Service - INFO - Data Ingestion Service - 🔥 GET /health/live started [correlation_id: 251c6fc4-6620-4f20-b873-851610cbef39]
2025-08-07 03:08:31 - Data Ingestion Service - INFO - Data Ingestion Service - ✅ GET /health/live completed (200) in 0.001s [correlation_id: 251c6fc4-6620-4f20-b873-851610cbef39]
2025-08-07 03:08:31 - Data Ingestion Service - INFO - Data Ingestion Service - 🛑 Data Ingestion Service v1.0.0 shutting down...
2025-08-07 03:08:31 - Data Ingestion Service - INFO - Data Ingestion Service - ✅ Data Ingestion Service v1.0.0 shutdown complete
2025-08-07 03:08:33 - Data Ingestion Service - INFO - Data Ingestion Service - 🏗️ Data Ingestion Service v1.0.0 initialized
2025-08-07 03:08:33 - Data Ingestion Service - INFO - Data Ingestion Service - 🚀 Data Ingestion Service v1.0.0 starting up...
2025-08-07 03:08:33 - Data Ingestion Service - INFO - Data Ingestion Service - ✅ Data Ingestion Service v1.0.0 started successfully in 0.00s
2025-08-07 03:08:37 - Data Ingestion Service - INFO - Data Ingestion Service - 🔥 GET /health/live started [correlation_id: 32bdaba9-8a39-4bbf-8bfe-82894894b836]
2025-08-07 03:08:37 - Data Ingestion Service - INFO - Data Ingestion Service - ✅ GET /health/live completed (200) in 0.001s [correlation_id: 32bdaba9-8a39-4bbf-8bfe-82894894b836]
2025-08-07 03:08:50 - Data Ingestion Service - INFO - Data Ingestion Service - 🔥 POST /api/v1/data/ingest started [correlation_id: 767e51ca-3843-435a-944a-9c48254e743a]
2025-08-07 03:08:50 - Data Ingestion Service - INFO - Data Ingestion Service - ✅ POST /api/v1/data/ingest completed (200) in 0.010s [correlation_id: 767e51ca-3843-435a-944a-9c48254e743a]
2025-08-07 03:09:07 - Data Ingestion Service - INFO - Data Ingestion Service - 🔥 GET /health/live started [correlation_id: 421a0ff0-9599-4a4a-a6a0-09583eabef2f]
2025-08-07 03:09:07 - Data Ingestion Service - INFO - Data Ingestion Service - ✅ GET /health/live completed (200) in 0.001s [correlation_id: 421a0ff0-9599-4a4a-a6a0-09583eabef2f]
2025-08-07 03:09:09 - Data Ingestion Service - INFO - Data Ingestion Service - 🔥 GET /health/live started [correlation_id: 72972ece-88c1-4afd-a409-5e0ab4a4eb1e]
2025-08-07 03:09:09 - Data Ingestion Service - INFO - Data Ingestion Service - ✅ GET /health/live completed (200) in 0.003s [correlation_id: 72972ece-88c1-4afd-a409-5e0ab4a4eb1e]
2025-08-07 03:09:09 - Data Ingestion Service - INFO - Data Ingestion Service - 🔥 GET /health/ready started [correlation_id: d1c77291-af8a-4df2-8832-388915d0b62e]
2025-08-07 03:09:10 - Data Ingestion Service - INFO - Data Ingestion Service - ✅ GET /health/ready completed (200) in 1.005s [correlation_id: d1c77291-af8a-4df2-8832-388915d0b62e]
2025-08-07 03:09:10 - Data Ingestion Service - INFO - Data Ingestion Service - 🔥 GET /health/deep started [correlation_id: b89309e3-c435-45cf-b449-61676d5eb5a1]
2025-08-07 03:09:10 - Data Ingestion Service - INFO - Data Ingestion Service - ✅ GET /health/deep completed (200) in 0.003s [correlation_id: b89309e3-c435-45cf-b449-61676d5eb5a1]
2025-08-07 03:09:37 - Data Ingestion Service - INFO - Data Ingestion Service - 🔥 GET /health/live started [correlation_id: 94783413-95a2-4840-a8b5-9e0b5790a597]
2025-08-07 03:09:37 - Data Ingestion Service - INFO - Data Ingestion Service - ✅ GET /health/live completed (200) in 0.001s [correlation_id: 94783413-95a2-4840-a8b5-9e0b5790a597]
2025-08-07 03:10:07 - Data Ingestion Service - INFO - Data Ingestion Service - 🔥 GET /health/live started [correlation_id: ae694637-0ad5-49b9-8f9d-fd66ebe7d651]
2025-08-07 03:10:07 - Data Ingestion Service - INFO - Data Ingestion Service - ✅ GET /health/live completed (200) in 0.001s [correlation_id: ae694637-0ad5-49b9-8f9d-fd66ebe7d651]
2025-08-07 03:10:37 - Data Ingestion Service - INFO - Data Ingestion Service - 🔥 GET /health/live started [correlation_id: 7951ffed-fc5d-4545-9504-12afc4dce13f]
2025-08-07 03:10:37 - Data Ingestion Service - INFO - Data Ingestion Service - ✅ GET /health/live completed (200) in 0.001s [correlation_id: 7951ffed-fc5d-4545-9504-12afc4dce13f]
2025-08-07 03:11:07 - Data Ingestion Service - INFO - Data Ingestion Service - 🔥 GET /health/live started [correlation_id: accc90c3-efe9-40c7-9313-4ab2c3c891a7]
2025-08-07 03:11:07 - Data Ingestion Service - INFO - Data Ingestion Service - ✅ GET /health/live completed (200) in 0.001s [correlation_id: accc90c3-efe9-40c7-9313-4ab2c3c891a7]
2025-08-07 03:11:37 - Data Ingestion Service - INFO - Data Ingestion Service - 🔥 GET /health/live started [correlation_id: fd03fec7-c46b-4455-9750-93b5541e09d1]
2025-08-07 03:11:37 - Data Ingestion Service - INFO - Data Ingestion Service - ✅ GET /health/live completed (200) in 0.000s [correlation_id: fd03fec7-c46b-4455-9750-93b5541e09d1]
2025-08-07 03:12:01 - Data Ingestion Service - INFO - Data Ingestion Service - 🔥 POST /api/v1/data/ingest started [correlation_id: 91f3c5bc-e2ef-4618-bc35-f406dd63395e]
2025-08-07 03:12:01 - Data Ingestion Service - INFO - Data Ingestion Service - ✅ POST /api/v1/data/ingest completed (200) in 0.009s [correlation_id: 91f3c5bc-e2ef-4618-bc35-f406dd63395e]
2025-08-07 03:12:09 - Data Ingestion Service - INFO - Data Ingestion Service - 🔥 GET /health/live started [correlation_id: 2421d4ef-8c4b-450a-b408-6977a8a93a0f]
2025-08-07 03:12:09 - Data Ingestion Service - INFO - Data Ingestion Service - ✅ GET /health/live completed (200) in 0.001s [correlation_id: 2421d4ef-8c4b-450a-b408-6977a8a93a0f]
2025-08-07 03:12:39 - Data Ingestion Service - INFO - Data Ingestion Service - 🔥 GET /health/live started [correlation_id: 9447bbbe-b0c8-452c-8bc1-5c7eae6fe4f7]
2025-08-07 03:12:39 - Data Ingestion Service - INFO - Data Ingestion Service - ✅ GET /health/live completed (200) in 0.002s [correlation_id: 9447bbbe-b0c8-452c-8bc1-5c7eae6fe4f7]
2025-08-07 03:12:43 - Data Ingestion Service - INFO - Data Ingestion Service - 🔥 POST /api/v1/data/ingest started [correlation_id: 327dad26-7df0-4e8d-8c84-743cfea6e39c]
2025-08-07 03:12:43 - Data Ingestion Service - INFO - Data Ingestion Service - ✅ POST /api/v1/data/ingest completed (200) in 0.008s [correlation_id: 327dad26-7df0-4e8d-8c84-743cfea6e39c]
2025-08-07 03:13:09 - Data Ingestion Service - INFO - Data Ingestion Service - 🔥 GET /health/live started [correlation_id: 22c2e9bf-c646-432a-92af-ff6f2f79c4dd]
2025-08-07 03:13:09 - Data Ingestion Service - INFO - Data Ingestion Service - ✅ GET /health/live completed (200) in 0.001s [correlation_id: 22c2e9bf-c646-432a-92af-ff6f2f79c4dd]
2025-08-07 03:13:32 - Data Ingestion Service - INFO - Data Ingestion Service - 🔥 GET /health/live started [correlation_id: 3726602f-ac45-48ae-911f-1ade70e0f2d4]
2025-08-07 03:13:32 - Data Ingestion Service - INFO - Data Ingestion Service - ✅ GET /health/live completed (200) in 0.003s [correlation_id: 3726602f-ac45-48ae-911f-1ade70e0f2d4]
2025-08-07 03:13:39 - Data Ingestion Service - INFO - Data Ingestion Service - 🔥 GET /health/live started [correlation_id: b414e6fd-52c7-4fad-a4b7-b0c8802fd10d]
2025-08-07 03:13:39 - Data Ingestion Service - INFO - Data Ingestion Service - ✅ GET /health/live completed (200) in 0.001s [correlation_id: b414e6fd-52c7-4fad-a4b7-b0c8802fd10d]
2025-08-07 03:14:09 - Data Ingestion Service - INFO - Data Ingestion Service - 🔥 GET /health/live started [correlation_id: 54ad5d52-db8b-4724-85c5-45b512bc0b3e]
2025-08-07 03:14:09 - Data Ingestion Service - INFO - Data Ingestion Service - ✅ GET /health/live completed (200) in 0.002s [correlation_id: 54ad5d52-db8b-4724-85c5-45b512bc0b3e]
2025-08-07 03:14:39 - Data Ingestion Service - INFO - Data Ingestion Service - 🔥 GET /health/live started [correlation_id: 95ad4aad-df08-4a94-9678-e6e74c73d298]
2025-08-07 03:14:39 - Data Ingestion Service - INFO - Data Ingestion Service - ✅ GET /health/live completed (200) in 0.001s [correlation_id: 95ad4aad-df08-4a94-9678-e6e74c73d298]
2025-08-07 03:15:10 - Data Ingestion Service - INFO - Data Ingestion Service - 🔥 GET /health/live started [correlation_id: 4ca59cc2-c2b4-45d2-bf2b-3a927a7446d8]
2025-08-07 03:15:10 - Data Ingestion Service - INFO - Data Ingestion Service - ✅ GET /health/live completed (200) in 0.001s [correlation_id: 4ca59cc2-c2b4-45d2-bf2b-3a927a7446d8]
2025-08-07 03:15:40 - Data Ingestion Service - INFO - Data Ingestion Service - 🔥 GET /health/live started [correlation_id: 1b446693-79a2-49da-a39e-5bd576929aec]
2025-08-07 03:15:40 - Data Ingestion Service - INFO - Data Ingestion Service - ✅ GET /health/live completed (200) in 0.001s [correlation_id: 1b446693-79a2-49da-a39e-5bd576929aec]
2025-08-07 03:16:10 - Data Ingestion Service - INFO - Data Ingestion Service - 🔥 GET /health/live started [correlation_id: b8be965c-23b2-4ae0-8663-408524d197b7]
2025-08-07 03:16:10 - Data Ingestion Service - INFO - Data Ingestion Service - ✅ GET /health/live completed (200) in 0.001s [correlation_id: b8be965c-23b2-4ae0-8663-408524d197b7]
2025-08-07 03:16:40 - Data Ingestion Service - INFO - Data Ingestion Service - 🔥 GET /health/live started [correlation_id: db927d18-d1e5-47ea-9238-bf4e2bb05a2d]
2025-08-07 03:16:40 - Data Ingestion Service - INFO - Data Ingestion Service - ✅ GET /health/live completed (200) in 0.001s [correlation_id: db927d18-d1e5-47ea-9238-bf4e2bb05a2d]
2025-08-07 03:17:10 - Data Ingestion Service - INFO - Data Ingestion Service - 🔥 GET /health/live started [correlation_id: 4017be27-49fb-439a-b4c4-5f3c2164ab52]
2025-08-07 03:17:10 - Data Ingestion Service - INFO - Data Ingestion Service - ✅ GET /health/live completed (200) in 0.002s [correlation_id: 4017be27-49fb-439a-b4c4-5f3c2164ab52]
2025-08-07 03:17:40 - Data Ingestion Service - INFO - Data Ingestion Service - 🔥 GET /health/live started [correlation_id: fa4eb5a7-7dad-4690-ba29-713d86b0a5c3]
2025-08-07 03:17:40 - Data Ingestion Service - INFO - Data Ingestion Service - ✅ GET /health/live completed (200) in 0.001s [correlation_id: fa4eb5a7-7dad-4690-ba29-713d86b0a5c3]
2025-08-07 03:18:03 - Data Ingestion Service - INFO - Data Ingestion Service - 🔥 GET /api/v1/data/status started [correlation_id: 373b97e6-9ab1-433d-a668-4bacbb2447ff]
2025-08-07 03:18:03 - Data Ingestion Service - INFO - Data Ingestion Service - ✅ GET /api/v1/data/status completed (200) in 0.003s [correlation_id: 373b97e6-9ab1-433d-a668-4bacbb2447ff]
2025-08-07 03:18:10 - Data Ingestion Service - INFO - Data Ingestion Service - 🔥 GET /health/live started [correlation_id: 38eb607e-d300-4e3f-981b-b877fe72a7eb]
2025-08-07 03:18:10 - Data Ingestion Service - INFO - Data Ingestion Service - ✅ GET /health/live completed (200) in 0.002s [correlation_id: 38eb607e-d300-4e3f-981b-b877fe72a7eb]
2025-08-07 03:18:11 - Data Ingestion Service - INFO - Data Ingestion Service - 🔥 GET /api/v1/data/years/2024 started [correlation_id: 40dfceb0-4400-45cb-afb6-e19139867629]
2025-08-07 03:18:11 - Data Ingestion Service - INFO - Data Ingestion Service - ✅ GET /api/v1/data/years/2024 completed (200) in 0.014s [correlation_id: 40dfceb0-4400-45cb-afb6-e19139867629]
2025-08-07 03:18:32 - Data Ingestion Service - INFO - Data Ingestion Service - 🔥 GET /health/live started [correlation_id: 70dcad5f-4574-4edd-b2c6-1853625a1c75]
2025-08-07 03:18:32 - Data Ingestion Service - INFO - Data Ingestion Service - ✅ GET /health/live completed (200) in 0.004s [correlation_id: 70dcad5f-4574-4edd-b2c6-1853625a1c75]
2025-08-07 03:18:40 - Data Ingestion Service - INFO - Data Ingestion Service - 🔥 GET /health/live started [correlation_id: cd9534b8-e25a-431f-bd8e-2532fcb992c7]
2025-08-07 03:18:40 - Data Ingestion Service - INFO - Data Ingestion Service - ✅ GET /health/live completed (200) in 0.001s [correlation_id: cd9534b8-e25a-431f-bd8e-2532fcb992c7]
2025-08-07 03:19:10 - Data Ingestion Service - INFO - Data Ingestion Service - 🔥 GET /health/live started [correlation_id: 65eb1094-00cd-4738-b305-f6d155d16ca7]
2025-08-07 03:19:10 - Data Ingestion Service - INFO - Data Ingestion Service - ✅ GET /health/live completed (200) in 0.001s [correlation_id: 65eb1094-00cd-4738-b305-f6d155d16ca7]
2025-08-07 03:19:33 - Data Ingestion Service - INFO - Data Ingestion Service - 🛑 Data Ingestion Service v1.0.0 shutting down...
2025-08-07 03:19:33 - Data Ingestion Service - INFO - Data Ingestion Service - ✅ Data Ingestion Service v1.0.0 shutdown complete
2025-08-07 03:19:37 - Data Ingestion Service - INFO - Data Ingestion Service - 🏗️ Data Ingestion Service v1.0.0 initialized
2025-08-07 03:19:37 - Data Ingestion Service - INFO - Data Ingestion Service - 🚀 Data Ingestion Service v1.0.0 starting up...
2025-08-07 03:19:37 - Data Ingestion Service - INFO - Data Ingestion Service - ✅ Data Ingestion Service v1.0.0 started successfully in 0.00s
2025-08-07 03:19:37 - Data Ingestion Service - INFO - Data Ingestion Service - 🔥 GET /health/live started [correlation_id: 044f6585-b85c-44ff-8dc7-36017d86212d]
2025-08-07 03:19:37 - Data Ingestion Service - INFO - Data Ingestion Service - ✅ GET /health/live completed (200) in 0.001s [correlation_id: 044f6585-b85c-44ff-8dc7-36017d86212d]
2025-08-07 03:19:41 - Data Ingestion Service - INFO - Data Ingestion Service - 🔥 GET /health/live started [correlation_id: 1da9167e-8858-45ce-b141-d7d9f571a875]
2025-08-07 03:19:41 - Data Ingestion Service - INFO - Data Ingestion Service - ✅ GET /health/live completed (200) in 0.001s [correlation_id: 1da9167e-8858-45ce-b141-d7d9f571a875]
2025-08-07 03:19:52 - Data Ingestion Service - INFO - Data Ingestion Service - 🔥 GET /health/live started [correlation_id: 901f2d4a-1aee-46cc-96b5-8847600efe02]
2025-08-07 03:19:52 - Data Ingestion Service - INFO - Data Ingestion Service - ✅ GET /health/live completed (200) in 0.002s [correlation_id: 901f2d4a-1aee-46cc-96b5-8847600efe02]
2025-08-07 03:20:11 - Data Ingestion Service - INFO - Data Ingestion Service - 🔥 GET /health/live started [correlation_id: 3e93a1e4-0d63-4f3d-9e5b-6fc70c14b6f1]
2025-08-07 03:20:11 - Data Ingestion Service - INFO - Data Ingestion Service - ✅ GET /health/live completed (200) in 0.001s [correlation_id: 3e93a1e4-0d63-4f3d-9e5b-6fc70c14b6f1]
2025-08-07 03:20:41 - Data Ingestion Service - INFO - Data Ingestion Service - 🔥 GET /health/live started [correlation_id: 5a08b853-8849-4af3-b8ed-47fcde7d1d39]
2025-08-07 03:20:41 - Data Ingestion Service - INFO - Data Ingestion Service - ✅ GET /health/live completed (200) in 0.001s [correlation_id: 5a08b853-8849-4af3-b8ed-47fcde7d1d39]
2025-08-07 03:20:43 - Data Ingestion Service - INFO - Data Ingestion Service - 🔥 GET /api/v1/data/test started [correlation_id: 772216ea-b643-49fa-aac8-71a808f97cc4]
2025-08-07 03:20:43 - Data Ingestion Service - INFO - Data Ingestion Service - ✅ GET /api/v1/data/test completed (200) in 0.001s [correlation_id: 772216ea-b643-49fa-aac8-71a808f97cc4]
2025-08-07 03:20:47 - Data Ingestion Service - INFO - Data Ingestion Service - 🔥 POST /api/v1/data/ingest started [correlation_id: dbb2dfb3-7ef0-4507-995e-16c382cfe669]
2025-08-07 03:20:47 - Data Ingestion Service - INFO - Data Ingestion Service - ✅ POST /api/v1/data/ingest completed (200) in 0.010s [correlation_id: dbb2dfb3-7ef0-4507-995e-16c382cfe669]
2025-08-07 03:21:04 - Data Ingestion Service - INFO - Data Ingestion Service - 🔥 POST /api/v1/data/ingest started [correlation_id: ec74b176-df6d-4401-874c-4760441c1266]
2025-08-07 03:21:04 - Data Ingestion Service - INFO - Data Ingestion Service - ✅ POST /api/v1/data/ingest completed (200) in 0.009s [correlation_id: ec74b176-df6d-4401-874c-4760441c1266]
2025-08-07 03:21:11 - Data Ingestion Service - INFO - Data Ingestion Service - 🔥 GET /health/live started [correlation_id: 057212bf-0354-4057-8e56-d4cc6f0b4f27]
2025-08-07 03:21:11 - Data Ingestion Service - INFO - Data Ingestion Service - ✅ GET /health/live completed (200) in 0.001s [correlation_id: 057212bf-0354-4057-8e56-d4cc6f0b4f27]
2025-08-07 03:21:41 - Data Ingestion Service - INFO - Data Ingestion Service - 🔥 GET /health/live started [correlation_id: 3ae5794b-09c3-4e8c-bb54-7f532d94ce68]
2025-08-07 03:21:41 - Data Ingestion Service - INFO - Data Ingestion Service - ✅ GET /health/live completed (200) in 0.002s [correlation_id: 3ae5794b-09c3-4e8c-bb54-7f532d94ce68]
2025-08-07 03:22:11 - Data Ingestion Service - INFO - Data Ingestion Service - 🔥 GET /health/live started [correlation_id: c12f8445-c098-46b0-8f2e-c2a3e7f3a6d2]
2025-08-07 03:22:11 - Data Ingestion Service - INFO - Data Ingestion Service - ✅ GET /health/live completed (200) in 0.001s [correlation_id: c12f8445-c098-46b0-8f2e-c2a3e7f3a6d2]
2025-08-07 03:22:41 - Data Ingestion Service - INFO - Data Ingestion Service - 🔥 GET /health/live started [correlation_id: 632e119f-265d-4fc5-b570-4d3f02924a46]
2025-08-07 03:22:41 - Data Ingestion Service - INFO - Data Ingestion Service - ✅ GET /health/live completed (200) in 0.001s [correlation_id: 632e119f-265d-4fc5-b570-4d3f02924a46]
2025-08-07 03:23:11 - Data Ingestion Service - INFO - Data Ingestion Service - 🔥 GET /health/live started [correlation_id: 64cd00a9-7a13-4ed8-a929-1e9a5488270b]
2025-08-07 03:23:11 - Data Ingestion Service - INFO - Data Ingestion Service - ✅ GET /health/live completed (200) in 0.001s [correlation_id: 64cd00a9-7a13-4ed8-a929-1e9a5488270b]
2025-08-07 03:23:30 - Data Ingestion Service - INFO - Data Ingestion Service - 🛑 Data Ingestion Service v1.0.0 shutting down...
2025-08-07 03:23:30 - Data Ingestion Service - INFO - Data Ingestion Service - ✅ Data Ingestion Service v1.0.0 shutdown complete
2025-08-07 03:23:31 - Data Ingestion Service - INFO - Data Ingestion Service - 🏗️ Data Ingestion Service v1.0.0 initialized
2025-08-07 03:23:31 - Data Ingestion Service - INFO - Data Ingestion Service - 🚀 Data Ingestion Service v1.0.0 starting up...
2025-08-07 03:23:31 - Data Ingestion Service - INFO - Data Ingestion Service - ✅ Data Ingestion Service v1.0.0 started successfully in 0.00s
2025-08-07 03:23:35 - Data Ingestion Service - INFO - Data Ingestion Service - 🔥 POST /api/v1/data/ingest started [correlation_id: 6ab2393e-bddc-48e2-a311-f379617e06bb]
2025-08-07 03:23:35 - Data Ingestion Service - INFO - Data Ingestion Service - ✅ POST /api/v1/data/ingest completed (200) in 0.010s [correlation_id: 6ab2393e-bddc-48e2-a311-f379617e06bb]
2025-08-07 03:23:38 - Data Ingestion Service - INFO - Data Ingestion Service - 🔥 GET /health/live started [correlation_id: 40146cee-b4d8-409f-8203-5f6645d14763]
2025-08-07 03:23:38 - Data Ingestion Service - INFO - Data Ingestion Service - ✅ GET /health/live completed (200) in 0.001s [correlation_id: 40146cee-b4d8-409f-8203-5f6645d14763]
2025-08-07 03:24:07 - Data Ingestion Service - INFO - Data Ingestion Service - 🔥 POST /api/v1/data/ingest started [correlation_id: 6325dd12-c14a-4897-b210-a1eba542bfc5]
2025-08-07 03:24:07 - Data Ingestion Service - INFO - Data Ingestion Service - ✅ POST /api/v1/data/ingest completed (200) in 0.011s [correlation_id: 6325dd12-c14a-4897-b210-a1eba542bfc5]
2025-08-07 03:24:09 - Data Ingestion Service - INFO - Data Ingestion Service - 🔥 GET /health/live started [correlation_id: 2f01826f-7937-46f1-9194-2150c7539e9e]
2025-08-07 03:24:09 - Data Ingestion Service - INFO - Data Ingestion Service - ✅ GET /health/live completed (200) in 0.001s [correlation_id: 2f01826f-7937-46f1-9194-2150c7539e9e]
2025-08-07 03:24:37 - Data Ingestion Service - INFO - Data Ingestion Service - 🔥 GET /health/live started [correlation_id: a72ea1b4-53ba-4c1f-9483-2e61f2f86ff2]
2025-08-07 03:24:37 - Data Ingestion Service - INFO - Data Ingestion Service - ✅ GET /health/live completed (200) in 0.004s [correlation_id: a72ea1b4-53ba-4c1f-9483-2e61f2f86ff2]
2025-08-07 03:24:39 - Data Ingestion Service - INFO - Data Ingestion Service - 🔥 GET /health/live started [correlation_id: f1a4c8c0-1e9a-420a-8122-db56911aa46b]
2025-08-07 03:24:39 - Data Ingestion Service - INFO - Data Ingestion Service - ✅ GET /health/live completed (200) in 0.001s [correlation_id: f1a4c8c0-1e9a-420a-8122-db56911aa46b]
2025-08-07 03:25:09 - Data Ingestion Service - INFO - Data Ingestion Service - 🔥 GET /health/live started [correlation_id: 3467b004-db78-4ffa-a934-f0d0e98132fd]
2025-08-07 03:25:09 - Data Ingestion Service - INFO - Data Ingestion Service - ✅ GET /health/live completed (200) in 0.001s [correlation_id: 3467b004-db78-4ffa-a934-f0d0e98132fd]
2025-08-07 03:25:39 - Data Ingestion Service - INFO - Data Ingestion Service - 🔥 GET /health/live started [correlation_id: 4f7db5af-f6d0-4d4e-b07d-7d6c40ea7acf]
2025-08-07 03:25:39 - Data Ingestion Service - INFO - Data Ingestion Service - ✅ GET /health/live completed (200) in 0.002s [correlation_id: 4f7db5af-f6d0-4d4e-b07d-7d6c40ea7acf]
2025-08-07 03:25:58 - Data Ingestion Service - INFO - Data Ingestion Service - 🔥 POST /api/v1/data/ingest started [correlation_id: da0ed2a9-3a82-4930-abad-f12f6e047465]
2025-08-07 03:25:58 - Data Ingestion Service - INFO - Data Ingestion Service - ✅ POST /api/v1/data/ingest completed (200) in 0.009s [correlation_id: da0ed2a9-3a82-4930-abad-f12f6e047465]
2025-08-07 03:26:09 - Data Ingestion Service - INFO - Data Ingestion Service - 🔥 GET /health/live started [correlation_id: 369bb52e-12ae-49c5-8cdd-d43139aa75aa]
2025-08-07 03:26:09 - Data Ingestion Service - INFO - Data Ingestion Service - ✅ GET /health/live completed (200) in 0.001s [correlation_id: 369bb52e-12ae-49c5-8cdd-d43139aa75aa]
2025-08-07 03:26:39 - Data Ingestion Service - INFO - Data Ingestion Service - 🔥 GET /health/live started [correlation_id: 3e4fc0fa-99c0-4359-8fcc-6fc12039106c]
2025-08-07 03:26:39 - Data Ingestion Service - INFO - Data Ingestion Service - ✅ GET /health/live completed (200) in 0.001s [correlation_id: 3e4fc0fa-99c0-4359-8fcc-6fc12039106c]
2025-08-07 03:27:01 - Data Ingestion Service - INFO - Data Ingestion Service - 🔥 GET /api/v1/data/years/2024 started [correlation_id: b6be5f22-125a-4335-8ccd-5ee7f6f9c2ee]
2025-08-07 03:27:01 - Data Ingestion Service - INFO - Data Ingestion Service - ✅ GET /api/v1/data/years/2024 completed (200) in 0.014s [correlation_id: b6be5f22-125a-4335-8ccd-5ee7f6f9c2ee]
2025-08-07 03:27:09 - Data Ingestion Service - INFO - Data Ingestion Service - 🔥 GET /health/live started [correlation_id: c0a3a50c-0b94-465f-8612-512ec54b6388]
2025-08-07 03:27:09 - Data Ingestion Service - INFO - Data Ingestion Service - ✅ GET /health/live completed (200) in 0.001s [correlation_id: c0a3a50c-0b94-465f-8612-512ec54b6388]
2025-08-07 03:27:13 - Data Ingestion Service - INFO - Data Ingestion Service - 🔥 POST /api/v1/data/ingest started [correlation_id: a9fcd3fc-c03f-4cb2-9202-20451dfe45a4]
2025-08-07 03:27:13 - Data Ingestion Service - INFO - Data Ingestion Service - ✅ POST /api/v1/data/ingest completed (200) in 0.008s [correlation_id: a9fcd3fc-c03f-4cb2-9202-20451dfe45a4]
2025-08-07 03:27:39 - Data Ingestion Service - INFO - Data Ingestion Service - 🔥 GET /health/live started [correlation_id: 70432edb-9274-4218-8b48-234d7f24edeb]
2025-08-07 03:27:39 - Data Ingestion Service - INFO - Data Ingestion Service - ✅ GET /health/live completed (200) in 0.001s [correlation_id: 70432edb-9274-4218-8b48-234d7f24edeb]
2025-08-07 03:28:01 - Data Ingestion Service - INFO - Data Ingestion Service - 🔥 GET /api/v1/data/status started [correlation_id: c14490f0-1f40-4cc4-bb18-d2e02d5fc126]
2025-08-07 03:28:01 - Data Ingestion Service - INFO - Data Ingestion Service - ✅ GET /api/v1/data/status completed (200) in 0.003s [correlation_id: c14490f0-1f40-4cc4-bb18-d2e02d5fc126]
2025-08-07 03:28:09 - Data Ingestion Service - INFO - Data Ingestion Service - 🔥 GET /health/live started [correlation_id: fcb74fb1-de29-4a6f-b98f-154ced970d3b]
2025-08-07 03:28:09 - Data Ingestion Service - INFO - Data Ingestion Service - ✅ GET /health/live completed (200) in 0.001s [correlation_id: fcb74fb1-de29-4a6f-b98f-154ced970d3b]
2025-08-07 03:28:39 - Data Ingestion Service - INFO - Data Ingestion Service - 🔥 GET /health/live started [correlation_id: 9b5eb6b0-714b-4b71-9fea-56be84831ff6]
2025-08-07 03:28:39 - Data Ingestion Service - INFO - Data Ingestion Service - ✅ GET /health/live completed (200) in 0.001s [correlation_id: 9b5eb6b0-714b-4b71-9fea-56be84831ff6]
2025-08-07 03:29:09 - Data Ingestion Service - INFO - Data Ingestion Service - 🔥 GET /health/live started [correlation_id: 9f92d210-c265-47e1-948e-fe63992f26c4]
2025-08-07 03:29:09 - Data Ingestion Service - INFO - Data Ingestion Service - ✅ GET /health/live completed (200) in 0.001s [correlation_id: 9f92d210-c265-47e1-948e-fe63992f26c4]
2025-08-07 03:29:19 - Data Ingestion Service - INFO - Data Ingestion Service - 🔥 POST /api/v1/data/ingest started [correlation_id: 9e8d0c16-7708-43cb-9351-4f6535a825f4]
2025-08-07 03:29:19 - Data Ingestion Service - INFO - Data Ingestion Service - ✅ POST /api/v1/data/ingest completed (200) in 0.009s [correlation_id: 9e8d0c16-7708-43cb-9351-4f6535a825f4]
2025-08-07 03:29:37 - Data Ingestion Service - INFO - Data Ingestion Service - 🔥 GET /health/live started [correlation_id: 35578f3d-1505-4a88-823c-d02937cb2ee6]
2025-08-07 03:29:37 - Data Ingestion Service - INFO - Data Ingestion Service - ✅ GET /health/live completed (200) in 0.005s [correlation_id: 35578f3d-1505-4a88-823c-d02937cb2ee6]
2025-08-07 03:29:39 - Data Ingestion Service - INFO - Data Ingestion Service - 🔥 GET /health/live started [correlation_id: 182bef06-2000-4897-a0fa-032f24bcba71]
2025-08-07 03:29:39 - Data Ingestion Service - INFO - Data Ingestion Service - ✅ GET /health/live completed (200) in 0.001s [correlation_id: 182bef06-2000-4897-a0fa-032f24bcba71]
2025-08-07 03:30:09 - Data Ingestion Service - INFO - Data Ingestion Service - 🔥 GET /health/live started [correlation_id: 9a9c5972-6703-47b2-9faa-6f25674786f6]
2025-08-07 03:30:09 - Data Ingestion Service - INFO - Data Ingestion Service - ✅ GET /health/live completed (200) in 0.001s [correlation_id: 9a9c5972-6703-47b2-9faa-6f25674786f6]
2025-08-07 03:30:40 - Data Ingestion Service - INFO - Data Ingestion Service - 🔥 GET /health/live started [correlation_id: ff143d11-52ab-4ec0-8dfa-ddb70143d979]
2025-08-07 03:30:40 - Data Ingestion Service - INFO - Data Ingestion Service - ✅ GET /health/live completed (200) in 0.002s [correlation_id: ff143d11-52ab-4ec0-8dfa-ddb70143d979]
2025-08-07 03:31:10 - Data Ingestion Service - INFO - Data Ingestion Service - 🔥 GET /health/live started [correlation_id: 008decb5-e2e6-466d-aaeb-d69e306d13fc]
2025-08-07 03:31:10 - Data Ingestion Service - INFO - Data Ingestion Service - ✅ GET /health/live completed (200) in 0.002s [correlation_id: 008decb5-e2e6-466d-aaeb-d69e306d13fc]
2025-08-07 03:31:40 - Data Ingestion Service - INFO - Data Ingestion Service - 🔥 GET /health/live started [correlation_id: 3456f687-b100-4a21-9c4f-b0c4e62a561d]
2025-08-07 03:31:40 - Data Ingestion Service - INFO - Data Ingestion Service - ✅ GET /health/live completed (200) in 0.002s [correlation_id: 3456f687-b100-4a21-9c4f-b0c4e62a561d]
2025-08-07 03:32:10 - Data Ingestion Service - INFO - Data Ingestion Service - 🔥 GET /health/live started [correlation_id: 17fe12fa-2453-4ea2-9a3a-58ef71d05b94]
2025-08-07 03:32:10 - Data Ingestion Service - INFO - Data Ingestion Service - ✅ GET /health/live completed (200) in 0.001s [correlation_id: 17fe12fa-2453-4ea2-9a3a-58ef71d05b94]
2025-08-07 03:32:27 - Data Ingestion Service - INFO - Data Ingestion Service - 🛑 Data Ingestion Service v1.0.0 shutting down...
2025-08-07 03:32:27 - Data Ingestion Service - INFO - Data Ingestion Service - ✅ Data Ingestion Service v1.0.0 shutdown complete
2025-08-07 03:32:27 - Data Ingestion Service - INFO - Data Ingestion Service - 🏗️ Data Ingestion Service v1.0.0 initialized
2025-08-07 03:32:27 - Data Ingestion Service - INFO - Data Ingestion Service - 🚀 Data Ingestion Service v1.0.0 starting up...
2025-08-07 03:32:27 - Data Ingestion Service - INFO - Data Ingestion Service - ✅ Data Ingestion Service v1.0.0 started successfully in 0.00s
2025-08-07 03:32:32 - Data Ingestion Service - INFO - Data Ingestion Service - 🔥 GET /health/live started [correlation_id: 915e6077-413c-46f4-9cc5-d90743ce246a]
2025-08-07 03:32:32 - Data Ingestion Service - INFO - Data Ingestion Service - ✅ GET /health/live completed (200) in 0.001s [correlation_id: 915e6077-413c-46f4-9cc5-d90743ce246a]
2025-08-07 03:32:32 - Data Ingestion Service - INFO - Data Ingestion Service - 🔥 POST /api/v1/data/ingest started [correlation_id: 4a39a484-ca52-4683-a20f-1c4551a4847d]
2025-08-07 03:32:32 - Data Ingestion Service - INFO - Data Ingestion Service - ✅ POST /api/v1/data/ingest completed (200) in 0.006s [correlation_id: 4a39a484-ca52-4683-a20f-1c4551a4847d]
2025-08-07 03:33:02 - Data Ingestion Service - INFO - Data Ingestion Service - 🔥 GET /health/live started [correlation_id: f8655900-8986-45df-a050-c97e9991268e]
2025-08-07 03:33:02 - Data Ingestion Service - INFO - Data Ingestion Service - ✅ GET /health/live completed (200) in 0.001s [correlation_id: f8655900-8986-45df-a050-c97e9991268e]
2025-08-07 03:33:19 - Data Ingestion Service - INFO - Data Ingestion Service - 🔥 POST /api/v1/data/ingest started [correlation_id: c5594474-f3c1-4c60-9939-d3ae384daa70]
2025-08-07 03:33:19 - Data Ingestion Service - INFO - Data Ingestion Service - ✅ POST /api/v1/data/ingest completed (200) in 0.008s [correlation_id: c5594474-f3c1-4c60-9939-d3ae384daa70]
2025-08-07 03:33:32 - Data Ingestion Service - INFO - Data Ingestion Service - 🔥 GET /health/live started [correlation_id: 1c4cec19-39cd-4ea9-8690-56106add9468]
2025-08-07 03:33:32 - Data Ingestion Service - INFO - Data Ingestion Service - ✅ GET /health/live completed (200) in 0.001s [correlation_id: 1c4cec19-39cd-4ea9-8690-56106add9468]
2025-08-07 03:34:02 - Data Ingestion Service - INFO - Data Ingestion Service - 🔥 GET /health/live started [correlation_id: 08193479-b442-43de-bb30-67b972f47685]
2025-08-07 03:34:02 - Data Ingestion Service - INFO - Data Ingestion Service - ✅ GET /health/live completed (200) in 0.001s [correlation_id: 08193479-b442-43de-bb30-67b972f47685]
2025-08-07 03:34:32 - Data Ingestion Service - INFO - Data Ingestion Service - 🔥 GET /health/live started [correlation_id: e6972ae8-a69f-41e6-bbe9-d644e4d08505]
2025-08-07 03:34:32 - Data Ingestion Service - INFO - Data Ingestion Service - ✅ GET /health/live completed (200) in 0.002s [correlation_id: e6972ae8-a69f-41e6-bbe9-d644e4d08505]
2025-08-07 03:34:37 - Data Ingestion Service - INFO - Data Ingestion Service - 🔥 GET /health/live started [correlation_id: 507cf6b2-7ac9-452d-8326-20155a953af8]
2025-08-07 03:34:37 - Data Ingestion Service - INFO - Data Ingestion Service - ✅ GET /health/live completed (200) in 0.005s [correlation_id: 507cf6b2-7ac9-452d-8326-20155a953af8]
2025-08-07 03:35:02 - Data Ingestion Service - INFO - Data Ingestion Service - 🔥 GET /health/live started [correlation_id: e106df8f-d8a3-433c-bbbc-46608ae24151]
2025-08-07 03:35:02 - Data Ingestion Service - INFO - Data Ingestion Service - ✅ GET /health/live completed (200) in 0.002s [correlation_id: e106df8f-d8a3-433c-bbbc-46608ae24151]
2025-08-07 03:35:32 - Data Ingestion Service - INFO - Data Ingestion Service - 🔥 GET /health/live started [correlation_id: 9772c1e7-5d3c-4df6-834c-61225058c0b8]
2025-08-07 03:35:32 - Data Ingestion Service - INFO - Data Ingestion Service - ✅ GET /health/live completed (200) in 0.001s [correlation_id: 9772c1e7-5d3c-4df6-834c-61225058c0b8]
2025-08-07 03:36:02 - Data Ingestion Service - INFO - Data Ingestion Service - 🔥 GET /health/live started [correlation_id: 5983538e-1a05-4830-9131-11649ec78fdf]
2025-08-07 03:36:02 - Data Ingestion Service - INFO - Data Ingestion Service - ✅ GET /health/live completed (200) in 0.001s [correlation_id: 5983538e-1a05-4830-9131-11649ec78fdf]
2025-08-07 03:36:32 - Data Ingestion Service - INFO - Data Ingestion Service - 🔥 GET /health/live started [correlation_id: 58995a6f-08ce-45ee-9a72-24d374af0379]
2025-08-07 03:36:32 - Data Ingestion Service - INFO - Data Ingestion Service - ✅ GET /health/live completed (200) in 0.001s [correlation_id: 58995a6f-08ce-45ee-9a72-24d374af0379]
2025-08-07 03:37:03 - Data Ingestion Service - INFO - Data Ingestion Service - 🔥 GET /health/live started [correlation_id: a0b9fdd9-27a9-48f0-a819-e19aabdbbd77]
2025-08-07 03:37:03 - Data Ingestion Service - INFO - Data Ingestion Service - ✅ GET /health/live completed (200) in 0.001s [correlation_id: a0b9fdd9-27a9-48f0-a819-e19aabdbbd77]
2025-08-07 03:37:33 - Data Ingestion Service - INFO - Data Ingestion Service - 🔥 GET /health/live started [correlation_id: e404cc92-f746-40d7-bcbb-effeb5d47483]
2025-08-07 03:37:33 - Data Ingestion Service - INFO - Data Ingestion Service - ✅ GET /health/live completed (200) in 0.001s [correlation_id: e404cc92-f746-40d7-bcbb-effeb5d47483]
2025-08-07 03:38:03 - Data Ingestion Service - INFO - Data Ingestion Service - 🔥 GET /health/live started [correlation_id: ae96e5ea-c43e-486b-b4d0-739a8b327b16]
2025-08-07 03:38:03 - Data Ingestion Service - INFO - Data Ingestion Service - ✅ GET /health/live completed (200) in 0.001s [correlation_id: ae96e5ea-c43e-486b-b4d0-739a8b327b16]
2025-08-07 03:38:33 - Data Ingestion Service - INFO - Data Ingestion Service - 🔥 GET /health/live started [correlation_id: d96214b2-51b6-4ee9-b4f8-aebe6b4f8022]
2025-08-07 03:38:33 - Data Ingestion Service - INFO - Data Ingestion Service - ✅ GET /health/live completed (200) in 0.001s [correlation_id: d96214b2-51b6-4ee9-b4f8-aebe6b4f8022]
2025-08-07 03:38:57 - Data Ingestion Service - INFO - Data Ingestion Service - 🛑 Data Ingestion Service v1.0.0 shutting down...
2025-08-07 03:38:57 - Data Ingestion Service - INFO - Data Ingestion Service - ✅ Data Ingestion Service v1.0.0 shutdown complete
2025-08-07 03:38:58 - Data Ingestion Service - INFO - Data Ingestion Service - 🏗️ Data Ingestion Service v1.0.0 initialized
2025-08-07 03:38:58 - Data Ingestion Service - INFO - Data Ingestion Service - 🚀 Data Ingestion Service v1.0.0 starting up...
2025-08-07 03:38:58 - Data Ingestion Service - INFO - Data Ingestion Service - ✅ Data Ingestion Service v1.0.0 started successfully in 0.00s
2025-08-07 03:39:02 - Data Ingestion Service - INFO - Data Ingestion Service - 🔥 POST /api/v1/data/ingest started [correlation_id: a414b596-386e-49e1-ac9b-ea44bccda023]
2025-08-07 03:39:02 - Data Ingestion Service - INFO - Data Ingestion Service - ✅ POST /api/v1/data/ingest completed (200) in 0.010s [correlation_id: a414b596-386e-49e1-ac9b-ea44bccda023]
2025-08-07 03:39:03 - Data Ingestion Service - INFO - Data Ingestion Service - 🔥 GET /health/live started [correlation_id: 04e70e68-388a-4399-81cd-4d232bb3628d]
2025-08-07 03:39:03 - Data Ingestion Service - INFO - Data Ingestion Service - ✅ GET /health/live completed (200) in 0.001s [correlation_id: 04e70e68-388a-4399-81cd-4d232bb3628d]
2025-08-07 03:39:34 - Data Ingestion Service - INFO - Data Ingestion Service - 🔥 GET /health/live started [correlation_id: f612b2fd-1e27-4fbb-b95f-91df50c5d42a]
2025-08-07 03:39:34 - Data Ingestion Service - INFO - Data Ingestion Service - ✅ GET /health/live completed (200) in 0.001s [correlation_id: f612b2fd-1e27-4fbb-b95f-91df50c5d42a]
2025-08-07 03:39:37 - Data Ingestion Service - INFO - Data Ingestion Service - 🔥 GET /health/live started [correlation_id: 37d7ca81-2d8c-4972-92f1-27367584c30f]
2025-08-07 03:39:37 - Data Ingestion Service - INFO - Data Ingestion Service - ✅ GET /health/live completed (200) in 0.004s [correlation_id: 37d7ca81-2d8c-4972-92f1-27367584c30f]
2025-08-07 03:40:03 - Data Ingestion Service - INFO - Data Ingestion Service - 🔥 POST /api/v1/data/ingest started [correlation_id: 79663110-a745-495a-a68f-5e29bee81667]
2025-08-07 03:40:03 - Data Ingestion Service - INFO - Data Ingestion Service - ✅ POST /api/v1/data/ingest completed (200) in 0.007s [correlation_id: 79663110-a745-495a-a68f-5e29bee81667]
2025-08-07 03:40:13 - Data Ingestion Service - INFO - Data Ingestion Service - 🔥 GET /health/live started [correlation_id: 3ea9ff3d-3376-4b20-af72-14167465037e]
2025-08-07 03:40:13 - Data Ingestion Service - INFO - Data Ingestion Service - ✅ GET /health/live completed (200) in 0.001s [correlation_id: 3ea9ff3d-3376-4b20-af72-14167465037e]
2025-08-07 03:40:43 - Data Ingestion Service - INFO - Data Ingestion Service - 🔥 GET /health/live started [correlation_id: 4e0a3fa6-26c4-4071-ab38-cd0d8adbda30]
2025-08-07 03:40:43 - Data Ingestion Service - INFO - Data Ingestion Service - ✅ GET /health/live completed (200) in 0.001s [correlation_id: 4e0a3fa6-26c4-4071-ab38-cd0d8adbda30]
2025-08-07 03:41:14 - Data Ingestion Service - INFO - Data Ingestion Service - 🔥 GET /health/live started [correlation_id: a68cc9a2-be2d-4024-ac8c-c9214c28723f]
2025-08-07 03:41:14 - Data Ingestion Service - INFO - Data Ingestion Service - ✅ GET /health/live completed (200) in 0.001s [correlation_id: a68cc9a2-be2d-4024-ac8c-c9214c28723f]
2025-08-07 03:41:27 - Data Ingestion Service - INFO - Data Ingestion Service - 🔥 GET /api/v1/data/status started [correlation_id: 9143b9fa-0702-429b-b093-2b6e253351db]
2025-08-07 03:41:27 - Data Ingestion Service - INFO - Data Ingestion Service - ✅ GET /api/v1/data/status completed (200) in 0.004s [correlation_id: 9143b9fa-0702-429b-b093-2b6e253351db]
2025-08-07 03:41:31 - Data Ingestion Service - INFO - Data Ingestion Service - 🔥 GET /api/v1/data/years/2021 started [correlation_id: edf7bfc5-25e1-4d81-99de-eb725f6f669d]
2025-08-07 03:41:31 - Data Ingestion Service - INFO - Data Ingestion Service - ✅ GET /api/v1/data/years/2021 completed (200) in 0.014s [correlation_id: edf7bfc5-25e1-4d81-99de-eb725f6f669d]
2025-08-07 03:41:44 - Data Ingestion Service - INFO - Data Ingestion Service - 🔥 GET /health/live started [correlation_id: fbfd89b2-51ba-46d9-8235-351f86d70f8b]
2025-08-07 03:41:44 - Data Ingestion Service - INFO - Data Ingestion Service - ✅ GET /health/live completed (200) in 0.001s [correlation_id: fbfd89b2-51ba-46d9-8235-351f86d70f8b]
2025-08-07 03:42:14 - Data Ingestion Service - INFO - Data Ingestion Service - 🔥 GET /health/live started [correlation_id: b130087c-5874-4206-bb42-3957e32ae00e]
2025-08-07 03:42:14 - Data Ingestion Service - INFO - Data Ingestion Service - ✅ GET /health/live completed (200) in 0.001s [correlation_id: b130087c-5874-4206-bb42-3957e32ae00e]
2025-08-07 03:42:44 - Data Ingestion Service - INFO - Data Ingestion Service - 🔥 GET /health/live started [correlation_id: 18abafb5-6a7e-4f70-bf48-18128e42ec62]
2025-08-07 03:42:44 - Data Ingestion Service - INFO - Data Ingestion Service - ✅ GET /health/live completed (200) in 0.001s [correlation_id: 18abafb5-6a7e-4f70-bf48-18128e42ec62]
2025-08-07 03:43:14 - Data Ingestion Service - INFO - Data Ingestion Service - 🔥 GET /health/live started [correlation_id: 6cf05169-6d3a-4d7e-9331-7d914f84079d]
2025-08-07 03:43:14 - Data Ingestion Service - INFO - Data Ingestion Service - ✅ GET /health/live completed (200) in 0.001s [correlation_id: 6cf05169-6d3a-4d7e-9331-7d914f84079d]
2025-08-07 03:43:44 - Data Ingestion Service - INFO - Data Ingestion Service - 🔥 GET /health/live started [correlation_id: 6ae72e36-7c74-483f-9c05-a4d22584f4ce]
2025-08-07 03:43:44 - Data Ingestion Service - INFO - Data Ingestion Service - ✅ GET /health/live completed (200) in 0.001s [correlation_id: 6ae72e36-7c74-483f-9c05-a4d22584f4ce]
2025-08-07 03:44:14 - Data Ingestion Service - INFO - Data Ingestion Service - 🔥 GET /health/live started [correlation_id: e541b601-5467-4fe6-a741-17fb9570c775]
2025-08-07 03:44:14 - Data Ingestion Service - INFO - Data Ingestion Service - ✅ GET /health/live completed (200) in 0.001s [correlation_id: e541b601-5467-4fe6-a741-17fb9570c775]
2025-08-07 03:44:37 - Data Ingestion Service - INFO - Data Ingestion Service - 🔥 GET /health/live started [correlation_id: ac248d9c-26ac-4786-8ba8-a4af113ee2cf]
2025-08-07 03:44:37 - Data Ingestion Service - INFO - Data Ingestion Service - ✅ GET /health/live completed (200) in 0.001s [correlation_id: ac248d9c-26ac-4786-8ba8-a4af113ee2cf]
2025-08-07 03:44:44 - Data Ingestion Service - INFO - Data Ingestion Service - 🔥 GET /health/live started [correlation_id: c192f60f-a815-41be-b7ba-a0f9729738dd]
2025-08-07 03:44:44 - Data Ingestion Service - INFO - Data Ingestion Service - ✅ GET /health/live completed (200) in 0.001s [correlation_id: c192f60f-a815-41be-b7ba-a0f9729738dd]
2025-08-07 03:45:14 - Data Ingestion Service - INFO - Data Ingestion Service - 🔥 GET /health/live started [correlation_id: 67ff2afd-ee30-47f5-a3db-687409cde766]
2025-08-07 03:45:14 - Data Ingestion Service - INFO - Data Ingestion Service - ✅ GET /health/live completed (200) in 0.001s [correlation_id: 67ff2afd-ee30-47f5-a3db-687409cde766]
2025-08-07 03:45:44 - Data Ingestion Service - INFO - Data Ingestion Service - 🔥 GET /health/live started [correlation_id: c0d08884-b8c6-429f-8d8e-6e1a4cdb695c]
2025-08-07 03:45:44 - Data Ingestion Service - INFO - Data Ingestion Service - ✅ GET /health/live completed (200) in 0.001s [correlation_id: c0d08884-b8c6-429f-8d8e-6e1a4cdb695c]
2025-08-07 03:46:14 - Data Ingestion Service - INFO - Data Ingestion Service - 🔥 GET /health/live started [correlation_id: 67c8be0f-ead7-4e57-91c5-fdc0cd8fba3a]
2025-08-07 03:46:14 - Data Ingestion Service - INFO - Data Ingestion Service - ✅ GET /health/live completed (200) in 0.001s [correlation_id: 67c8be0f-ead7-4e57-91c5-fdc0cd8fba3a]
2025-08-07 03:46:35 - Data Ingestion Service - INFO - Data Ingestion Service - 🛑 Data Ingestion Service v1.0.0 shutting down...
2025-08-07 03:46:35 - Data Ingestion Service - INFO - Data Ingestion Service - ✅ Data Ingestion Service v1.0.0 shutdown complete
2025-08-07 03:46:36 - Data Ingestion Service - INFO - Data Ingestion Service - 🏗️ Data Ingestion Service v1.0.0 initialized
2025-08-07 03:46:36 - Data Ingestion Service - INFO - Data Ingestion Service - 🚀 Data Ingestion Service v1.0.0 starting up...
2025-08-07 03:46:36 - Data Ingestion Service - INFO - Data Ingestion Service - ✅ Data Ingestion Service v1.0.0 started successfully in 0.00s
2025-08-07 03:46:41 - Data Ingestion Service - INFO - Data Ingestion Service - 🔥 GET /health/live started [correlation_id: 8741f3c2-a37e-41f7-82be-2458f37832b6]
2025-08-07 03:46:41 - Data Ingestion Service - INFO - Data Ingestion Service - ✅ GET /health/live completed (200) in 0.001s [correlation_id: 8741f3c2-a37e-41f7-82be-2458f37832b6]
2025-08-07 03:46:42 - Data Ingestion Service - INFO - Data Ingestion Service - 🔥 POST /api/v1/data/ingest started [correlation_id: 14ac5858-9da7-4e9f-a56d-298b5d2ea71e]
2025-08-07 03:46:42 - Data Ingestion Service - INFO - Data Ingestion Service - ✅ POST /api/v1/data/ingest completed (200) in 0.011s [correlation_id: 14ac5858-9da7-4e9f-a56d-298b5d2ea71e]
2025-08-07 03:47:11 - Data Ingestion Service - INFO - Data Ingestion Service - 🔥 GET /health/live started [correlation_id: 4744a6e0-24e6-44a4-8e00-878e35391a94]
2025-08-07 03:47:11 - Data Ingestion Service - INFO - Data Ingestion Service - ✅ GET /health/live completed (200) in 0.001s [correlation_id: 4744a6e0-24e6-44a4-8e00-878e35391a94]
2025-08-07 03:47:41 - Data Ingestion Service - INFO - Data Ingestion Service - 🔥 GET /health/live started [correlation_id: 7dd4a855-e6c7-4b58-ab60-4dab2533e582]
2025-08-07 03:47:41 - Data Ingestion Service - INFO - Data Ingestion Service - ✅ GET /health/live completed (200) in 0.002s [correlation_id: 7dd4a855-e6c7-4b58-ab60-4dab2533e582]
2025-08-07 03:48:11 - Data Ingestion Service - INFO - Data Ingestion Service - 🔥 GET /health/live started [correlation_id: cab6df37-5f6f-44d0-bac6-abb9ec81c92f]
2025-08-07 03:48:11 - Data Ingestion Service - INFO - Data Ingestion Service - ✅ GET /health/live completed (200) in 0.002s [correlation_id: cab6df37-5f6f-44d0-bac6-abb9ec81c92f]
2025-08-07 03:48:24 - Data Ingestion Service - INFO - Data Ingestion Service - 🛑 Data Ingestion Service v1.0.0 shutting down...
2025-08-07 03:48:24 - Data Ingestion Service - INFO - Data Ingestion Service - ✅ Data Ingestion Service v1.0.0 shutdown complete
2025-08-07 03:48:25 - Data Ingestion Service - INFO - Data Ingestion Service - 🏗️ Data Ingestion Service v1.0.0 initialized
2025-08-07 03:48:25 - Data Ingestion Service - INFO - Data Ingestion Service - 🚀 Data Ingestion Service v1.0.0 starting up...
2025-08-07 03:48:25 - Data Ingestion Service - INFO - Data Ingestion Service - ✅ Data Ingestion Service v1.0.0 started successfully in 0.00s
2025-08-07 03:48:29 - Data Ingestion Service - INFO - Data Ingestion Service - 🔥 POST /api/v1/data/ingest started [correlation_id: 9a5c38ba-1a74-4af8-b927-ab151297ca4b]
2025-08-07 03:48:29 - Data Ingestion Service - INFO - Data Ingestion Service - ✅ POST /api/v1/data/ingest completed (200) in 0.006s [correlation_id: 9a5c38ba-1a74-4af8-b927-ab151297ca4b]
2025-08-07 03:48:34 - Data Ingestion Service - INFO - Data Ingestion Service - 🔥 GET /health/live started [correlation_id: b79ec5ab-1a2b-4aaa-9ea9-361ae8bad9ee]
2025-08-07 03:48:34 - Data Ingestion Service - INFO - Data Ingestion Service - ✅ GET /health/live completed (200) in 0.001s [correlation_id: b79ec5ab-1a2b-4aaa-9ea9-361ae8bad9ee]
2025-08-07 03:49:04 - Data Ingestion Service - INFO - Data Ingestion Service - 🔥 GET /health/live started [correlation_id: 54e2800d-1caa-4300-ae1f-6e54d25030ac]
2025-08-07 03:49:04 - Data Ingestion Service - INFO - Data Ingestion Service - ✅ GET /health/live completed (200) in 0.001s [correlation_id: 54e2800d-1caa-4300-ae1f-6e54d25030ac]
2025-08-07 03:49:15 - Data Ingestion Service - INFO - Data Ingestion Service - 🔥 POST /api/v1/data/ingest started [correlation_id: a70fd314-63b1-4fd5-97b2-f0a6215fcd68]
2025-08-07 03:49:15 - Data Ingestion Service - INFO - Data Ingestion Service - ✅ POST /api/v1/data/ingest completed (200) in 0.009s [correlation_id: a70fd314-63b1-4fd5-97b2-f0a6215fcd68]
2025-08-07 03:49:34 - Data Ingestion Service - INFO - Data Ingestion Service - 🔥 GET /health/live started [correlation_id: daba0f27-74c3-4b1e-932d-e44ac4f1492a]
2025-08-07 03:49:34 - Data Ingestion Service - INFO - Data Ingestion Service - ✅ GET /health/live completed (200) in 0.001s [correlation_id: daba0f27-74c3-4b1e-932d-e44ac4f1492a]
2025-08-07 03:49:37 - Data Ingestion Service - INFO - Data Ingestion Service - 🔥 GET /health/live started [correlation_id: b703975e-f24b-4138-9fb1-f56be7c91147]
2025-08-07 03:49:37 - Data Ingestion Service - INFO - Data Ingestion Service - ✅ GET /health/live completed (200) in 0.004s [correlation_id: b703975e-f24b-4138-9fb1-f56be7c91147]
2025-08-07 03:50:04 - Data Ingestion Service - INFO - Data Ingestion Service - 🔥 GET /health/live started [correlation_id: b2be1181-4682-468a-9276-c02dfeedec16]
2025-08-07 03:50:04 - Data Ingestion Service - INFO - Data Ingestion Service - ✅ GET /health/live completed (200) in 0.001s [correlation_id: b2be1181-4682-468a-9276-c02dfeedec16]
2025-08-07 03:50:34 - Data Ingestion Service - INFO - Data Ingestion Service - 🔥 GET /health/live started [correlation_id: 7aea5b98-ae80-4ba6-81dc-c90bdd13eb3b]
2025-08-07 03:50:34 - Data Ingestion Service - INFO - Data Ingestion Service - ✅ GET /health/live completed (200) in 0.001s [correlation_id: 7aea5b98-ae80-4ba6-81dc-c90bdd13eb3b]
2025-08-07 03:51:05 - Data Ingestion Service - INFO - Data Ingestion Service - 🔥 GET /health/live started [correlation_id: 1883f9c3-89d9-4f6c-9795-4327c74da4d3]
2025-08-07 03:51:05 - Data Ingestion Service - INFO - Data Ingestion Service - ✅ GET /health/live completed (200) in 0.001s [correlation_id: 1883f9c3-89d9-4f6c-9795-4327c74da4d3]
2025-08-07 03:51:35 - Data Ingestion Service - INFO - Data Ingestion Service - 🔥 GET /health/live started [correlation_id: b8e12bd0-82c6-43d8-83ea-9c80bc01227c]
2025-08-07 03:51:35 - Data Ingestion Service - INFO - Data Ingestion Service - ✅ GET /health/live completed (200) in 0.001s [correlation_id: b8e12bd0-82c6-43d8-83ea-9c80bc01227c]
2025-08-07 03:52:05 - Data Ingestion Service - INFO - Data Ingestion Service - 🔥 GET /health/live started [correlation_id: 6a08d5ff-9671-41fd-904a-7a70b558200c]
2025-08-07 03:52:05 - Data Ingestion Service - INFO - Data Ingestion Service - ✅ GET /health/live completed (200) in 0.001s [correlation_id: 6a08d5ff-9671-41fd-904a-7a70b558200c]
2025-08-07 03:52:35 - Data Ingestion Service - INFO - Data Ingestion Service - 🔥 GET /health/live started [correlation_id: 0a1cad19-b325-4d43-b45f-044cb9e454e6]
2025-08-07 03:52:35 - Data Ingestion Service - INFO - Data Ingestion Service - ✅ GET /health/live completed (200) in 0.001s [correlation_id: 0a1cad19-b325-4d43-b45f-044cb9e454e6]
2025-08-07 03:53:05 - Data Ingestion Service - INFO - Data Ingestion Service - 🔥 GET /health/live started [correlation_id: 26e85852-3ad2-4409-afb3-b06ed9b21db3]
2025-08-07 03:53:05 - Data Ingestion Service - INFO - Data Ingestion Service - ✅ GET /health/live completed (200) in 0.001s [correlation_id: 26e85852-3ad2-4409-afb3-b06ed9b21db3]
2025-08-07 03:53:35 - Data Ingestion Service - INFO - Data Ingestion Service - 🔥 GET /health/live started [correlation_id: 1e400881-9e8e-4404-9841-658547cda496]
2025-08-07 03:53:35 - Data Ingestion Service - INFO - Data Ingestion Service - ✅ GET /health/live completed (200) in 0.001s [correlation_id: 1e400881-9e8e-4404-9841-658547cda496]
2025-08-07 03:53:59 - Data Ingestion Service - INFO - Data Ingestion Service - 🛑 Data Ingestion Service v1.0.0 shutting down...
2025-08-07 03:53:59 - Data Ingestion Service - INFO - Data Ingestion Service - ✅ Data Ingestion Service v1.0.0 shutdown complete
2025-08-07 03:54:00 - Data Ingestion Service - INFO - Data Ingestion Service - 🏗️ Data Ingestion Service v1.0.0 initialized
2025-08-07 03:54:00 - Data Ingestion Service - INFO - Data Ingestion Service - 🚀 Data Ingestion Service v1.0.0 starting up...
2025-08-07 03:54:00 - Data Ingestion Service - INFO - Data Ingestion Service - ✅ Data Ingestion Service v1.0.0 started successfully in 0.00s
2025-08-07 03:54:04 - Data Ingestion Service - INFO - Data Ingestion Service - 🔥 GET /health/live started [correlation_id: 5cbe9f03-e0d8-4a32-b491-289d508e079b]
2025-08-07 03:54:04 - Data Ingestion Service - INFO - Data Ingestion Service - ✅ GET /health/live completed (200) in 0.001s [correlation_id: 5cbe9f03-e0d8-4a32-b491-289d508e079b]
2025-08-07 03:54:20 - Data Ingestion Service - INFO - Data Ingestion Service - 🔥 POST /api/v1/data/ingest started [correlation_id: 0a9731f6-5e1a-47a1-bca7-b8a0c567584f]
2025-08-07 03:54:20 - Data Ingestion Service - INFO - Data Ingestion Service - ✅ POST /api/v1/data/ingest completed (200) in 0.010s [correlation_id: 0a9731f6-5e1a-47a1-bca7-b8a0c567584f]
2025-08-07 03:54:34 - Data Ingestion Service - INFO - Data Ingestion Service - 🔥 GET /health/live started [correlation_id: 44b40849-8eb4-453f-b3a7-2a4cbd1e4725]
2025-08-07 03:54:34 - Data Ingestion Service - INFO - Data Ingestion Service - ✅ GET /health/live completed (200) in 0.002s [correlation_id: 44b40849-8eb4-453f-b3a7-2a4cbd1e4725]
2025-08-07 03:54:37 - Data Ingestion Service - INFO - Data Ingestion Service - 🔥 GET /health/live started [correlation_id: 863ba449-4f07-4ee6-a0d2-5e7a1a97a34a]
2025-08-07 03:54:37 - Data Ingestion Service - INFO - Data Ingestion Service - ✅ GET /health/live completed (200) in 0.006s [correlation_id: 863ba449-4f07-4ee6-a0d2-5e7a1a97a34a]
2025-08-07 03:55:05 - Data Ingestion Service - INFO - Data Ingestion Service - 🔥 GET /health/live started [correlation_id: d84f5cff-501c-4876-acc7-33344ddab87f]
2025-08-07 03:55:05 - Data Ingestion Service - INFO - Data Ingestion Service - ✅ GET /health/live completed (200) in 0.001s [correlation_id: d84f5cff-501c-4876-acc7-33344ddab87f]
2025-08-07 03:55:35 - Data Ingestion Service - INFO - Data Ingestion Service - 🔥 GET /health/live started [correlation_id: ef47b785-3d53-46ed-bb1a-9d2ef26f1ff4]
2025-08-07 03:55:35 - Data Ingestion Service - INFO - Data Ingestion Service - ✅ GET /health/live completed (200) in 0.001s [correlation_id: ef47b785-3d53-46ed-bb1a-9d2ef26f1ff4]
2025-08-07 03:56:05 - Data Ingestion Service - INFO - Data Ingestion Service - 🔥 GET /health/live started [correlation_id: 7f15586f-b2da-4177-b35d-cedc813b211f]
2025-08-07 03:56:05 - Data Ingestion Service - INFO - Data Ingestion Service - ✅ GET /health/live completed (200) in 0.002s [correlation_id: 7f15586f-b2da-4177-b35d-cedc813b211f]
2025-08-07 03:56:35 - Data Ingestion Service - INFO - Data Ingestion Service - 🔥 GET /health/live started [correlation_id: 68ff7441-48e8-4440-a479-e675eee3d730]
2025-08-07 03:56:35 - Data Ingestion Service - INFO - Data Ingestion Service - ✅ GET /health/live completed (200) in 0.001s [correlation_id: 68ff7441-48e8-4440-a479-e675eee3d730]
2025-08-07 03:57:05 - Data Ingestion Service - INFO - Data Ingestion Service - 🔥 GET /health/live started [correlation_id: c3876367-1d0a-4787-978f-f831bd9de126]
2025-08-07 03:57:05 - Data Ingestion Service - INFO - Data Ingestion Service - ✅ GET /health/live completed (200) in 0.001s [correlation_id: c3876367-1d0a-4787-978f-f831bd9de126]
2025-08-07 03:57:35 - Data Ingestion Service - INFO - Data Ingestion Service - 🔥 GET /health/live started [correlation_id: 49bfb21c-8f4f-45ba-ab88-ea5a33f1fde9]
2025-08-07 03:57:35 - Data Ingestion Service - INFO - Data Ingestion Service - ✅ GET /health/live completed (200) in 0.001s [correlation_id: 49bfb21c-8f4f-45ba-ab88-ea5a33f1fde9]
2025-08-07 03:58:05 - Data Ingestion Service - INFO - Data Ingestion Service - 🔥 GET /health/live started [correlation_id: 63ca0e35-fe32-446e-a12b-80a80af8502b]
2025-08-07 03:58:05 - Data Ingestion Service - INFO - Data Ingestion Service - ✅ GET /health/live completed (200) in 0.001s [correlation_id: 63ca0e35-fe32-446e-a12b-80a80af8502b]
2025-08-07 03:58:35 - Data Ingestion Service - INFO - Data Ingestion Service - 🔥 GET /health/live started [correlation_id: 35367a40-f39b-4a0d-91f3-306e3bfb6ef6]
2025-08-07 03:58:35 - Data Ingestion Service - INFO - Data Ingestion Service - ✅ GET /health/live completed (200) in 0.001s [correlation_id: 35367a40-f39b-4a0d-91f3-306e3bfb6ef6]
2025-08-07 03:59:05 - Data Ingestion Service - INFO - Data Ingestion Service - 🔥 GET /health/live started [correlation_id: 70d9a2fe-6e4b-4aa8-9e85-144d8b97eef4]
2025-08-07 03:59:05 - Data Ingestion Service - INFO - Data Ingestion Service - ✅ GET /health/live completed (200) in 0.001s [correlation_id: 70d9a2fe-6e4b-4aa8-9e85-144d8b97eef4]
2025-08-07 03:59:35 - Data Ingestion Service - INFO - Data Ingestion Service - 🔥 GET /health/live started [correlation_id: 075d63f2-d317-4534-818f-49bf3a1eae02]
2025-08-07 03:59:35 - Data Ingestion Service - INFO - Data Ingestion Service - ✅ GET /health/live completed (200) in 0.001s [correlation_id: 075d63f2-d317-4534-818f-49bf3a1eae02]
2025-08-07 03:59:37 - Data Ingestion Service - INFO - Data Ingestion Service - 🔥 GET /health/live started [correlation_id: ae05488e-2cc1-41e4-a0f2-c5789122d760]
2025-08-07 03:59:37 - Data Ingestion Service - INFO - Data Ingestion Service - ✅ GET /health/live completed (200) in 0.001s [correlation_id: ae05488e-2cc1-41e4-a0f2-c5789122d760]
2025-08-07 04:00:05 - Data Ingestion Service - INFO - Data Ingestion Service - 🔥 GET /health/live started [correlation_id: 385e8986-d122-4d07-b414-317bf2f6cae3]
2025-08-07 04:00:05 - Data Ingestion Service - INFO - Data Ingestion Service - ✅ GET /health/live completed (200) in 0.001s [correlation_id: 385e8986-d122-4d07-b414-317bf2f6cae3]
2025-08-07 04:00:19 - Data Ingestion Service - INFO - Data Ingestion Service - 🔥 POST /api/v1/data/ingest started [correlation_id: 69e209a2-e167-44bf-9e7f-35c74214c7fd]
2025-08-07 04:00:19 - Data Ingestion Service - INFO - Data Ingestion Service - ✅ POST /api/v1/data/ingest completed (200) in 0.035s [correlation_id: 69e209a2-e167-44bf-9e7f-35c74214c7fd]
2025-08-07 04:00:35 - Data Ingestion Service - INFO - Data Ingestion Service - 🔥 GET /health/live started [correlation_id: 8ea46239-febb-4896-9948-74fc3d018d57]
2025-08-07 04:00:35 - Data Ingestion Service - INFO - Data Ingestion Service - ✅ GET /health/live completed (200) in 0.001s [correlation_id: 8ea46239-febb-4896-9948-74fc3d018d57]
2025-08-07 04:01:05 - Data Ingestion Service - INFO - Data Ingestion Service - 🔥 GET /health/live started [correlation_id: f80dd8d4-c088-4e89-982a-3f309758e71d]
2025-08-07 04:01:05 - Data Ingestion Service - INFO - Data Ingestion Service - ✅ GET /health/live completed (200) in 0.002s [correlation_id: f80dd8d4-c088-4e89-982a-3f309758e71d]
2025-08-07 04:01:35 - Data Ingestion Service - INFO - Data Ingestion Service - 🔥 GET /health/live started [correlation_id: 88f3b992-77e0-4a5f-b00d-a85885306bd0]
2025-08-07 04:01:35 - Data Ingestion Service - INFO - Data Ingestion Service - ✅ GET /health/live completed (200) in 0.001s [correlation_id: 88f3b992-77e0-4a5f-b00d-a85885306bd0]
2025-08-07 04:02:05 - Data Ingestion Service - INFO - Data Ingestion Service - 🔥 GET /health/live started [correlation_id: 62b431c5-2371-405d-98c8-d6ae24f1b923]
2025-08-07 04:02:05 - Data Ingestion Service - INFO - Data Ingestion Service - ✅ GET /health/live completed (200) in 0.001s [correlation_id: 62b431c5-2371-405d-98c8-d6ae24f1b923]
2025-08-07 04:02:36 - Data Ingestion Service - INFO - Data Ingestion Service - 🔥 GET /health/live started [correlation_id: 544e58db-38c6-41a2-bf5b-1814908045a6]
2025-08-07 04:02:36 - Data Ingestion Service - INFO - Data Ingestion Service - ✅ GET /health/live completed (200) in 0.001s [correlation_id: 544e58db-38c6-41a2-bf5b-1814908045a6]
2025-08-07 04:02:48 - Data Ingestion Service - INFO - Data Ingestion Service - 🔥 GET /api/v1/data/years/2024 started [correlation_id: d3aea2bd-2812-4083-93a1-3ea93806334d]
2025-08-07 04:02:48 - Data Ingestion Service - INFO - Data Ingestion Service - ✅ GET /api/v1/data/years/2024 completed (200) in 0.016s [correlation_id: d3aea2bd-2812-4083-93a1-3ea93806334d]
2025-08-07 04:03:06 - Data Ingestion Service - INFO - Data Ingestion Service - 🔥 GET /health/live started [correlation_id: 13fc920b-5975-4619-955e-062b7aa7b82f]
2025-08-07 04:03:06 - Data Ingestion Service - INFO - Data Ingestion Service - ✅ GET /health/live completed (200) in 0.001s [correlation_id: 13fc920b-5975-4619-955e-062b7aa7b82f]
2025-08-07 04:03:36 - Data Ingestion Service - INFO - Data Ingestion Service - 🔥 GET /health/live started [correlation_id: c0bc4e53-27d5-49a3-8a9a-b284b9dde24d]
2025-08-07 04:03:36 - Data Ingestion Service - INFO - Data Ingestion Service - ✅ GET /health/live completed (200) in 0.002s [correlation_id: c0bc4e53-27d5-49a3-8a9a-b284b9dde24d]
2025-08-07 04:04:06 - Data Ingestion Service - INFO - Data Ingestion Service - 🔥 GET /health/live started [correlation_id: f9099ad6-6a36-452a-9849-fc66182e13dc]
2025-08-07 04:04:06 - Data Ingestion Service - INFO - Data Ingestion Service - ✅ GET /health/live completed (200) in 0.002s [correlation_id: f9099ad6-6a36-452a-9849-fc66182e13dc]
2025-08-07 04:04:35 - Data Ingestion Service - INFO - Data Ingestion Service - 🛑 Data Ingestion Service v1.0.0 shutting down...
2025-08-07 04:04:35 - Data Ingestion Service - INFO - Data Ingestion Service - ✅ Data Ingestion Service v1.0.0 shutdown complete
2025-08-07 04:04:36 - Data Ingestion Service - INFO - Data Ingestion Service - 🏗️ Data Ingestion Service v1.0.0 initialized
2025-08-07 04:04:36 - Data Ingestion Service - INFO - Data Ingestion Service - 🚀 Data Ingestion Service v1.0.0 starting up...
2025-08-07 04:04:36 - Data Ingestion Service - INFO - Data Ingestion Service - ✅ Data Ingestion Service v1.0.0 started successfully in 0.00s
2025-08-07 04:04:37 - Data Ingestion Service - INFO - Data Ingestion Service - 🔥 GET /health/live started [correlation_id: 8b4ae535-4b02-4866-b82f-bff7d919c3b8]
2025-08-07 04:04:37 - Data Ingestion Service - INFO - Data Ingestion Service - ✅ GET /health/live completed (200) in 0.001s [correlation_id: 8b4ae535-4b02-4866-b82f-bff7d919c3b8]
2025-08-07 04:04:40 - Data Ingestion Service - INFO - Data Ingestion Service - 🔥 POST /api/v1/data/ingest started [correlation_id: 96e4beaf-300b-489e-9957-61da18a2f8f7]
2025-08-07 04:04:40 - Data Ingestion Service - INFO - Data Ingestion Service - ✅ POST /api/v1/data/ingest completed (200) in 0.010s [correlation_id: 96e4beaf-300b-489e-9957-61da18a2f8f7]
2025-08-07 04:04:42 - Data Ingestion Service - INFO - Data Ingestion Service - 🔥 GET /health/live started [correlation_id: ce02e074-b588-4bba-9245-5867421efda0]
2025-08-07 04:04:42 - Data Ingestion Service - INFO - Data Ingestion Service - ✅ GET /health/live completed (200) in 0.001s [correlation_id: ce02e074-b588-4bba-9245-5867421efda0]
2025-08-07 04:05:12 - Data Ingestion Service - INFO - Data Ingestion Service - 🔥 GET /health/live started [correlation_id: ea923d39-e07a-442e-8776-3ea8b7768fb3]
2025-08-07 04:05:12 - Data Ingestion Service - INFO - Data Ingestion Service - ✅ GET /health/live completed (200) in 0.001s [correlation_id: ea923d39-e07a-442e-8776-3ea8b7768fb3]
2025-08-07 04:05:42 - Data Ingestion Service - INFO - Data Ingestion Service - 🔥 GET /health/live started [correlation_id: 570d5ec4-1421-4b7c-87f5-0134125e5a83]
2025-08-07 04:05:42 - Data Ingestion Service - INFO - Data Ingestion Service - ✅ GET /health/live completed (200) in 0.002s [correlation_id: 570d5ec4-1421-4b7c-87f5-0134125e5a83]
2025-08-07 04:06:12 - Data Ingestion Service - INFO - Data Ingestion Service - 🔥 GET /health/live started [correlation_id: 8fc3e284-9365-4b78-83d2-e480459150d9]
2025-08-07 04:06:12 - Data Ingestion Service - INFO - Data Ingestion Service - ✅ GET /health/live completed (200) in 0.001s [correlation_id: 8fc3e284-9365-4b78-83d2-e480459150d9]
2025-08-07 04:06:32 - Data Ingestion Service - INFO - Data Ingestion Service - 🛑 Data Ingestion Service v1.0.0 shutting down...
2025-08-07 04:06:32 - Data Ingestion Service - INFO - Data Ingestion Service - ✅ Data Ingestion Service v1.0.0 shutdown complete
2025-08-07 04:06:33 - Data Ingestion Service - INFO - Data Ingestion Service - 🏗️ Data Ingestion Service v1.0.0 initialized
2025-08-07 04:06:33 - Data Ingestion Service - INFO - Data Ingestion Service - 🚀 Data Ingestion Service v1.0.0 starting up...
2025-08-07 04:06:33 - Data Ingestion Service - INFO - Data Ingestion Service - ✅ Data Ingestion Service v1.0.0 started successfully in 0.00s
2025-08-07 04:06:37 - Data Ingestion Service - INFO - Data Ingestion Service - 🔥 POST /api/v1/data/ingest started [correlation_id: 49c48de8-4f75-4cef-9dd8-f539ccc223e9]
2025-08-07 04:06:37 - Data Ingestion Service - INFO - Data Ingestion Service - ✅ POST /api/v1/data/ingest completed (200) in 0.010s [correlation_id: 49c48de8-4f75-4cef-9dd8-f539ccc223e9]
2025-08-07 04:06:40 - Data Ingestion Service - INFO - Data Ingestion Service - 🔥 GET /health/live started [correlation_id: c1edfa86-18a0-4c90-a870-2442178bfe43]
2025-08-07 04:06:40 - Data Ingestion Service - INFO - Data Ingestion Service - ✅ GET /health/live completed (200) in 0.001s [correlation_id: c1edfa86-18a0-4c90-a870-2442178bfe43]
2025-08-07 04:07:10 - Data Ingestion Service - INFO - Data Ingestion Service - 🔥 GET /health/live started [correlation_id: 848ac119-d844-4629-80dd-6aed0c3faa03]
2025-08-07 04:07:10 - Data Ingestion Service - INFO - Data Ingestion Service - ✅ GET /health/live completed (200) in 0.001s [correlation_id: 848ac119-d844-4629-80dd-6aed0c3faa03]
2025-08-07 04:07:40 - Data Ingestion Service - INFO - Data Ingestion Service - 🔥 GET /health/live started [correlation_id: 92de0c33-f42f-48da-9979-619e37fcd17a]
2025-08-07 04:07:40 - Data Ingestion Service - INFO - Data Ingestion Service - ✅ GET /health/live completed (200) in 0.002s [correlation_id: 92de0c33-f42f-48da-9979-619e37fcd17a]
2025-08-07 04:07:46 - Data Ingestion Service - INFO - Data Ingestion Service - 🔥 POST /api/v1/data/ingest started [correlation_id: 7a537c5f-f5d8-46b5-90a1-06aa737d5737]
2025-08-07 04:07:46 - Data Ingestion Service - INFO - Data Ingestion Service - ✅ POST /api/v1/data/ingest completed (200) in 0.007s [correlation_id: 7a537c5f-f5d8-46b5-90a1-06aa737d5737]
2025-08-07 04:08:10 - Data Ingestion Service - INFO - Data Ingestion Service - 🔥 GET /health/live started [correlation_id: 04c14501-7025-4a87-b7f4-bd596440b0e1]
2025-08-07 04:08:10 - Data Ingestion Service - INFO - Data Ingestion Service - ✅ GET /health/live completed (200) in 0.002s [correlation_id: 04c14501-7025-4a87-b7f4-bd596440b0e1]
2025-08-07 04:08:40 - Data Ingestion Service - INFO - Data Ingestion Service - 🔥 GET /health/live started [correlation_id: 9f3267f2-d7f6-4503-bf18-7d8d91952fc8]
2025-08-07 04:08:40 - Data Ingestion Service - INFO - Data Ingestion Service - ✅ GET /health/live completed (200) in 0.001s [correlation_id: 9f3267f2-d7f6-4503-bf18-7d8d91952fc8]
2025-08-07 04:09:10 - Data Ingestion Service - INFO - Data Ingestion Service - 🔥 GET /health/live started [correlation_id: 221bc110-df20-4983-bbdb-def64ea1113c]
2025-08-07 04:09:10 - Data Ingestion Service - INFO - Data Ingestion Service - ✅ GET /health/live completed (200) in 0.001s [correlation_id: 221bc110-df20-4983-bbdb-def64ea1113c]
2025-08-07 04:09:37 - Data Ingestion Service - INFO - Data Ingestion Service - 🔥 GET /health/live started [correlation_id: 34d68ccf-2663-4001-9d7a-553763afd143]
2025-08-07 04:09:37 - Data Ingestion Service - INFO - Data Ingestion Service - ✅ GET /health/live completed (200) in 0.004s [correlation_id: 34d68ccf-2663-4001-9d7a-553763afd143]
2025-08-07 04:09:40 - Data Ingestion Service - INFO - Data Ingestion Service - 🔥 GET /health/live started [correlation_id: c49f0d1b-8da1-413a-ad0e-8e3919bcf444]
2025-08-07 04:09:40 - Data Ingestion Service - INFO - Data Ingestion Service - ✅ GET /health/live completed (200) in 0.001s [correlation_id: c49f0d1b-8da1-413a-ad0e-8e3919bcf444]
2025-08-07 04:10:10 - Data Ingestion Service - INFO - Data Ingestion Service - 🔥 GET /health/live started [correlation_id: 5865b8ce-61ce-4f18-8508-14a43eac389a]
2025-08-07 04:10:10 - Data Ingestion Service - INFO - Data Ingestion Service - ✅ GET /health/live completed (200) in 0.001s [correlation_id: 5865b8ce-61ce-4f18-8508-14a43eac389a]
2025-08-07 04:10:10 - Data Ingestion Service - INFO - Data Ingestion Service - 🔥 GET /api/v1/data/status started [correlation_id: 9ccea321-4b26-44f8-a7e8-06c1071df7d8]
2025-08-07 04:10:10 - Data Ingestion Service - INFO - Data Ingestion Service - ✅ GET /api/v1/data/status completed (200) in 0.005s [correlation_id: 9ccea321-4b26-44f8-a7e8-06c1071df7d8]
2025-08-07 04:10:40 - Data Ingestion Service - INFO - Data Ingestion Service - 🔥 GET /health/live started [correlation_id: 0b863465-acad-4764-8dc0-9dc027ffd1df]
2025-08-07 04:10:40 - Data Ingestion Service - INFO - Data Ingestion Service - ✅ GET /health/live completed (200) in 0.002s [correlation_id: 0b863465-acad-4764-8dc0-9dc027ffd1df]
2025-08-07 04:11:10 - Data Ingestion Service - INFO - Data Ingestion Service - 🔥 GET /health/live started [correlation_id: 63cacb8a-1ec2-4fc5-be22-71e8e9ed59dd]
2025-08-07 04:11:10 - Data Ingestion Service - INFO - Data Ingestion Service - ✅ GET /health/live completed (200) in 0.001s [correlation_id: 63cacb8a-1ec2-4fc5-be22-71e8e9ed59dd]
2025-08-07 04:11:40 - Data Ingestion Service - INFO - Data Ingestion Service - 🔥 GET /health/live started [correlation_id: 78c95288-3f2d-4295-b612-2219e33d4097]
2025-08-07 04:11:40 - Data Ingestion Service - INFO - Data Ingestion Service - ✅ GET /health/live completed (200) in 0.002s [correlation_id: 78c95288-3f2d-4295-b612-2219e33d4097]
2025-08-07 04:12:10 - Data Ingestion Service - INFO - Data Ingestion Service - 🔥 GET /health/live started [correlation_id: 54507429-c8bf-4c8c-92a6-30371091c014]
2025-08-07 04:12:10 - Data Ingestion Service - INFO - Data Ingestion Service - ✅ GET /health/live completed (200) in 0.001s [correlation_id: 54507429-c8bf-4c8c-92a6-30371091c014]
2025-08-07 04:12:40 - Data Ingestion Service - INFO - Data Ingestion Service - 🔥 GET /health/live started [correlation_id: 55e3ab70-233d-41ec-8989-10d61f02a749]
2025-08-07 04:12:40 - Data Ingestion Service - INFO - Data Ingestion Service - ✅ GET /health/live completed (200) in 0.001s [correlation_id: 55e3ab70-233d-41ec-8989-10d61f02a749]
2025-08-07 04:13:10 - Data Ingestion Service - INFO - Data Ingestion Service - 🔥 GET /health/live started [correlation_id: 0193ed5c-6550-43bd-b9cd-024a34f46a9b]
2025-08-07 04:13:10 - Data Ingestion Service - INFO - Data Ingestion Service - ✅ GET /health/live completed (200) in 0.001s [correlation_id: 0193ed5c-6550-43bd-b9cd-024a34f46a9b]
2025-08-07 04:13:40 - Data Ingestion Service - INFO - Data Ingestion Service - 🔥 GET /health/live started [correlation_id: c71f50b6-473e-401e-b0fa-5ef930722978]
2025-08-07 04:13:40 - Data Ingestion Service - INFO - Data Ingestion Service - ✅ GET /health/live completed (200) in 0.001s [correlation_id: c71f50b6-473e-401e-b0fa-5ef930722978]
2025-08-07 04:14:10 - Data Ingestion Service - INFO - Data Ingestion Service - 🔥 GET /health/live started [correlation_id: 5bcd6360-3448-498b-9da6-5f585a932e5d]
2025-08-07 04:14:10 - Data Ingestion Service - INFO - Data Ingestion Service - ✅ GET /health/live completed (200) in 0.001s [correlation_id: 5bcd6360-3448-498b-9da6-5f585a932e5d]
2025-08-07 04:14:37 - Data Ingestion Service - INFO - Data Ingestion Service - 🔥 GET /health/live started [correlation_id: 7f5f0939-27cc-49b4-8402-3e6b6961548a]
2025-08-07 04:14:37 - Data Ingestion Service - INFO - Data Ingestion Service - ✅ GET /health/live completed (200) in 0.005s [correlation_id: 7f5f0939-27cc-49b4-8402-3e6b6961548a]
2025-08-07 04:14:41 - Data Ingestion Service - INFO - Data Ingestion Service - 🔥 GET /health/live started [correlation_id: 275fa03e-83ae-4b1d-aea1-2db8ad1f6b67]
2025-08-07 04:14:41 - Data Ingestion Service - INFO - Data Ingestion Service - ✅ GET /health/live completed (200) in 0.001s [correlation_id: 275fa03e-83ae-4b1d-aea1-2db8ad1f6b67]
2025-08-07 04:15:11 - Data Ingestion Service - INFO - Data Ingestion Service - 🔥 GET /health/live started [correlation_id: 493975a8-8dcd-4452-95ab-63121296ccd6]
2025-08-07 04:15:11 - Data Ingestion Service - INFO - Data Ingestion Service - ✅ GET /health/live completed (200) in 0.001s [correlation_id: 493975a8-8dcd-4452-95ab-63121296ccd6]
2025-08-07 04:15:41 - Data Ingestion Service - INFO - Data Ingestion Service - 🔥 GET /health/live started [correlation_id: f2b6f3f1-457f-40f0-b4b2-515354889230]
2025-08-07 04:15:41 - Data Ingestion Service - INFO - Data Ingestion Service - ✅ GET /health/live completed (200) in 0.001s [correlation_id: f2b6f3f1-457f-40f0-b4b2-515354889230]
2025-08-07 04:16:11 - Data Ingestion Service - INFO - Data Ingestion Service - 🔥 GET /health/live started [correlation_id: 76c9020c-7e14-43f1-9d08-f4191b705cb5]
2025-08-07 04:16:11 - Data Ingestion Service - INFO - Data Ingestion Service - ✅ GET /health/live completed (200) in 0.001s [correlation_id: 76c9020c-7e14-43f1-9d08-f4191b705cb5]
2025-08-07 04:16:41 - Data Ingestion Service - INFO - Data Ingestion Service - 🔥 GET /health/live started [correlation_id: c2960718-9794-433f-9734-b60c10a1be10]
2025-08-07 04:16:41 - Data Ingestion Service - INFO - Data Ingestion Service - ✅ GET /health/live completed (200) in 0.001s [correlation_id: c2960718-9794-433f-9734-b60c10a1be10]
2025-08-07 04:17:11 - Data Ingestion Service - INFO - Data Ingestion Service - 🔥 GET /health/live started [correlation_id: 456b83f0-1f9d-4452-be62-c400bbcffcbc]
2025-08-07 04:17:11 - Data Ingestion Service - INFO - Data Ingestion Service - ✅ GET /health/live completed (200) in 0.001s [correlation_id: 456b83f0-1f9d-4452-be62-c400bbcffcbc]
2025-08-07 04:17:41 - Data Ingestion Service - INFO - Data Ingestion Service - 🔥 GET /health/live started [correlation_id: d296100c-9de4-4a7f-8203-600b25c5be47]
2025-08-07 04:17:41 - Data Ingestion Service - INFO - Data Ingestion Service - ✅ GET /health/live completed (200) in 0.001s [correlation_id: d296100c-9de4-4a7f-8203-600b25c5be47]
2025-08-07 04:18:11 - Data Ingestion Service - INFO - Data Ingestion Service - 🔥 GET /health/live started [correlation_id: 40f3a386-a813-4876-9f4b-74675beda358]
2025-08-07 04:18:11 - Data Ingestion Service - INFO - Data Ingestion Service - ✅ GET /health/live completed (200) in 0.001s [correlation_id: 40f3a386-a813-4876-9f4b-74675beda358]
2025-08-07 04:18:41 - Data Ingestion Service - INFO - Data Ingestion Service - 🔥 GET /health/live started [correlation_id: 823040d8-8bdb-4304-887f-d8f96ea19346]
2025-08-07 04:18:41 - Data Ingestion Service - INFO - Data Ingestion Service - ✅ GET /health/live completed (200) in 0.001s [correlation_id: 823040d8-8bdb-4304-887f-d8f96ea19346]
2025-08-07 04:19:11 - Data Ingestion Service - INFO - Data Ingestion Service - 🔥 GET /health/live started [correlation_id: 5437aad7-561f-462b-a3ec-a70be9d7a258]
2025-08-07 04:19:11 - Data Ingestion Service - INFO - Data Ingestion Service - ✅ GET /health/live completed (200) in 0.002s [correlation_id: 5437aad7-561f-462b-a3ec-a70be9d7a258]
2025-08-07 04:19:37 - Data Ingestion Service - INFO - Data Ingestion Service - 🔥 GET /health/live started [correlation_id: b09de537-91c2-4e9b-bb9b-ec817e35e063]
2025-08-07 04:19:37 - Data Ingestion Service - INFO - Data Ingestion Service - ✅ GET /health/live completed (200) in 0.004s [correlation_id: b09de537-91c2-4e9b-bb9b-ec817e35e063]
2025-08-07 04:19:41 - Data Ingestion Service - INFO - Data Ingestion Service - 🔥 GET /health/live started [correlation_id: f9dd0cf9-9e76-41ae-aeca-7281c046f379]
2025-08-07 04:19:41 - Data Ingestion Service - INFO - Data Ingestion Service - ✅ GET /health/live completed (200) in 0.001s [correlation_id: f9dd0cf9-9e76-41ae-aeca-7281c046f379]
2025-08-07 04:20:11 - Data Ingestion Service - INFO - Data Ingestion Service - 🔥 GET /health/live started [correlation_id: 2dfe2f61-ed81-43de-8890-c2cc6d025be1]
2025-08-07 04:20:11 - Data Ingestion Service - INFO - Data Ingestion Service - ✅ GET /health/live completed (200) in 0.001s [correlation_id: 2dfe2f61-ed81-43de-8890-c2cc6d025be1]
2025-08-07 04:20:41 - Data Ingestion Service - INFO - Data Ingestion Service - 🔥 GET /health/live started [correlation_id: 34af857a-ecc8-4014-ab50-f5ec9d25a889]
2025-08-07 04:20:41 - Data Ingestion Service - INFO - Data Ingestion Service - ✅ GET /health/live completed (200) in 0.001s [correlation_id: 34af857a-ecc8-4014-ab50-f5ec9d25a889]
2025-08-07 04:21:11 - Data Ingestion Service - INFO - Data Ingestion Service - 🔥 GET /health/live started [correlation_id: d55b99f1-5f0c-437d-a44b-6bcde433db88]
2025-08-07 04:21:11 - Data Ingestion Service - INFO - Data Ingestion Service - ✅ GET /health/live completed (200) in 0.001s [correlation_id: d55b99f1-5f0c-437d-a44b-6bcde433db88]
2025-08-07 04:21:42 - Data Ingestion Service - INFO - Data Ingestion Service - 🔥 GET /health/live started [correlation_id: e9459a81-5782-4d66-a563-29c119d65840]
2025-08-07 04:21:42 - Data Ingestion Service - INFO - Data Ingestion Service - ✅ GET /health/live completed (200) in 0.001s [correlation_id: e9459a81-5782-4d66-a563-29c119d65840]
2025-08-07 04:22:12 - Data Ingestion Service - INFO - Data Ingestion Service - 🔥 GET /health/live started [correlation_id: d5a151d6-72ac-429f-9b8b-b749fc249942]
2025-08-07 04:22:12 - Data Ingestion Service - INFO - Data Ingestion Service - ✅ GET /health/live completed (200) in 0.002s [correlation_id: d5a151d6-72ac-429f-9b8b-b749fc249942]
2025-08-07 04:22:42 - Data Ingestion Service - INFO - Data Ingestion Service - 🔥 GET /health/live started [correlation_id: fc1af63d-a390-4201-b280-3e3b644c67f7]
2025-08-07 04:22:42 - Data Ingestion Service - INFO - Data Ingestion Service - ✅ GET /health/live completed (200) in 0.002s [correlation_id: fc1af63d-a390-4201-b280-3e3b644c67f7]
2025-08-07 04:23:12 - Data Ingestion Service - INFO - Data Ingestion Service - 🔥 GET /health/live started [correlation_id: fd6287b2-c1ef-4798-8f2b-030771b9b548]
2025-08-07 04:23:12 - Data Ingestion Service - INFO - Data Ingestion Service - ✅ GET /health/live completed (200) in 0.001s [correlation_id: fd6287b2-c1ef-4798-8f2b-030771b9b548]
2025-08-07 04:23:42 - Data Ingestion Service - INFO - Data Ingestion Service - 🔥 GET /health/live started [correlation_id: 97dfc53d-b650-44c0-bebd-3ef24abf25fb]
2025-08-07 04:23:42 - Data Ingestion Service - INFO - Data Ingestion Service - ✅ GET /health/live completed (200) in 0.001s [correlation_id: 97dfc53d-b650-44c0-bebd-3ef24abf25fb]
2025-08-07 04:24:12 - Data Ingestion Service - INFO - Data Ingestion Service - 🔥 GET /health/live started [correlation_id: 3232b15a-0eb0-4741-ac2f-b08d9de1795c]
2025-08-07 04:24:12 - Data Ingestion Service - INFO - Data Ingestion Service - ✅ GET /health/live completed (200) in 0.001s [correlation_id: 3232b15a-0eb0-4741-ac2f-b08d9de1795c]
2025-08-07 04:24:37 - Data Ingestion Service - INFO - Data Ingestion Service - 🔥 GET /health/live started [correlation_id: 81842a61-1a66-4b21-a579-5e25996039ae]
2025-08-07 04:24:37 - Data Ingestion Service - INFO - Data Ingestion Service - ✅ GET /health/live completed (200) in 0.003s [correlation_id: 81842a61-1a66-4b21-a579-5e25996039ae]
2025-08-07 04:24:42 - Data Ingestion Service - INFO - Data Ingestion Service - 🔥 GET /health/live started [correlation_id: 628aad68-1b3a-4899-a114-e0c6396d06f6]
2025-08-07 04:24:42 - Data Ingestion Service - INFO - Data Ingestion Service - ✅ GET /health/live completed (200) in 0.001s [correlation_id: 628aad68-1b3a-4899-a114-e0c6396d06f6]
2025-08-07 04:25:12 - Data Ingestion Service - INFO - Data Ingestion Service - 🔥 GET /health/live started [correlation_id: 603ccd60-1d57-4dce-8e53-4f86e9f1dec2]
2025-08-07 04:25:12 - Data Ingestion Service - INFO - Data Ingestion Service - ✅ GET /health/live completed (200) in 0.001s [correlation_id: 603ccd60-1d57-4dce-8e53-4f86e9f1dec2]
2025-08-07 04:25:42 - Data Ingestion Service - INFO - Data Ingestion Service - 🔥 GET /health/live started [correlation_id: 4cf09fb9-6a7e-42d1-a3c1-c667f65f1610]
2025-08-07 04:25:42 - Data Ingestion Service - INFO - Data Ingestion Service - ✅ GET /health/live completed (200) in 0.001s [correlation_id: 4cf09fb9-6a7e-42d1-a3c1-c667f65f1610]
2025-08-07 04:26:12 - Data Ingestion Service - INFO - Data Ingestion Service - 🔥 GET /health/live started [correlation_id: 1d20b9db-5e90-497a-b7a8-2fc2d20c8def]
2025-08-07 04:26:12 - Data Ingestion Service - INFO - Data Ingestion Service - ✅ GET /health/live completed (200) in 0.001s [correlation_id: 1d20b9db-5e90-497a-b7a8-2fc2d20c8def]
2025-08-07 04:26:42 - Data Ingestion Service - INFO - Data Ingestion Service - 🔥 GET /health/live started [correlation_id: 3aa69b7c-2004-4363-92e5-cbaed25b8b92]
2025-08-07 04:26:42 - Data Ingestion Service - INFO - Data Ingestion Service - ✅ GET /health/live completed (200) in 0.001s [correlation_id: 3aa69b7c-2004-4363-92e5-cbaed25b8b92]
2025-08-07 04:27:12 - Data Ingestion Service - INFO - Data Ingestion Service - 🔥 GET /health/live started [correlation_id: 94ed8aaa-c625-4e45-b33f-cf28dfc018ba]
2025-08-07 04:27:12 - Data Ingestion Service - INFO - Data Ingestion Service - ✅ GET /health/live completed (200) in 0.001s [correlation_id: 94ed8aaa-c625-4e45-b33f-cf28dfc018ba]
2025-08-07 04:27:42 - Data Ingestion Service - INFO - Data Ingestion Service - 🔥 GET /health/live started [correlation_id: e5a77c92-9b69-4b45-bff5-d7dd81cc4200]
2025-08-07 04:27:42 - Data Ingestion Service - INFO - Data Ingestion Service - ✅ GET /health/live completed (200) in 0.001s [correlation_id: e5a77c92-9b69-4b45-bff5-d7dd81cc4200]
2025-08-07 04:28:12 - Data Ingestion Service - INFO - Data Ingestion Service - 🔥 GET /health/live started [correlation_id: 93e0acf2-ff32-4609-ae2e-2603a7c18fbe]
2025-08-07 04:28:12 - Data Ingestion Service - INFO - Data Ingestion Service - ✅ GET /health/live completed (200) in 0.001s [correlation_id: 93e0acf2-ff32-4609-ae2e-2603a7c18fbe]
2025-08-07 04:28:42 - Data Ingestion Service - INFO - Data Ingestion Service - 🔥 GET /health/live started [correlation_id: 482bab8a-bbe3-4dd2-ab40-1d5bfeaa5cbc]
2025-08-07 04:28:42 - Data Ingestion Service - INFO - Data Ingestion Service - ✅ GET /health/live completed (200) in 0.002s [correlation_id: 482bab8a-bbe3-4dd2-ab40-1d5bfeaa5cbc]
2025-08-07 04:29:13 - Data Ingestion Service - INFO - Data Ingestion Service - 🔥 GET /health/live started [correlation_id: 174079ea-8336-466f-ac18-e4a034f3d304]
2025-08-07 04:29:13 - Data Ingestion Service - INFO - Data Ingestion Service - ✅ GET /health/live completed (200) in 0.002s [correlation_id: 174079ea-8336-466f-ac18-e4a034f3d304]
2025-08-07 04:29:37 - Data Ingestion Service - INFO - Data Ingestion Service - 🔥 GET /health/live started [correlation_id: d8ebc9eb-0a4b-4e90-9442-fbf18a66646f]
2025-08-07 04:29:37 - Data Ingestion Service - INFO - Data Ingestion Service - ✅ GET /health/live completed (200) in 0.004s [correlation_id: d8ebc9eb-0a4b-4e90-9442-fbf18a66646f]
2025-08-07 04:29:43 - Data Ingestion Service - INFO - Data Ingestion Service - 🔥 GET /health/live started [correlation_id: 803734e3-03b3-421f-a6c7-22cec7d17058]
2025-08-07 04:29:43 - Data Ingestion Service - INFO - Data Ingestion Service - ✅ GET /health/live completed (200) in 0.001s [correlation_id: 803734e3-03b3-421f-a6c7-22cec7d17058]
2025-08-07 04:30:13 - Data Ingestion Service - INFO - Data Ingestion Service - 🔥 GET /health/live started [correlation_id: 27dcda33-c152-447c-b66e-52f2b46e1a10]
2025-08-07 04:30:13 - Data Ingestion Service - INFO - Data Ingestion Service - ✅ GET /health/live completed (200) in 0.001s [correlation_id: 27dcda33-c152-447c-b66e-52f2b46e1a10]
2025-08-07 04:30:43 - Data Ingestion Service - INFO - Data Ingestion Service - 🔥 GET /health/live started [correlation_id: 289f35b7-9ae8-4fb8-b720-235c3d8311f8]
2025-08-07 04:30:43 - Data Ingestion Service - INFO - Data Ingestion Service - ✅ GET /health/live completed (200) in 0.001s [correlation_id: 289f35b7-9ae8-4fb8-b720-235c3d8311f8]
2025-08-07 04:31:13 - Data Ingestion Service - INFO - Data Ingestion Service - 🔥 GET /health/live started [correlation_id: 264f9f88-a68f-4a98-bbc0-182e2ac96917]
2025-08-07 04:31:13 - Data Ingestion Service - INFO - Data Ingestion Service - ✅ GET /health/live completed (200) in 0.001s [correlation_id: 264f9f88-a68f-4a98-bbc0-182e2ac96917]
2025-08-07 04:31:43 - Data Ingestion Service - INFO - Data Ingestion Service - 🔥 GET /health/live started [correlation_id: a551bc80-200f-4633-86f3-eceda5c99a38]
2025-08-07 04:31:43 - Data Ingestion Service - INFO - Data Ingestion Service - ✅ GET /health/live completed (200) in 0.002s [correlation_id: a551bc80-200f-4633-86f3-eceda5c99a38]
2025-08-07 04:32:13 - Data Ingestion Service - INFO - Data Ingestion Service - 🔥 GET /health/live started [correlation_id: e2cc9946-381d-452c-9e99-46638f93c596]
2025-08-07 04:32:13 - Data Ingestion Service - INFO - Data Ingestion Service - ✅ GET /health/live completed (200) in 0.001s [correlation_id: e2cc9946-381d-452c-9e99-46638f93c596]
2025-08-07 04:32:43 - Data Ingestion Service - INFO - Data Ingestion Service - 🔥 GET /health/live started [correlation_id: df57c5fd-58c3-4a29-81e0-3eba30a50006]
2025-08-07 04:32:43 - Data Ingestion Service - INFO - Data Ingestion Service - ✅ GET /health/live completed (200) in 0.001s [correlation_id: df57c5fd-58c3-4a29-81e0-3eba30a50006]
2025-08-07 04:33:13 - Data Ingestion Service - INFO - Data Ingestion Service - 🔥 GET /health/live started [correlation_id: f449744d-c17f-4d96-bc09-6fbb4f6e98b8]
2025-08-07 04:33:13 - Data Ingestion Service - INFO - Data Ingestion Service - ✅ GET /health/live completed (200) in 0.001s [correlation_id: f449744d-c17f-4d96-bc09-6fbb4f6e98b8]
2025-08-07 04:33:43 - Data Ingestion Service - INFO - Data Ingestion Service - 🔥 GET /health/live started [correlation_id: 750bfb49-2538-43c4-ad64-211c0a84d1ee]
2025-08-07 04:33:43 - Data Ingestion Service - INFO - Data Ingestion Service - ✅ GET /health/live completed (200) in 0.001s [correlation_id: 750bfb49-2538-43c4-ad64-211c0a84d1ee]
2025-08-07 04:34:13 - Data Ingestion Service - INFO - Data Ingestion Service - 🔥 GET /health/live started [correlation_id: 4088f0f9-4b32-4266-bb99-1a338a14ba4f]
2025-08-07 04:34:13 - Data Ingestion Service - INFO - Data Ingestion Service - ✅ GET /health/live completed (200) in 0.001s [correlation_id: 4088f0f9-4b32-4266-bb99-1a338a14ba4f]
2025-08-07 04:34:37 - Data Ingestion Service - INFO - Data Ingestion Service - 🔥 GET /health/live started [correlation_id: 26fe2d20-8325-47c7-9e8d-b13e18f1af26]
2025-08-07 04:34:37 - Data Ingestion Service - INFO - Data Ingestion Service - ✅ GET /health/live completed (200) in 0.003s [correlation_id: 26fe2d20-8325-47c7-9e8d-b13e18f1af26]
2025-08-07 04:34:43 - Data Ingestion Service - INFO - Data Ingestion Service - 🔥 GET /health/live started [correlation_id: 009c8ba2-264c-44e1-8ba2-d61470d0951d]
2025-08-07 04:34:43 - Data Ingestion Service - INFO - Data Ingestion Service - ✅ GET /health/live completed (200) in 0.001s [correlation_id: 009c8ba2-264c-44e1-8ba2-d61470d0951d]
2025-08-07 04:35:13 - Data Ingestion Service - INFO - Data Ingestion Service - 🔥 GET /health/live started [correlation_id: c20686ad-816e-4966-bd72-799f025efda5]
2025-08-07 04:35:13 - Data Ingestion Service - INFO - Data Ingestion Service - ✅ GET /health/live completed (200) in 0.001s [correlation_id: c20686ad-816e-4966-bd72-799f025efda5]
2025-08-07 04:35:43 - Data Ingestion Service - INFO - Data Ingestion Service - 🔥 GET /health/live started [correlation_id: 325c9ba6-5299-48d0-9c04-f7ffa61bcda9]
2025-08-07 04:35:43 - Data Ingestion Service - INFO - Data Ingestion Service - ✅ GET /health/live completed (200) in 0.001s [correlation_id: 325c9ba6-5299-48d0-9c04-f7ffa61bcda9]
2025-08-07 04:36:13 - Data Ingestion Service - INFO - Data Ingestion Service - 🔥 GET /health/live started [correlation_id: 3bc0800e-8b9d-47c8-8d3e-96026adcfd6a]
2025-08-07 04:36:13 - Data Ingestion Service - INFO - Data Ingestion Service - ✅ GET /health/live completed (200) in 0.001s [correlation_id: 3bc0800e-8b9d-47c8-8d3e-96026adcfd6a]
2025-08-07 04:36:44 - Data Ingestion Service - INFO - Data Ingestion Service - 🔥 GET /health/live started [correlation_id: f7eaca2c-6041-4f18-8521-64e5643a7b35]
2025-08-07 04:36:44 - Data Ingestion Service - INFO - Data Ingestion Service - ✅ GET /health/live completed (200) in 0.001s [correlation_id: f7eaca2c-6041-4f18-8521-64e5643a7b35]
2025-08-07 04:37:14 - Data Ingestion Service - INFO - Data Ingestion Service - 🔥 GET /health/live started [correlation_id: b5099382-62ce-4528-b00c-514d93c210ff]
2025-08-07 04:37:14 - Data Ingestion Service - INFO - Data Ingestion Service - ✅ GET /health/live completed (200) in 0.002s [correlation_id: b5099382-62ce-4528-b00c-514d93c210ff]
2025-08-07 04:37:44 - Data Ingestion Service - INFO - Data Ingestion Service - 🔥 GET /health/live started [correlation_id: 201aab32-9ae5-4eaf-b0dd-8046b41c53ae]
2025-08-07 04:37:44 - Data Ingestion Service - INFO - Data Ingestion Service - ✅ GET /health/live completed (200) in 0.000s [correlation_id: 201aab32-9ae5-4eaf-b0dd-8046b41c53ae]
2025-08-07 04:38:14 - Data Ingestion Service - INFO - Data Ingestion Service - 🔥 GET /health/live started [correlation_id: 781d9a5c-fe53-4881-b5c5-30bdb2b51117]
2025-08-07 04:38:14 - Data Ingestion Service - INFO - Data Ingestion Service - ✅ GET /health/live completed (200) in 0.007s [correlation_id: 781d9a5c-fe53-4881-b5c5-30bdb2b51117]
2025-08-07 04:38:44 - Data Ingestion Service - INFO - Data Ingestion Service - 🔥 GET /health/live started [correlation_id: 23a0d85e-bac3-4be5-81af-0bee0ed89a1d]
2025-08-07 04:38:44 - Data Ingestion Service - INFO - Data Ingestion Service - ✅ GET /health/live completed (200) in 0.001s [correlation_id: 23a0d85e-bac3-4be5-81af-0bee0ed89a1d]
2025-08-07 04:39:14 - Data Ingestion Service - INFO - Data Ingestion Service - 🔥 GET /health/live started [correlation_id: f5cd6e62-8524-4f21-a10a-3d2f85902592]
2025-08-07 04:39:14 - Data Ingestion Service - INFO - Data Ingestion Service - ✅ GET /health/live completed (200) in 0.005s [correlation_id: f5cd6e62-8524-4f21-a10a-3d2f85902592]
2025-08-07 04:39:37 - Data Ingestion Service - INFO - Data Ingestion Service - 🔥 GET /health/live started [correlation_id: ebcf7358-2bcf-4100-9e3b-24517c7370ea]
2025-08-07 04:39:37 - Data Ingestion Service - INFO - Data Ingestion Service - ✅ GET /health/live completed (200) in 0.006s [correlation_id: ebcf7358-2bcf-4100-9e3b-24517c7370ea]
2025-08-07 04:39:44 - Data Ingestion Service - INFO - Data Ingestion Service - 🔥 GET /health/live started [correlation_id: 93d380d8-8fc9-482b-b963-691a425b8fee]
2025-08-07 04:39:44 - Data Ingestion Service - INFO - Data Ingestion Service - ✅ GET /health/live completed (200) in 0.001s [correlation_id: 93d380d8-8fc9-482b-b963-691a425b8fee]
2025-08-07 04:40:14 - Data Ingestion Service - INFO - Data Ingestion Service - 🔥 GET /health/live started [correlation_id: 266b9ec9-0e52-45ee-8899-d0663a66e6bf]
2025-08-07 04:40:14 - Data Ingestion Service - INFO - Data Ingestion Service - ✅ GET /health/live completed (200) in 0.002s [correlation_id: 266b9ec9-0e52-45ee-8899-d0663a66e6bf]
2025-08-07 04:40:44 - Data Ingestion Service - INFO - Data Ingestion Service - 🔥 GET /health/live started [correlation_id: 0cf4c847-f02c-4355-84c0-ca74fbf1216a]
2025-08-07 04:40:44 - Data Ingestion Service - INFO - Data Ingestion Service - ✅ GET /health/live completed (200) in 0.001s [correlation_id: 0cf4c847-f02c-4355-84c0-ca74fbf1216a]
2025-08-07 04:41:14 - Data Ingestion Service - INFO - Data Ingestion Service - 🔥 GET /health/live started [correlation_id: 9655cccf-c94e-442c-a8de-1f1dba346c00]
2025-08-07 04:41:14 - Data Ingestion Service - INFO - Data Ingestion Service - ✅ GET /health/live completed (200) in 0.001s [correlation_id: 9655cccf-c94e-442c-a8de-1f1dba346c00]
2025-08-07 04:41:44 - Data Ingestion Service - INFO - Data Ingestion Service - 🔥 GET /health/live started [correlation_id: 73b155fa-67ae-47e2-a8d4-3b2bd4af5f20]
2025-08-07 04:41:44 - Data Ingestion Service - INFO - Data Ingestion Service - ✅ GET /health/live completed (200) in 0.001s [correlation_id: 73b155fa-67ae-47e2-a8d4-3b2bd4af5f20]
2025-08-07 04:42:14 - Data Ingestion Service - INFO - Data Ingestion Service - 🔥 GET /health/live started [correlation_id: c812294a-3a36-4e5a-86f4-5c531052f79b]
2025-08-07 04:42:14 - Data Ingestion Service - INFO - Data Ingestion Service - ✅ GET /health/live completed (200) in 0.001s [correlation_id: c812294a-3a36-4e5a-86f4-5c531052f79b]
2025-08-07 04:42:44 - Data Ingestion Service - INFO - Data Ingestion Service - 🔥 GET /health/live started [correlation_id: 5dd87cab-dfa8-4a6b-adb0-b7ed61345726]
2025-08-07 04:42:44 - Data Ingestion Service - INFO - Data Ingestion Service - ✅ GET /health/live completed (200) in 0.002s [correlation_id: 5dd87cab-dfa8-4a6b-adb0-b7ed61345726]
2025-08-07 04:43:14 - Data Ingestion Service - INFO - Data Ingestion Service - 🔥 GET /health/live started [correlation_id: 190c2d55-e712-4035-a042-2e1ff4287658]
2025-08-07 04:43:14 - Data Ingestion Service - INFO - Data Ingestion Service - ✅ GET /health/live completed (200) in 0.002s [correlation_id: 190c2d55-e712-4035-a042-2e1ff4287658]
2025-08-07 04:43:45 - Data Ingestion Service - INFO - Data Ingestion Service - 🔥 GET /health/live started [correlation_id: 932e54a0-8c07-45ed-9d3b-e5f5db544d9d]
2025-08-07 04:43:45 - Data Ingestion Service - INFO - Data Ingestion Service - ✅ GET /health/live completed (200) in 0.002s [correlation_id: 932e54a0-8c07-45ed-9d3b-e5f5db544d9d]
2025-08-07 04:44:15 - Data Ingestion Service - INFO - Data Ingestion Service - 🔥 GET /health/live started [correlation_id: a576ade3-260e-4c47-8b17-b7d18b00b11e]
2025-08-07 04:44:15 - Data Ingestion Service - INFO - Data Ingestion Service - ✅ GET /health/live completed (200) in 0.002s [correlation_id: a576ade3-260e-4c47-8b17-b7d18b00b11e]
2025-08-07 04:44:37 - Data Ingestion Service - INFO - Data Ingestion Service - 🔥 GET /health/live started [correlation_id: c05df1ea-8eec-4cab-832c-07c6266de631]
2025-08-07 04:44:37 - Data Ingestion Service - INFO - Data Ingestion Service - ✅ GET /health/live completed (200) in 0.005s [correlation_id: c05df1ea-8eec-4cab-832c-07c6266de631]
2025-08-07 04:44:45 - Data Ingestion Service - INFO - Data Ingestion Service - 🔥 GET /health/live started [correlation_id: 0ed59ff4-4dcc-4647-8d59-57b8f7d2665d]
2025-08-07 04:44:45 - Data Ingestion Service - INFO - Data Ingestion Service - ✅ GET /health/live completed (200) in 0.001s [correlation_id: 0ed59ff4-4dcc-4647-8d59-57b8f7d2665d]
2025-08-07 04:45:15 - Data Ingestion Service - INFO - Data Ingestion Service - 🔥 GET /health/live started [correlation_id: b4560a48-4f8d-43e9-a56e-83fec6e8fcbe]
2025-08-07 04:45:15 - Data Ingestion Service - INFO - Data Ingestion Service - ✅ GET /health/live completed (200) in 0.001s [correlation_id: b4560a48-4f8d-43e9-a56e-83fec6e8fcbe]
2025-08-07 04:45:45 - Data Ingestion Service - INFO - Data Ingestion Service - 🔥 GET /health/live started [correlation_id: 0562a305-0264-4989-81ba-07b3827fcf9e]
2025-08-07 04:45:45 - Data Ingestion Service - INFO - Data Ingestion Service - ✅ GET /health/live completed (200) in 0.001s [correlation_id: 0562a305-0264-4989-81ba-07b3827fcf9e]
2025-08-07 04:46:15 - Data Ingestion Service - INFO - Data Ingestion Service - 🔥 GET /health/live started [correlation_id: 3b01a3f8-07ce-4a51-b378-ba7f630c97a1]
2025-08-07 04:46:15 - Data Ingestion Service - INFO - Data Ingestion Service - ✅ GET /health/live completed (200) in 0.001s [correlation_id: 3b01a3f8-07ce-4a51-b378-ba7f630c97a1]
2025-08-07 04:46:45 - Data Ingestion Service - INFO - Data Ingestion Service - 🔥 GET /health/live started [correlation_id: 6a1efcc9-a7ae-41d0-a996-2c2e566916f5]
2025-08-07 04:46:45 - Data Ingestion Service - INFO - Data Ingestion Service - ✅ GET /health/live completed (200) in 0.001s [correlation_id: 6a1efcc9-a7ae-41d0-a996-2c2e566916f5]
2025-08-07 04:47:15 - Data Ingestion Service - INFO - Data Ingestion Service - 🔥 GET /health/live started [correlation_id: 310c6361-bb97-4714-b0e0-7be00e707e3e]
2025-08-07 04:47:15 - Data Ingestion Service - INFO - Data Ingestion Service - ✅ GET /health/live completed (200) in 0.001s [correlation_id: 310c6361-bb97-4714-b0e0-7be00e707e3e]
2025-08-07 04:47:45 - Data Ingestion Service - INFO - Data Ingestion Service - 🔥 GET /health/live started [correlation_id: 646718a2-4403-492c-91eb-08d974bc09bb]
2025-08-07 04:47:45 - Data Ingestion Service - INFO - Data Ingestion Service - ✅ GET /health/live completed (200) in 0.001s [correlation_id: 646718a2-4403-492c-91eb-08d974bc09bb]
2025-08-07 04:48:15 - Data Ingestion Service - INFO - Data Ingestion Service - 🔥 GET /health/live started [correlation_id: 0a216eb0-e085-4ce5-8336-6d5b52577bb4]
2025-08-07 04:48:15 - Data Ingestion Service - INFO - Data Ingestion Service - ✅ GET /health/live completed (200) in 0.002s [correlation_id: 0a216eb0-e085-4ce5-8336-6d5b52577bb4]
2025-08-07 04:48:45 - Data Ingestion Service - INFO - Data Ingestion Service - 🔥 GET /health/live started [correlation_id: 7e706df1-55c9-43da-912b-94cf67dbd588]
2025-08-07 04:48:45 - Data Ingestion Service - INFO - Data Ingestion Service - ✅ GET /health/live completed (200) in 0.001s [correlation_id: 7e706df1-55c9-43da-912b-94cf67dbd588]
2025-08-07 04:49:15 - Data Ingestion Service - INFO - Data Ingestion Service - 🔥 GET /health/live started [correlation_id: 92904cf0-4f42-44b2-bc6e-df45e768efed]
2025-08-07 04:49:15 - Data Ingestion Service - INFO - Data Ingestion Service - ✅ GET /health/live completed (200) in 0.001s [correlation_id: 92904cf0-4f42-44b2-bc6e-df45e768efed]
2025-08-07 04:49:37 - Data Ingestion Service - INFO - Data Ingestion Service - 🔥 GET /health/live started [correlation_id: 81a9f168-e567-47bc-a217-75e182258c01]
2025-08-07 04:49:37 - Data Ingestion Service - INFO - Data Ingestion Service - ✅ GET /health/live completed (200) in 0.003s [correlation_id: 81a9f168-e567-47bc-a217-75e182258c01]
2025-08-07 04:49:45 - Data Ingestion Service - INFO - Data Ingestion Service - 🔥 GET /health/live started [correlation_id: 20976c5f-958e-408e-a20e-f94c6967954c]
2025-08-07 04:49:45 - Data Ingestion Service - INFO - Data Ingestion Service - ✅ GET /health/live completed (200) in 0.001s [correlation_id: 20976c5f-958e-408e-a20e-f94c6967954c]
2025-08-07 04:50:15 - Data Ingestion Service - INFO - Data Ingestion Service - 🔥 GET /health/live started [correlation_id: 0a6c45df-c5d7-4c41-9633-219b63b1ccae]
2025-08-07 04:50:15 - Data Ingestion Service - INFO - Data Ingestion Service - ✅ GET /health/live completed (200) in 0.001s [correlation_id: 0a6c45df-c5d7-4c41-9633-219b63b1ccae]
2025-08-07 04:50:46 - Data Ingestion Service - INFO - Data Ingestion Service - 🔥 GET /health/live started [correlation_id: 91f6c557-3cda-45ac-9b75-b6318d164121]
2025-08-07 04:50:46 - Data Ingestion Service - INFO - Data Ingestion Service - ✅ GET /health/live completed (200) in 0.001s [correlation_id: 91f6c557-3cda-45ac-9b75-b6318d164121]
2025-08-07 04:51:16 - Data Ingestion Service - INFO - Data Ingestion Service - 🔥 GET /health/live started [correlation_id: 872796b7-2c6e-48fd-bd48-2401e83def43]
2025-08-07 04:51:16 - Data Ingestion Service - INFO - Data Ingestion Service - ✅ GET /health/live completed (200) in 0.002s [correlation_id: 872796b7-2c6e-48fd-bd48-2401e83def43]
2025-08-07 04:51:46 - Data Ingestion Service - INFO - Data Ingestion Service - 🔥 GET /health/live started [correlation_id: d1d468c1-794d-49b8-b865-bdacb355624d]
2025-08-07 04:51:46 - Data Ingestion Service - INFO - Data Ingestion Service - ✅ GET /health/live completed (200) in 0.001s [correlation_id: d1d468c1-794d-49b8-b865-bdacb355624d]
2025-08-07 04:52:16 - Data Ingestion Service - INFO - Data Ingestion Service - 🔥 GET /health/live started [correlation_id: 5960941a-15cd-4b01-a7f8-d751911b958b]
2025-08-07 04:52:16 - Data Ingestion Service - INFO - Data Ingestion Service - ✅ GET /health/live completed (200) in 0.002s [correlation_id: 5960941a-15cd-4b01-a7f8-d751911b958b]
2025-08-07 04:52:46 - Data Ingestion Service - INFO - Data Ingestion Service - 🔥 GET /health/live started [correlation_id: a7c44921-12dd-4ac2-8179-af51b7578267]
2025-08-07 04:52:46 - Data Ingestion Service - INFO - Data Ingestion Service - ✅ GET /health/live completed (200) in 0.001s [correlation_id: a7c44921-12dd-4ac2-8179-af51b7578267]
2025-08-07 04:53:16 - Data Ingestion Service - INFO - Data Ingestion Service - 🔥 GET /health/live started [correlation_id: 699508da-4c02-4c6d-a155-9289b837948c]
2025-08-07 04:53:16 - Data Ingestion Service - INFO - Data Ingestion Service - ✅ GET /health/live completed (200) in 0.001s [correlation_id: 699508da-4c02-4c6d-a155-9289b837948c]
2025-08-07 04:53:46 - Data Ingestion Service - INFO - Data Ingestion Service - 🔥 GET /health/live started [correlation_id: 9d29bffe-62c6-4f6f-908c-3458171748c9]
2025-08-07 04:53:46 - Data Ingestion Service - INFO - Data Ingestion Service - ✅ GET /health/live completed (200) in 0.002s [correlation_id: 9d29bffe-62c6-4f6f-908c-3458171748c9]
2025-08-07 04:54:16 - Data Ingestion Service - INFO - Data Ingestion Service - 🔥 GET /health/live started [correlation_id: f04f57fc-02ab-4707-840a-a77226365d20]
2025-08-07 04:54:16 - Data Ingestion Service - INFO - Data Ingestion Service - ✅ GET /health/live completed (200) in 0.005s [correlation_id: f04f57fc-02ab-4707-840a-a77226365d20]
2025-08-07 04:54:37 - Data Ingestion Service - INFO - Data Ingestion Service - 🔥 GET /health/live started [correlation_id: 22b46977-3865-4e73-adbf-dd5f853f7892]
2025-08-07 04:54:37 - Data Ingestion Service - INFO - Data Ingestion Service - ✅ GET /health/live completed (200) in 0.002s [correlation_id: 22b46977-3865-4e73-adbf-dd5f853f7892]
2025-08-07 04:54:46 - Data Ingestion Service - INFO - Data Ingestion Service - 🔥 GET /health/live started [correlation_id: 60b65f8a-81dd-4122-9458-cc67fde2567b]
2025-08-07 04:54:46 - Data Ingestion Service - INFO - Data Ingestion Service - ✅ GET /health/live completed (200) in 0.001s [correlation_id: 60b65f8a-81dd-4122-9458-cc67fde2567b]
2025-08-07 04:55:16 - Data Ingestion Service - INFO - Data Ingestion Service - 🔥 GET /health/live started [correlation_id: f6819e62-2f2a-4abe-bee3-0f46e95957c8]
2025-08-07 04:55:16 - Data Ingestion Service - INFO - Data Ingestion Service - ✅ GET /health/live completed (200) in 0.001s [correlation_id: f6819e62-2f2a-4abe-bee3-0f46e95957c8]
2025-08-07 04:55:46 - Data Ingestion Service - INFO - Data Ingestion Service - 🔥 GET /health/live started [correlation_id: d17207fa-9417-47b9-b212-fff143d32ed5]
2025-08-07 04:55:46 - Data Ingestion Service - INFO - Data Ingestion Service - ✅ GET /health/live completed (200) in 0.002s [correlation_id: d17207fa-9417-47b9-b212-fff143d32ed5]
2025-08-07 04:56:16 - Data Ingestion Service - INFO - Data Ingestion Service - 🔥 GET /health/live started [correlation_id: 908c710c-1f24-47f1-beb4-7ec155d59a84]
2025-08-07 04:56:16 - Data Ingestion Service - INFO - Data Ingestion Service - ✅ GET /health/live completed (200) in 0.002s [correlation_id: 908c710c-1f24-47f1-beb4-7ec155d59a84]
2025-08-07 04:56:46 - Data Ingestion Service - INFO - Data Ingestion Service - 🔥 GET /health/live started [correlation_id: def92d2e-1b6f-4818-b7da-96ba57519878]
2025-08-07 04:56:46 - Data Ingestion Service - INFO - Data Ingestion Service - ✅ GET /health/live completed (200) in 0.002s [correlation_id: def92d2e-1b6f-4818-b7da-96ba57519878]
2025-08-07 04:57:16 - Data Ingestion Service - INFO - Data Ingestion Service - 🔥 GET /health/live started [correlation_id: dffcc310-2380-4b32-8b18-2c27e8fc4397]
2025-08-07 04:57:16 - Data Ingestion Service - INFO - Data Ingestion Service - ✅ GET /health/live completed (200) in 0.001s [correlation_id: dffcc310-2380-4b32-8b18-2c27e8fc4397]
2025-08-07 04:57:47 - Data Ingestion Service - INFO - Data Ingestion Service - 🔥 GET /health/live started [correlation_id: 917e20a9-d15a-4993-ad7f-f244c6af30ed]
2025-08-07 04:57:47 - Data Ingestion Service - INFO - Data Ingestion Service - ✅ GET /health/live completed (200) in 0.004s [correlation_id: 917e20a9-d15a-4993-ad7f-f244c6af30ed]
2025-08-07 04:58:17 - Data Ingestion Service - INFO - Data Ingestion Service - 🔥 GET /health/live started [correlation_id: 03c8f253-1db4-44b8-b6b9-cefcbaadceb9]
2025-08-07 04:58:17 - Data Ingestion Service - INFO - Data Ingestion Service - ✅ GET /health/live completed (200) in 0.002s [correlation_id: 03c8f253-1db4-44b8-b6b9-cefcbaadceb9]
2025-08-07 04:58:47 - Data Ingestion Service - INFO - Data Ingestion Service - 🔥 GET /health/live started [correlation_id: e1a6d952-8314-46e4-83a7-7b07ee1c2658]
2025-08-07 04:58:47 - Data Ingestion Service - INFO - Data Ingestion Service - ✅ GET /health/live completed (200) in 0.002s [correlation_id: e1a6d952-8314-46e4-83a7-7b07ee1c2658]
2025-08-07 04:59:17 - Data Ingestion Service - INFO - Data Ingestion Service - 🔥 GET /health/live started [correlation_id: ed4f7b6f-8dcf-4438-a90c-e048ac1831a2]
2025-08-07 04:59:17 - Data Ingestion Service - INFO - Data Ingestion Service - ✅ GET /health/live completed (200) in 0.002s [correlation_id: ed4f7b6f-8dcf-4438-a90c-e048ac1831a2]
2025-08-07 04:59:37 - Data Ingestion Service - INFO - Data Ingestion Service - 🔥 GET /health/live started [correlation_id: 0b454959-4eaf-4a8c-a01b-924e94a860b9]
2025-08-07 04:59:37 - Data Ingestion Service - INFO - Data Ingestion Service - ✅ GET /health/live completed (200) in 0.002s [correlation_id: 0b454959-4eaf-4a8c-a01b-924e94a860b9]
2025-08-07 04:59:47 - Data Ingestion Service - INFO - Data Ingestion Service - 🔥 GET /health/live started [correlation_id: 544d54c9-5aab-430d-a5bf-ee573ba7bdcb]
2025-08-07 04:59:47 - Data Ingestion Service - INFO - Data Ingestion Service - ✅ GET /health/live completed (200) in 0.002s [correlation_id: 544d54c9-5aab-430d-a5bf-ee573ba7bdcb]
2025-08-07 05:00:17 - Data Ingestion Service - INFO - Data Ingestion Service - 🔥 GET /health/live started [correlation_id: edcc3ace-acc3-41ce-80b4-27df6f3c0d28]
2025-08-07 05:00:17 - Data Ingestion Service - INFO - Data Ingestion Service - ✅ GET /health/live completed (200) in 0.001s [correlation_id: edcc3ace-acc3-41ce-80b4-27df6f3c0d28]
2025-08-07 05:00:47 - Data Ingestion Service - INFO - Data Ingestion Service - 🔥 GET /health/live started [correlation_id: adaa64b0-126f-463d-a34c-a58e07426be1]
2025-08-07 05:00:47 - Data Ingestion Service - INFO - Data Ingestion Service - ✅ GET /health/live completed (200) in 0.002s [correlation_id: adaa64b0-126f-463d-a34c-a58e07426be1]
2025-08-07 05:01:17 - Data Ingestion Service - INFO - Data Ingestion Service - 🔥 GET /health/live started [correlation_id: b54f81f6-4b96-477c-87cd-e7a919c20372]
2025-08-07 05:01:17 - Data Ingestion Service - INFO - Data Ingestion Service - ✅ GET /health/live completed (200) in 0.004s [correlation_id: b54f81f6-4b96-477c-87cd-e7a919c20372]
2025-08-07 05:01:47 - Data Ingestion Service - INFO - Data Ingestion Service - 🔥 GET /health/live started [correlation_id: bd82964d-2a47-4779-b3da-1f240650ebcb]
2025-08-07 05:01:47 - Data Ingestion Service - INFO - Data Ingestion Service - ✅ GET /health/live completed (200) in 0.001s [correlation_id: bd82964d-2a47-4779-b3da-1f240650ebcb]
2025-08-07 05:02:17 - Data Ingestion Service - INFO - Data Ingestion Service - 🔥 GET /health/live started [correlation_id: 41b4c0f8-f2b6-427e-a05f-5ee97c55c487]
2025-08-07 05:02:17 - Data Ingestion Service - INFO - Data Ingestion Service - ✅ GET /health/live completed (200) in 0.001s [correlation_id: 41b4c0f8-f2b6-427e-a05f-5ee97c55c487]
2025-08-07 05:02:47 - Data Ingestion Service - INFO - Data Ingestion Service - 🔥 GET /health/live started [correlation_id: 9ae120e5-d8ef-451e-9a16-45037a4033a0]
2025-08-07 05:02:47 - Data Ingestion Service - INFO - Data Ingestion Service - ✅ GET /health/live completed (200) in 0.001s [correlation_id: 9ae120e5-d8ef-451e-9a16-45037a4033a0]
2025-08-07 05:03:17 - Data Ingestion Service - INFO - Data Ingestion Service - 🔥 GET /health/live started [correlation_id: ad531682-5093-40e4-bb1b-57770b3dc82e]
2025-08-07 05:03:17 - Data Ingestion Service - INFO - Data Ingestion Service - ✅ GET /health/live completed (200) in 0.002s [correlation_id: ad531682-5093-40e4-bb1b-57770b3dc82e]
2025-08-07 05:03:48 - Data Ingestion Service - INFO - Data Ingestion Service - 🔥 GET /health/live started [correlation_id: 4b99f2ed-d16e-4f8e-90d1-c16dc0964f82]
2025-08-07 05:03:48 - Data Ingestion Service - INFO - Data Ingestion Service - ✅ GET /health/live completed (200) in 0.002s [correlation_id: 4b99f2ed-d16e-4f8e-90d1-c16dc0964f82]
2025-08-07 05:04:18 - Data Ingestion Service - INFO - Data Ingestion Service - 🔥 GET /health/live started [correlation_id: 8bed6e23-3ee8-4ed1-a391-3df0ff9e008d]
2025-08-07 05:04:18 - Data Ingestion Service - INFO - Data Ingestion Service - ✅ GET /health/live completed (200) in 0.002s [correlation_id: 8bed6e23-3ee8-4ed1-a391-3df0ff9e008d]
2025-08-07 05:04:37 - Data Ingestion Service - INFO - Data Ingestion Service - 🔥 GET /health/live started [correlation_id: 133eff78-32d0-4d54-9de7-75b1ca7023e9]
2025-08-07 05:04:37 - Data Ingestion Service - INFO - Data Ingestion Service - ✅ GET /health/live completed (200) in 0.004s [correlation_id: 133eff78-32d0-4d54-9de7-75b1ca7023e9]
2025-08-07 05:04:48 - Data Ingestion Service - INFO - Data Ingestion Service - 🔥 GET /health/live started [correlation_id: 9202c308-2064-4020-8586-3e9396bf9427]
2025-08-07 05:04:48 - Data Ingestion Service - INFO - Data Ingestion Service - ✅ GET /health/live completed (200) in 0.001s [correlation_id: 9202c308-2064-4020-8586-3e9396bf9427]
2025-08-07 05:05:18 - Data Ingestion Service - INFO - Data Ingestion Service - 🔥 GET /health/live started [correlation_id: e9168ca8-c49c-455d-991e-473302547bdc]
2025-08-07 05:05:18 - Data Ingestion Service - INFO - Data Ingestion Service - ✅ GET /health/live completed (200) in 0.001s [correlation_id: e9168ca8-c49c-455d-991e-473302547bdc]
2025-08-07 05:05:48 - Data Ingestion Service - INFO - Data Ingestion Service - 🔥 GET /health/live started [correlation_id: 9c8a772b-8035-4a49-aa36-e7314c0152b6]
2025-08-07 05:05:48 - Data Ingestion Service - INFO - Data Ingestion Service - ✅ GET /health/live completed (200) in 0.001s [correlation_id: 9c8a772b-8035-4a49-aa36-e7314c0152b6]
2025-08-07 05:06:18 - Data Ingestion Service - INFO - Data Ingestion Service - 🔥 GET /health/live started [correlation_id: c9f578c5-2405-4b6b-b164-ca83a0edab7d]
2025-08-07 05:06:18 - Data Ingestion Service - INFO - Data Ingestion Service - ✅ GET /health/live completed (200) in 0.002s [correlation_id: c9f578c5-2405-4b6b-b164-ca83a0edab7d]
2025-08-07 05:06:48 - Data Ingestion Service - INFO - Data Ingestion Service - 🔥 GET /health/live started [correlation_id: 7f497c24-5a96-4671-9884-a4eddcaae020]
2025-08-07 05:06:48 - Data Ingestion Service - INFO - Data Ingestion Service - ✅ GET /health/live completed (200) in 0.002s [correlation_id: 7f497c24-5a96-4671-9884-a4eddcaae020]
2025-08-07 05:07:18 - Data Ingestion Service - INFO - Data Ingestion Service - 🔥 GET /health/live started [correlation_id: 928fb79d-03d5-4d3e-a707-8bbfd9801b33]
2025-08-07 05:07:18 - Data Ingestion Service - INFO - Data Ingestion Service - ✅ GET /health/live completed (200) in 0.002s [correlation_id: 928fb79d-03d5-4d3e-a707-8bbfd9801b33]
2025-08-07 05:07:48 - Data Ingestion Service - INFO - Data Ingestion Service - 🔥 GET /health/live started [correlation_id: f2d35ee8-a80d-47b5-89b5-b9790e069698]
2025-08-07 05:07:48 - Data Ingestion Service - INFO - Data Ingestion Service - ✅ GET /health/live completed (200) in 0.002s [correlation_id: f2d35ee8-a80d-47b5-89b5-b9790e069698]
2025-08-07 05:08:18 - Data Ingestion Service - INFO - Data Ingestion Service - 🔥 GET /health/live started [correlation_id: e822a8ab-effa-40fc-8d0e-d161591aa8f9]
2025-08-07 05:08:18 - Data Ingestion Service - INFO - Data Ingestion Service - ✅ GET /health/live completed (200) in 0.001s [correlation_id: e822a8ab-effa-40fc-8d0e-d161591aa8f9]
2025-08-07 05:08:48 - Data Ingestion Service - INFO - Data Ingestion Service - 🔥 GET /health/live started [correlation_id: 5f8d7e79-de2d-4dab-b45f-2e802747f71b]
2025-08-07 05:08:48 - Data Ingestion Service - INFO - Data Ingestion Service - ✅ GET /health/live completed (200) in 0.002s [correlation_id: 5f8d7e79-de2d-4dab-b45f-2e802747f71b]
2025-08-07 05:09:18 - Data Ingestion Service - INFO - Data Ingestion Service - 🔥 GET /health/live started [correlation_id: bd750601-8b59-4634-9d30-433b8d4faa8d]
2025-08-07 05:09:18 - Data Ingestion Service - INFO - Data Ingestion Service - ✅ GET /health/live completed (200) in 0.001s [correlation_id: bd750601-8b59-4634-9d30-433b8d4faa8d]
2025-08-07 05:09:37 - Data Ingestion Service - INFO - Data Ingestion Service - 🔥 GET /health/live started [correlation_id: 21a00fbe-57c4-4892-811b-6b94aecc4962]
2025-08-07 05:09:37 - Data Ingestion Service - INFO - Data Ingestion Service - ✅ GET /health/live completed (200) in 0.003s [correlation_id: 21a00fbe-57c4-4892-811b-6b94aecc4962]
2025-08-07 05:09:48 - Data Ingestion Service - INFO - Data Ingestion Service - 🔥 GET /health/live started [correlation_id: fa460132-d74f-4003-b49e-678fa967269c]
2025-08-07 05:09:48 - Data Ingestion Service - INFO - Data Ingestion Service - ✅ GET /health/live completed (200) in 0.001s [correlation_id: fa460132-d74f-4003-b49e-678fa967269c]
2025-08-07 05:10:18 - Data Ingestion Service - INFO - Data Ingestion Service - 🔥 GET /health/live started [correlation_id: 54462b7d-9332-4d26-a934-c8dff2d43419]
2025-08-07 05:10:18 - Data Ingestion Service - INFO - Data Ingestion Service - ✅ GET /health/live completed (200) in 0.001s [correlation_id: 54462b7d-9332-4d26-a934-c8dff2d43419]
2025-08-07 05:10:48 - Data Ingestion Service - INFO - Data Ingestion Service - 🔥 GET /health/live started [correlation_id: 8af8980f-084c-4432-846d-438ecf09f449]
2025-08-07 05:10:48 - Data Ingestion Service - INFO - Data Ingestion Service - ✅ GET /health/live completed (200) in 0.001s [correlation_id: 8af8980f-084c-4432-846d-438ecf09f449]
2025-08-07 05:11:18 - Data Ingestion Service - INFO - Data Ingestion Service - 🔥 GET /health/live started [correlation_id: fcb23b3d-775d-48a2-b4e0-416f81f7bedf]
2025-08-07 05:11:18 - Data Ingestion Service - INFO - Data Ingestion Service - ✅ GET /health/live completed (200) in 0.001s [correlation_id: fcb23b3d-775d-48a2-b4e0-416f81f7bedf]
2025-08-07 05:11:49 - Data Ingestion Service - INFO - Data Ingestion Service - 🔥 GET /health/live started [correlation_id: 97a68ab0-c2ad-4687-9ab0-c9cf0f45f0e6]
2025-08-07 05:11:49 - Data Ingestion Service - INFO - Data Ingestion Service - ✅ GET /health/live completed (200) in 0.002s [correlation_id: 97a68ab0-c2ad-4687-9ab0-c9cf0f45f0e6]
2025-08-07 05:12:19 - Data Ingestion Service - INFO - Data Ingestion Service - 🔥 GET /health/live started [correlation_id: af2d451f-f0f6-4120-a7d6-1fdee20b0496]
2025-08-07 05:12:19 - Data Ingestion Service - INFO - Data Ingestion Service - ✅ GET /health/live completed (200) in 0.002s [correlation_id: af2d451f-f0f6-4120-a7d6-1fdee20b0496]
2025-08-07 05:12:49 - Data Ingestion Service - INFO - Data Ingestion Service - 🔥 GET /health/live started [correlation_id: ff261b22-ea3d-414d-a6a9-9a59e0a4a077]
2025-08-07 05:12:49 - Data Ingestion Service - INFO - Data Ingestion Service - ✅ GET /health/live completed (200) in 0.001s [correlation_id: ff261b22-ea3d-414d-a6a9-9a59e0a4a077]
2025-08-07 05:13:19 - Data Ingestion Service - INFO - Data Ingestion Service - 🔥 GET /health/live started [correlation_id: b7100165-9530-40f2-b1eb-fe6e8a5c3976]
2025-08-07 05:13:19 - Data Ingestion Service - INFO - Data Ingestion Service - ✅ GET /health/live completed (200) in 0.001s [correlation_id: b7100165-9530-40f2-b1eb-fe6e8a5c3976]
2025-08-07 05:13:49 - Data Ingestion Service - INFO - Data Ingestion Service - 🔥 GET /health/live started [correlation_id: 9316d368-dd73-497f-a486-7ec275aa670e]
2025-08-07 05:13:49 - Data Ingestion Service - INFO - Data Ingestion Service - ✅ GET /health/live completed (200) in 0.002s [correlation_id: 9316d368-dd73-497f-a486-7ec275aa670e]
2025-08-07 05:14:19 - Data Ingestion Service - INFO - Data Ingestion Service - 🔥 GET /health/live started [correlation_id: 79ba154a-0e01-4b9b-93ef-75f6e3a55f6c]
2025-08-07 05:14:19 - Data Ingestion Service - INFO - Data Ingestion Service - ✅ GET /health/live completed (200) in 0.002s [correlation_id: 79ba154a-0e01-4b9b-93ef-75f6e3a55f6c]
2025-08-07 05:14:37 - Data Ingestion Service - INFO - Data Ingestion Service - 🔥 GET /health/live started [correlation_id: 94de6dfa-55d7-40d3-9721-0ebd737e4efc]
2025-08-07 05:14:37 - Data Ingestion Service - INFO - Data Ingestion Service - ✅ GET /health/live completed (200) in 0.004s [correlation_id: 94de6dfa-55d7-40d3-9721-0ebd737e4efc]
2025-08-07 05:14:49 - Data Ingestion Service - INFO - Data Ingestion Service - 🔥 GET /health/live started [correlation_id: a8fe318c-7a3f-415b-95de-cedcfd4861be]
2025-08-07 05:14:49 - Data Ingestion Service - INFO - Data Ingestion Service - ✅ GET /health/live completed (200) in 0.001s [correlation_id: a8fe318c-7a3f-415b-95de-cedcfd4861be]
2025-08-07 05:15:19 - Data Ingestion Service - INFO - Data Ingestion Service - 🔥 GET /health/live started [correlation_id: db149857-a7d8-44ce-b387-5f93a324f4d7]
2025-08-07 05:15:19 - Data Ingestion Service - INFO - Data Ingestion Service - ✅ GET /health/live completed (200) in 0.001s [correlation_id: db149857-a7d8-44ce-b387-5f93a324f4d7]
2025-08-07 05:15:49 - Data Ingestion Service - INFO - Data Ingestion Service - 🔥 GET /health/live started [correlation_id: 209486cb-f2c5-44b6-98b9-0c37c78a2f60]
2025-08-07 05:15:49 - Data Ingestion Service - INFO - Data Ingestion Service - ✅ GET /health/live completed (200) in 0.001s [correlation_id: 209486cb-f2c5-44b6-98b9-0c37c78a2f60]
2025-08-07 05:16:19 - Data Ingestion Service - INFO - Data Ingestion Service - 🔥 GET /health/live started [correlation_id: 0f24f156-8bc0-4dad-97c1-4156c106a685]
2025-08-07 05:16:19 - Data Ingestion Service - INFO - Data Ingestion Service - ✅ GET /health/live completed (200) in 0.001s [correlation_id: 0f24f156-8bc0-4dad-97c1-4156c106a685]
2025-08-07 05:16:49 - Data Ingestion Service - INFO - Data Ingestion Service - 🔥 GET /health/live started [correlation_id: f51eb861-9d3f-4319-90bd-492bceb7a818]
2025-08-07 05:16:49 - Data Ingestion Service - INFO - Data Ingestion Service - ✅ GET /health/live completed (200) in 0.002s [correlation_id: f51eb861-9d3f-4319-90bd-492bceb7a818]
2025-08-07 05:17:19 - Data Ingestion Service - INFO - Data Ingestion Service - 🔥 GET /health/live started [correlation_id: 53145922-1b74-4aa4-bb4c-d619ac09aa64]
2025-08-07 05:17:19 - Data Ingestion Service - INFO - Data Ingestion Service - ✅ GET /health/live completed (200) in 0.003s [correlation_id: 53145922-1b74-4aa4-bb4c-d619ac09aa64]
2025-08-07 05:17:49 - Data Ingestion Service - INFO - Data Ingestion Service - 🔥 GET /health/live started [correlation_id: 2b914c3b-5501-4ab9-bbc0-5d5b42dc4c6e]
2025-08-07 05:17:49 - Data Ingestion Service - INFO - Data Ingestion Service - ✅ GET /health/live completed (200) in 0.002s [correlation_id: 2b914c3b-5501-4ab9-bbc0-5d5b42dc4c6e]
2025-08-07 05:18:19 - Data Ingestion Service - INFO - Data Ingestion Service - 🔥 GET /health/live started [correlation_id: 8dcdc95d-46dd-4baf-aa94-54921bc9be8b]
2025-08-07 05:18:19 - Data Ingestion Service - INFO - Data Ingestion Service - ✅ GET /health/live completed (200) in 0.001s [correlation_id: 8dcdc95d-46dd-4baf-aa94-54921bc9be8b]
2025-08-07 05:18:49 - Data Ingestion Service - INFO - Data Ingestion Service - 🔥 GET /health/live started [correlation_id: b480517b-6be3-4dfd-a174-0a9670febd66]
2025-08-07 05:18:49 - Data Ingestion Service - INFO - Data Ingestion Service - ✅ GET /health/live completed (200) in 0.001s [correlation_id: b480517b-6be3-4dfd-a174-0a9670febd66]
2025-08-07 05:19:20 - Data Ingestion Service - INFO - Data Ingestion Service - 🔥 GET /health/live started [correlation_id: 6e0031d8-7aee-4be2-834f-caff7609f937]
2025-08-07 05:19:20 - Data Ingestion Service - INFO - Data Ingestion Service - ✅ GET /health/live completed (200) in 0.001s [correlation_id: 6e0031d8-7aee-4be2-834f-caff7609f937]
2025-08-07 05:19:37 - Data Ingestion Service - INFO - Data Ingestion Service - 🔥 GET /health/live started [correlation_id: a3fa78a8-d677-456b-a323-7ef3a88955e4]
2025-08-07 05:19:37 - Data Ingestion Service - INFO - Data Ingestion Service - ✅ GET /health/live completed (200) in 0.004s [correlation_id: a3fa78a8-d677-456b-a323-7ef3a88955e4]
2025-08-07 05:19:50 - Data Ingestion Service - INFO - Data Ingestion Service - 🔥 GET /health/live started [correlation_id: 4e7bd275-8c56-48b8-bc96-5205d7ffa927]
2025-08-07 05:19:50 - Data Ingestion Service - INFO - Data Ingestion Service - ✅ GET /health/live completed (200) in 0.001s [correlation_id: 4e7bd275-8c56-48b8-bc96-5205d7ffa927]
2025-08-07 05:20:20 - Data Ingestion Service - INFO - Data Ingestion Service - 🔥 GET /health/live started [correlation_id: 300d3b0f-1eff-4619-80ed-1d151fb18646]
2025-08-07 05:20:20 - Data Ingestion Service - INFO - Data Ingestion Service - ✅ GET /health/live completed (200) in 0.002s [correlation_id: 300d3b0f-1eff-4619-80ed-1d151fb18646]
2025-08-07 05:20:50 - Data Ingestion Service - INFO - Data Ingestion Service - 🔥 GET /health/live started [correlation_id: 5052bb29-f5d1-445a-b7b7-eb460d7aea67]
2025-08-07 05:20:50 - Data Ingestion Service - INFO - Data Ingestion Service - ✅ GET /health/live completed (200) in 0.002s [correlation_id: 5052bb29-f5d1-445a-b7b7-eb460d7aea67]
2025-08-07 05:21:20 - Data Ingestion Service - INFO - Data Ingestion Service - 🔥 GET /health/live started [correlation_id: 03c9d209-437b-484f-8106-118f427476b0]
2025-08-07 05:21:20 - Data Ingestion Service - INFO - Data Ingestion Service - ✅ GET /health/live completed (200) in 0.001s [correlation_id: 03c9d209-437b-484f-8106-118f427476b0]
2025-08-07 05:21:50 - Data Ingestion Service - INFO - Data Ingestion Service - 🔥 GET /health/live started [correlation_id: a1851478-efdd-4de6-826e-d9379ec7b611]
2025-08-07 05:21:50 - Data Ingestion Service - INFO - Data Ingestion Service - ✅ GET /health/live completed (200) in 0.005s [correlation_id: a1851478-efdd-4de6-826e-d9379ec7b611]
2025-08-07 05:22:20 - Data Ingestion Service - INFO - Data Ingestion Service - 🔥 GET /health/live started [correlation_id: 0d843cc8-0f7f-4647-8d78-f878cce76b79]
2025-08-07 05:22:20 - Data Ingestion Service - INFO - Data Ingestion Service - ✅ GET /health/live completed (200) in 0.002s [correlation_id: 0d843cc8-0f7f-4647-8d78-f878cce76b79]
2025-08-07 05:22:50 - Data Ingestion Service - INFO - Data Ingestion Service - 🔥 GET /health/live started [correlation_id: a7fdca07-be36-4d9b-a7dd-908e5c5c343d]
2025-08-07 05:22:50 - Data Ingestion Service - INFO - Data Ingestion Service - ✅ GET /health/live completed (200) in 0.002s [correlation_id: a7fdca07-be36-4d9b-a7dd-908e5c5c343d]
2025-08-07 05:23:20 - Data Ingestion Service - INFO - Data Ingestion Service - 🔥 GET /health/live started [correlation_id: 089afeb4-070c-423e-bf3f-025371874116]
2025-08-07 05:23:20 - Data Ingestion Service - INFO - Data Ingestion Service - ✅ GET /health/live completed (200) in 0.001s [correlation_id: 089afeb4-070c-423e-bf3f-025371874116]
2025-08-07 05:23:50 - Data Ingestion Service - INFO - Data Ingestion Service - 🔥 GET /health/live started [correlation_id: dc230be1-c9f3-436a-8ee3-5468ad26376f]
2025-08-07 05:23:50 - Data Ingestion Service - INFO - Data Ingestion Service - ✅ GET /health/live completed (200) in 0.001s [correlation_id: dc230be1-c9f3-436a-8ee3-5468ad26376f]
2025-08-07 05:24:20 - Data Ingestion Service - INFO - Data Ingestion Service - 🔥 GET /health/live started [correlation_id: 2007a804-81d5-4d46-9857-1ae57cb48432]
2025-08-07 05:24:20 - Data Ingestion Service - INFO - Data Ingestion Service - ✅ GET /health/live completed (200) in 0.002s [correlation_id: 2007a804-81d5-4d46-9857-1ae57cb48432]
2025-08-07 05:24:37 - Data Ingestion Service - INFO - Data Ingestion Service - 🔥 GET /health/live started [correlation_id: 277fc104-1618-4c91-9557-992ff4f8d252]
2025-08-07 05:24:37 - Data Ingestion Service - INFO - Data Ingestion Service - ✅ GET /health/live completed (200) in 0.006s [correlation_id: 277fc104-1618-4c91-9557-992ff4f8d252]
2025-08-07 05:24:50 - Data Ingestion Service - INFO - Data Ingestion Service - 🔥 GET /health/live started [correlation_id: 85edeac2-7a31-4420-8766-fc9eb0518c22]
2025-08-07 05:24:50 - Data Ingestion Service - INFO - Data Ingestion Service - ✅ GET /health/live completed (200) in 0.001s [correlation_id: 85edeac2-7a31-4420-8766-fc9eb0518c22]
2025-08-07 05:25:20 - Data Ingestion Service - INFO - Data Ingestion Service - 🔥 GET /health/live started [correlation_id: f77f5540-5ca8-4c28-aca8-caa191709009]
2025-08-07 05:25:20 - Data Ingestion Service - INFO - Data Ingestion Service - ✅ GET /health/live completed (200) in 0.002s [correlation_id: f77f5540-5ca8-4c28-aca8-caa191709009]
2025-08-07 05:25:50 - Data Ingestion Service - INFO - Data Ingestion Service - 🔥 GET /health/live started [correlation_id: bfb37df1-9d52-493c-86d4-4f12c49c8c4b]
2025-08-07 05:25:50 - Data Ingestion Service - INFO - Data Ingestion Service - ✅ GET /health/live completed (200) in 0.002s [correlation_id: bfb37df1-9d52-493c-86d4-4f12c49c8c4b]
2025-08-07 05:26:21 - Data Ingestion Service - INFO - Data Ingestion Service - 🔥 GET /health/live started [correlation_id: 8b594ad9-3fcc-4c6c-9772-8558e44730f8]
2025-08-07 05:26:21 - Data Ingestion Service - INFO - Data Ingestion Service - ✅ GET /health/live completed (200) in 0.001s [correlation_id: 8b594ad9-3fcc-4c6c-9772-8558e44730f8]
2025-08-07 05:26:51 - Data Ingestion Service - INFO - Data Ingestion Service - 🔥 GET /health/live started [correlation_id: d90b74b6-64b5-4ec6-9838-ab84e4bd7de7]
2025-08-07 05:26:51 - Data Ingestion Service - INFO - Data Ingestion Service - ✅ GET /health/live completed (200) in 0.001s [correlation_id: d90b74b6-64b5-4ec6-9838-ab84e4bd7de7]
2025-08-07 05:27:21 - Data Ingestion Service - INFO - Data Ingestion Service - 🔥 GET /health/live started [correlation_id: 5b515a07-59ce-467f-ae72-72f2a7fe2237]
2025-08-07 05:27:21 - Data Ingestion Service - INFO - Data Ingestion Service - ✅ GET /health/live completed (200) in 0.005s [correlation_id: 5b515a07-59ce-467f-ae72-72f2a7fe2237]
2025-08-07 05:27:51 - Data Ingestion Service - INFO - Data Ingestion Service - 🔥 GET /health/live started [correlation_id: 092c4bbe-8b02-4f2d-a947-328b75e00507]
2025-08-07 05:27:51 - Data Ingestion Service - INFO - Data Ingestion Service - ✅ GET /health/live completed (200) in 0.001s [correlation_id: 092c4bbe-8b02-4f2d-a947-328b75e00507]
2025-08-07 05:28:21 - Data Ingestion Service - INFO - Data Ingestion Service - 🔥 GET /health/live started [correlation_id: fc7fba13-4c5e-4279-b22c-3fb39581d4f1]
2025-08-07 05:28:21 - Data Ingestion Service - INFO - Data Ingestion Service - ✅ GET /health/live completed (200) in 0.001s [correlation_id: fc7fba13-4c5e-4279-b22c-3fb39581d4f1]
2025-08-07 05:28:51 - Data Ingestion Service - INFO - Data Ingestion Service - 🔥 GET /health/live started [correlation_id: 62c77942-a636-499c-be17-63b65330d3ab]
2025-08-07 05:28:51 - Data Ingestion Service - INFO - Data Ingestion Service - ✅ GET /health/live completed (200) in 0.001s [correlation_id: 62c77942-a636-499c-be17-63b65330d3ab]
2025-08-07 05:29:21 - Data Ingestion Service - INFO - Data Ingestion Service - 🔥 GET /health/live started [correlation_id: 42a2594f-5ca9-4665-aab2-841b880d5d2f]
2025-08-07 05:29:21 - Data Ingestion Service - INFO - Data Ingestion Service - ✅ GET /health/live completed (200) in 0.001s [correlation_id: 42a2594f-5ca9-4665-aab2-841b880d5d2f]
2025-08-07 05:29:37 - Data Ingestion Service - INFO - Data Ingestion Service - 🔥 GET /health/live started [correlation_id: 673012e0-559a-4c38-a9ef-e6aaa89fc4cd]
2025-08-07 05:29:37 - Data Ingestion Service - INFO - Data Ingestion Service - ✅ GET /health/live completed (200) in 0.002s [correlation_id: 673012e0-559a-4c38-a9ef-e6aaa89fc4cd]
2025-08-07 05:29:51 - Data Ingestion Service - INFO - Data Ingestion Service - 🔥 GET /health/live started [correlation_id: 13e6e4c9-4595-4d18-8626-5ec6ba53832b]
2025-08-07 05:29:51 - Data Ingestion Service - INFO - Data Ingestion Service - ✅ GET /health/live completed (200) in 0.002s [correlation_id: 13e6e4c9-4595-4d18-8626-5ec6ba53832b]
2025-08-07 05:30:21 - Data Ingestion Service - INFO - Data Ingestion Service - 🔥 GET /health/live started [correlation_id: 150f57d0-6533-4fa5-8672-344e6754ab09]
2025-08-07 05:30:21 - Data Ingestion Service - INFO - Data Ingestion Service - ✅ GET /health/live completed (200) in 0.001s [correlation_id: 150f57d0-6533-4fa5-8672-344e6754ab09]
2025-08-07 05:30:51 - Data Ingestion Service - INFO - Data Ingestion Service - 🔥 GET /health/live started [correlation_id: 2cfb50e6-feee-4c6b-8419-c97c91e30b8b]
2025-08-07 05:30:51 - Data Ingestion Service - INFO - Data Ingestion Service - ✅ GET /health/live completed (200) in 0.001s [correlation_id: 2cfb50e6-feee-4c6b-8419-c97c91e30b8b]
2025-08-07 05:31:21 - Data Ingestion Service - INFO - Data Ingestion Service - 🔥 GET /health/live started [correlation_id: b788c64c-905d-4132-b5fa-191c93f8346b]
2025-08-07 05:31:21 - Data Ingestion Service - INFO - Data Ingestion Service - ✅ GET /health/live completed (200) in 0.001s [correlation_id: b788c64c-905d-4132-b5fa-191c93f8346b]
2025-08-07 05:31:51 - Data Ingestion Service - INFO - Data Ingestion Service - 🔥 GET /health/live started [correlation_id: d56badea-ec11-45d4-894e-7f06d20b66fd]
2025-08-07 05:31:51 - Data Ingestion Service - INFO - Data Ingestion Service - ✅ GET /health/live completed (200) in 0.001s [correlation_id: d56badea-ec11-45d4-894e-7f06d20b66fd]
2025-08-07 05:32:21 - Data Ingestion Service - INFO - Data Ingestion Service - 🔥 GET /health/live started [correlation_id: cf5cf6c1-66ba-401d-8991-1a3e060379d2]
2025-08-07 05:32:21 - Data Ingestion Service - INFO - Data Ingestion Service - ✅ GET /health/live completed (200) in 0.001s [correlation_id: cf5cf6c1-66ba-401d-8991-1a3e060379d2]
2025-08-07 05:32:51 - Data Ingestion Service - INFO - Data Ingestion Service - 🔥 GET /health/live started [correlation_id: 7e664285-ebbf-4426-9a34-19934da8ab2f]
2025-08-07 05:32:51 - Data Ingestion Service - INFO - Data Ingestion Service - ✅ GET /health/live completed (200) in 0.001s [correlation_id: 7e664285-ebbf-4426-9a34-19934da8ab2f]
2025-08-07 05:33:21 - Data Ingestion Service - INFO - Data Ingestion Service - 🔥 GET /health/live started [correlation_id: 81907bc0-b264-4e06-b784-c2b41a75dccb]
2025-08-07 05:33:21 - Data Ingestion Service - INFO - Data Ingestion Service - ✅ GET /health/live completed (200) in 0.001s [correlation_id: 81907bc0-b264-4e06-b784-c2b41a75dccb]
2025-08-07 05:33:51 - Data Ingestion Service - INFO - Data Ingestion Service - 🔥 GET /health/live started [correlation_id: d86fbf1b-c72c-4456-bd5a-7e02a5e64f53]
2025-08-07 05:33:51 - Data Ingestion Service - INFO - Data Ingestion Service - ✅ GET /health/live completed (200) in 0.003s [correlation_id: d86fbf1b-c72c-4456-bd5a-7e02a5e64f53]
2025-08-07 05:34:22 - Data Ingestion Service - INFO - Data Ingestion Service - 🔥 GET /health/live started [correlation_id: b30a5a6b-f1c6-44e7-9a90-52a5b2173b80]
2025-08-07 05:34:22 - Data Ingestion Service - INFO - Data Ingestion Service - ✅ GET /health/live completed (200) in 0.001s [correlation_id: b30a5a6b-f1c6-44e7-9a90-52a5b2173b80]
2025-08-07 05:34:37 - Data Ingestion Service - INFO - Data Ingestion Service - 🔥 GET /health/live started [correlation_id: 361bd6f5-0467-443f-bc75-8ea459654ae6]
2025-08-07 05:34:37 - Data Ingestion Service - INFO - Data Ingestion Service - ✅ GET /health/live completed (200) in 0.004s [correlation_id: 361bd6f5-0467-443f-bc75-8ea459654ae6]
2025-08-07 05:34:52 - Data Ingestion Service - INFO - Data Ingestion Service - 🔥 GET /health/live started [correlation_id: 6dd28ea9-26bd-4235-b74d-af3229dbed93]
2025-08-07 05:34:52 - Data Ingestion Service - INFO - Data Ingestion Service - ✅ GET /health/live completed (200) in 0.001s [correlation_id: 6dd28ea9-26bd-4235-b74d-af3229dbed93]
2025-08-07 05:35:22 - Data Ingestion Service - INFO - Data Ingestion Service - 🔥 GET /health/live started [correlation_id: aca53509-5952-4a9d-bb22-71416d0390e7]
2025-08-07 05:35:22 - Data Ingestion Service - INFO - Data Ingestion Service - ✅ GET /health/live completed (200) in 0.002s [correlation_id: aca53509-5952-4a9d-bb22-71416d0390e7]
2025-08-07 05:35:52 - Data Ingestion Service - INFO - Data Ingestion Service - 🔥 GET /health/live started [correlation_id: 42650f70-408f-4f88-9cb0-ae87383281a2]
2025-08-07 05:35:52 - Data Ingestion Service - INFO - Data Ingestion Service - ✅ GET /health/live completed (200) in 0.002s [correlation_id: 42650f70-408f-4f88-9cb0-ae87383281a2]
2025-08-07 05:36:22 - Data Ingestion Service - INFO - Data Ingestion Service - 🔥 GET /health/live started [correlation_id: 9aec77d7-7e46-4803-901f-0e3f215a8806]
2025-08-07 05:36:22 - Data Ingestion Service - INFO - Data Ingestion Service - ✅ GET /health/live completed (200) in 0.002s [correlation_id: 9aec77d7-7e46-4803-901f-0e3f215a8806]
2025-08-07 05:36:52 - Data Ingestion Service - INFO - Data Ingestion Service - 🔥 GET /health/live started [correlation_id: fcc559c6-ef60-432e-aea6-96fb18dafa42]
2025-08-07 05:36:52 - Data Ingestion Service - INFO - Data Ingestion Service - ✅ GET /health/live completed (200) in 0.002s [correlation_id: fcc559c6-ef60-432e-aea6-96fb18dafa42]
2025-08-07 05:37:22 - Data Ingestion Service - INFO - Data Ingestion Service - 🔥 GET /health/live started [correlation_id: 99eaf963-f104-4b05-a9f1-c3c5a7145cad]
2025-08-07 05:37:22 - Data Ingestion Service - INFO - Data Ingestion Service - ✅ GET /health/live completed (200) in 0.002s [correlation_id: 99eaf963-f104-4b05-a9f1-c3c5a7145cad]
2025-08-07 05:37:52 - Data Ingestion Service - INFO - Data Ingestion Service - 🔥 GET /health/live started [correlation_id: bfe9c527-1871-4505-bc72-47515f03d2e8]
2025-08-07 05:37:52 - Data Ingestion Service - INFO - Data Ingestion Service - ✅ GET /health/live completed (200) in 0.001s [correlation_id: bfe9c527-1871-4505-bc72-47515f03d2e8]
2025-08-07 05:38:22 - Data Ingestion Service - INFO - Data Ingestion Service - 🔥 GET /health/live started [correlation_id: de3ac913-c2fb-46d3-a5a9-f2f8c8e7a144]
2025-08-07 05:38:22 - Data Ingestion Service - INFO - Data Ingestion Service - ✅ GET /health/live completed (200) in 0.002s [correlation_id: de3ac913-c2fb-46d3-a5a9-f2f8c8e7a144]
2025-08-07 05:38:52 - Data Ingestion Service - INFO - Data Ingestion Service - 🔥 GET /health/live started [correlation_id: c4b719ba-8769-4a15-a55b-931df0d81427]
2025-08-07 05:38:52 - Data Ingestion Service - INFO - Data Ingestion Service - ✅ GET /health/live completed (200) in 0.004s [correlation_id: c4b719ba-8769-4a15-a55b-931df0d81427]
2025-08-07 05:39:22 - Data Ingestion Service - INFO - Data Ingestion Service - 🔥 GET /health/live started [correlation_id: ab09530e-1e53-498e-9951-7028add92d77]
2025-08-07 05:39:22 - Data Ingestion Service - INFO - Data Ingestion Service - ✅ GET /health/live completed (200) in 0.002s [correlation_id: ab09530e-1e53-498e-9951-7028add92d77]
2025-08-07 05:39:37 - Data Ingestion Service - INFO - Data Ingestion Service - 🔥 GET /health/live started [correlation_id: 5268491a-2b4d-4e41-bbb3-e72f12abb8e1]
2025-08-07 05:39:37 - Data Ingestion Service - INFO - Data Ingestion Service - ✅ GET /health/live completed (200) in 0.002s [correlation_id: 5268491a-2b4d-4e41-bbb3-e72f12abb8e1]
2025-08-07 05:39:52 - Data Ingestion Service - INFO - Data Ingestion Service - 🔥 GET /health/live started [correlation_id: 857024b0-7878-4f1a-af6a-ba48b5b84941]
2025-08-07 05:39:52 - Data Ingestion Service - INFO - Data Ingestion Service - ✅ GET /health/live completed (200) in 0.003s [correlation_id: 857024b0-7878-4f1a-af6a-ba48b5b84941]
2025-08-07 05:40:22 - Data Ingestion Service - INFO - Data Ingestion Service - 🔥 GET /health/live started [correlation_id: 0500f136-4a8f-42cd-91b2-a407faf81f20]
2025-08-07 05:40:22 - Data Ingestion Service - INFO - Data Ingestion Service - ✅ GET /health/live completed (200) in 0.002s [correlation_id: 0500f136-4a8f-42cd-91b2-a407faf81f20]
2025-08-07 05:40:52 - Data Ingestion Service - INFO - Data Ingestion Service - 🔥 GET /health/live started [correlation_id: 3c4d3e58-1619-4042-8dd3-b0ed5a63791b]
2025-08-07 05:40:52 - Data Ingestion Service - INFO - Data Ingestion Service - ✅ GET /health/live completed (200) in 0.002s [correlation_id: 3c4d3e58-1619-4042-8dd3-b0ed5a63791b]
2025-08-07 05:41:23 - Data Ingestion Service - INFO - Data Ingestion Service - 🔥 GET /health/live started [correlation_id: d3114bee-4219-4070-9ca9-98f3f86d408b]
2025-08-07 05:41:23 - Data Ingestion Service - INFO - Data Ingestion Service - ✅ GET /health/live completed (200) in 0.002s [correlation_id: d3114bee-4219-4070-9ca9-98f3f86d408b]
2025-08-07 05:41:53 - Data Ingestion Service - INFO - Data Ingestion Service - 🔥 GET /health/live started [correlation_id: 8ec9e691-7874-481e-86d8-381463e16336]
2025-08-07 05:41:53 - Data Ingestion Service - INFO - Data Ingestion Service - ✅ GET /health/live completed (200) in 0.001s [correlation_id: 8ec9e691-7874-481e-86d8-381463e16336]
2025-08-07 05:42:23 - Data Ingestion Service - INFO - Data Ingestion Service - 🔥 GET /health/live started [correlation_id: efc4ed1b-7798-4592-ae9c-ffdfb06986d4]
2025-08-07 05:42:23 - Data Ingestion Service - INFO - Data Ingestion Service - ✅ GET /health/live completed (200) in 0.002s [correlation_id: efc4ed1b-7798-4592-ae9c-ffdfb06986d4]
2025-08-07 05:42:53 - Data Ingestion Service - INFO - Data Ingestion Service - 🔥 GET /health/live started [correlation_id: 2ba99217-01ee-45e3-941a-81f9b2018695]
2025-08-07 05:42:53 - Data Ingestion Service - INFO - Data Ingestion Service - ✅ GET /health/live completed (200) in 0.001s [correlation_id: 2ba99217-01ee-45e3-941a-81f9b2018695]
2025-08-07 05:43:23 - Data Ingestion Service - INFO - Data Ingestion Service - 🔥 GET /health/live started [correlation_id: 3cbe1e28-f575-4a19-a6fa-0e57ebc2f736]
2025-08-07 05:43:23 - Data Ingestion Service - INFO - Data Ingestion Service - ✅ GET /health/live completed (200) in 0.001s [correlation_id: 3cbe1e28-f575-4a19-a6fa-0e57ebc2f736]
2025-08-07 05:43:53 - Data Ingestion Service - INFO - Data Ingestion Service - 🔥 GET /health/live started [correlation_id: 93dc064f-73ad-4c66-a332-5591f9c6d7f3]
2025-08-07 05:43:53 - Data Ingestion Service - INFO - Data Ingestion Service - ✅ GET /health/live completed (200) in 0.002s [correlation_id: 93dc064f-73ad-4c66-a332-5591f9c6d7f3]
2025-08-07 05:44:23 - Data Ingestion Service - INFO - Data Ingestion Service - 🔥 GET /health/live started [correlation_id: d6913e6d-cc86-40b1-b31f-c3e186f14266]
2025-08-07 05:44:23 - Data Ingestion Service - INFO - Data Ingestion Service - ✅ GET /health/live completed (200) in 0.001s [correlation_id: d6913e6d-cc86-40b1-b31f-c3e186f14266]
2025-08-07 05:44:37 - Data Ingestion Service - INFO - Data Ingestion Service - 🔥 GET /health/live started [correlation_id: 35634fe8-1e78-461c-880d-bb6f75f6edfc]
2025-08-07 05:44:37 - Data Ingestion Service - INFO - Data Ingestion Service - ✅ GET /health/live completed (200) in 0.002s [correlation_id: 35634fe8-1e78-461c-880d-bb6f75f6edfc]
2025-08-07 05:44:53 - Data Ingestion Service - INFO - Data Ingestion Service - 🔥 GET /health/live started [correlation_id: a5c0dcde-d1dc-4855-a4bc-afad0eb42630]
2025-08-07 05:44:53 - Data Ingestion Service - INFO - Data Ingestion Service - ✅ GET /health/live completed (200) in 0.002s [correlation_id: a5c0dcde-d1dc-4855-a4bc-afad0eb42630]
2025-08-07 05:45:23 - Data Ingestion Service - INFO - Data Ingestion Service - 🔥 GET /health/live started [correlation_id: 15ee01d4-b5fb-4e37-af4a-c1454c458123]
2025-08-07 05:45:23 - Data Ingestion Service - INFO - Data Ingestion Service - ✅ GET /health/live completed (200) in 0.007s [correlation_id: 15ee01d4-b5fb-4e37-af4a-c1454c458123]
2025-08-07 05:45:53 - Data Ingestion Service - INFO - Data Ingestion Service - 🔥 GET /health/live started [correlation_id: e693b731-48a3-4f66-b426-ffc8cc51eef6]
2025-08-07 05:45:53 - Data Ingestion Service - INFO - Data Ingestion Service - ✅ GET /health/live completed (200) in 0.002s [correlation_id: e693b731-48a3-4f66-b426-ffc8cc51eef6]
2025-08-07 05:46:23 - Data Ingestion Service - INFO - Data Ingestion Service - 🔥 GET /health/live started [correlation_id: 34107729-b463-4e6c-a87a-26c17b032757]
2025-08-07 05:46:23 - Data Ingestion Service - INFO - Data Ingestion Service - ✅ GET /health/live completed (200) in 0.001s [correlation_id: 34107729-b463-4e6c-a87a-26c17b032757]
2025-08-07 05:46:53 - Data Ingestion Service - INFO - Data Ingestion Service - 🔥 GET /health/live started [correlation_id: f1fe1b53-08bc-4cc7-af00-3c6321e92278]
2025-08-07 05:46:53 - Data Ingestion Service - INFO - Data Ingestion Service - ✅ GET /health/live completed (200) in 0.001s [correlation_id: f1fe1b53-08bc-4cc7-af00-3c6321e92278]
2025-08-07 05:47:23 - Data Ingestion Service - INFO - Data Ingestion Service - 🔥 GET /health/live started [correlation_id: 77677213-a144-43b9-9c3d-c98f3e19201a]
2025-08-07 05:47:23 - Data Ingestion Service - INFO - Data Ingestion Service - ✅ GET /health/live completed (200) in 0.002s [correlation_id: 77677213-a144-43b9-9c3d-c98f3e19201a]
2025-08-07 05:47:53 - Data Ingestion Service - INFO - Data Ingestion Service - 🔥 GET /health/live started [correlation_id: 35a6cd02-ba0a-4e74-8ed6-953fe671c89b]
2025-08-07 05:47:53 - Data Ingestion Service - INFO - Data Ingestion Service - ✅ GET /health/live completed (200) in 0.002s [correlation_id: 35a6cd02-ba0a-4e74-8ed6-953fe671c89b]
2025-08-07 05:48:24 - Data Ingestion Service - INFO - Data Ingestion Service - 🔥 GET /health/live started [correlation_id: 323d7b6a-5c05-4889-aa87-30f3a5d40de8]
2025-08-07 05:48:24 - Data Ingestion Service - INFO - Data Ingestion Service - ✅ GET /health/live completed (200) in 0.001s [correlation_id: 323d7b6a-5c05-4889-aa87-30f3a5d40de8]
2025-08-07 05:48:54 - Data Ingestion Service - INFO - Data Ingestion Service - 🔥 GET /health/live started [correlation_id: 74230368-6c5b-4072-a6c2-64e52ca2026d]
2025-08-07 05:48:54 - Data Ingestion Service - INFO - Data Ingestion Service - ✅ GET /health/live completed (200) in 0.002s [correlation_id: 74230368-6c5b-4072-a6c2-64e52ca2026d]
2025-08-07 05:49:24 - Data Ingestion Service - INFO - Data Ingestion Service - 🔥 GET /health/live started [correlation_id: e57c6fd5-0a58-4d80-bde5-f56ee99d85f4]
2025-08-07 05:49:24 - Data Ingestion Service - INFO - Data Ingestion Service - ✅ GET /health/live completed (200) in 0.001s [correlation_id: e57c6fd5-0a58-4d80-bde5-f56ee99d85f4]
2025-08-07 05:49:37 - Data Ingestion Service - INFO - Data Ingestion Service - 🔥 GET /health/live started [correlation_id: d7fc8861-5865-49e1-942b-a9a258f79a18]
2025-08-07 05:49:37 - Data Ingestion Service - INFO - Data Ingestion Service - ✅ GET /health/live completed (200) in 0.004s [correlation_id: d7fc8861-5865-49e1-942b-a9a258f79a18]
2025-08-07 05:49:54 - Data Ingestion Service - INFO - Data Ingestion Service - 🔥 GET /health/live started [correlation_id: 9919bf80-4ebd-4f22-aa1c-a62b39a4cf46]
2025-08-07 05:49:54 - Data Ingestion Service - INFO - Data Ingestion Service - ✅ GET /health/live completed (200) in 0.001s [correlation_id: 9919bf80-4ebd-4f22-aa1c-a62b39a4cf46]
2025-08-07 05:50:24 - Data Ingestion Service - INFO - Data Ingestion Service - 🔥 GET /health/live started [correlation_id: a902a1b5-c65e-4a8e-a2ba-65f865a50c1a]
2025-08-07 05:50:24 - Data Ingestion Service - INFO - Data Ingestion Service - ✅ GET /health/live completed (200) in 0.001s [correlation_id: a902a1b5-c65e-4a8e-a2ba-65f865a50c1a]
2025-08-07 05:50:54 - Data Ingestion Service - INFO - Data Ingestion Service - 🔥 GET /health/live started [correlation_id: ae5460c5-0f9e-4f1f-b651-9f4bc414d2e2]
2025-08-07 05:50:54 - Data Ingestion Service - INFO - Data Ingestion Service - ✅ GET /health/live completed (200) in 0.003s [correlation_id: ae5460c5-0f9e-4f1f-b651-9f4bc414d2e2]
2025-08-07 05:51:24 - Data Ingestion Service - INFO - Data Ingestion Service - 🔥 GET /health/live started [correlation_id: 52d504b5-cc8a-4338-8ee0-52cda7b9c96f]
2025-08-07 05:51:24 - Data Ingestion Service - INFO - Data Ingestion Service - ✅ GET /health/live completed (200) in 0.002s [correlation_id: 52d504b5-cc8a-4338-8ee0-52cda7b9c96f]
2025-08-07 05:51:54 - Data Ingestion Service - INFO - Data Ingestion Service - 🔥 GET /health/live started [correlation_id: 537ba537-d77d-49e8-be40-bf739c05e4b0]
2025-08-07 05:51:54 - Data Ingestion Service - INFO - Data Ingestion Service - ✅ GET /health/live completed (200) in 0.001s [correlation_id: 537ba537-d77d-49e8-be40-bf739c05e4b0]
2025-08-07 06:26:51 - Data Ingestion Service - INFO - Data Ingestion Service - 🔥 GET /health/live started [correlation_id: a5984ec8-4811-476f-bf57-3d8617bbe421]
2025-08-07 06:26:51 - Data Ingestion Service - INFO - Data Ingestion Service - ✅ GET /health/live completed (200) in 0.004s [correlation_id: a5984ec8-4811-476f-bf57-3d8617bbe421]
2025-08-07 07:46:12 - Data Ingestion Service - INFO - Data Ingestion Service - 🔥 GET /health/live started [correlation_id: 5a1e0fd6-8994-482f-8b25-275193e453fd]
2025-08-07 07:46:12 - Data Ingestion Service - INFO - Data Ingestion Service - ✅ GET /health/live completed (200) in 0.002s [correlation_id: 5a1e0fd6-8994-482f-8b25-275193e453fd]
2025-08-07 08:11:34 - Data Ingestion Service - INFO - Data Ingestion Service - 🔥 GET /health/live started [correlation_id: e6704147-d780-46f0-af8f-62f10e61bc4f]
2025-08-07 08:11:34 - Data Ingestion Service - INFO - Data Ingestion Service - ✅ GET /health/live completed (200) in 0.002s [correlation_id: e6704147-d780-46f0-af8f-62f10e61bc4f]
2025-08-07 08:12:04 - Data Ingestion Service - INFO - Data Ingestion Service - 🔥 GET /health/live started [correlation_id: 7dcc04e5-a855-414c-8ae1-0755f905a777]
2025-08-07 08:12:04 - Data Ingestion Service - INFO - Data Ingestion Service - ✅ GET /health/live completed (200) in 0.002s [correlation_id: 7dcc04e5-a855-414c-8ae1-0755f905a777]
2025-08-07 08:46:45 - Data Ingestion Service - INFO - Data Ingestion Service - 🔥 GET /health/live started [correlation_id: be04e214-4a75-4328-96a7-7597745ad7e8]
2025-08-07 08:46:45 - Data Ingestion Service - INFO - Data Ingestion Service - ✅ GET /health/live completed (200) in 0.007s [correlation_id: be04e214-4a75-4328-96a7-7597745ad7e8]
2025-08-07 08:46:58 - Data Ingestion Service - INFO - Data Ingestion Service - 🔥 GET /health/live started [correlation_id: 7a82fec5-3b54-41be-8189-f8113ebefd28]
2025-08-07 08:46:58 - Data Ingestion Service - INFO - Data Ingestion Service - ✅ GET /health/live completed (200) in 0.006s [correlation_id: 7a82fec5-3b54-41be-8189-f8113ebefd28]
2025-08-07 10:11:13 - Data Ingestion Service - INFO - Data Ingestion Service - 🔥 GET /health/live started [correlation_id: 498895ef-ed85-4fb5-836b-c57501578f3c]
2025-08-07 10:11:13 - Data Ingestion Service - INFO - Data Ingestion Service - ✅ GET /health/live completed (200) in 0.002s [correlation_id: 498895ef-ed85-4fb5-836b-c57501578f3c]
2025-08-07 11:04:21 - Data Ingestion Service - INFO - Data Ingestion Service - 🔥 GET /health/live started [correlation_id: be99d34a-bb5e-46ed-84c1-8db141bc9264]
2025-08-07 11:04:21 - Data Ingestion Service - INFO - Data Ingestion Service - ✅ GET /health/live completed (200) in 0.004s [correlation_id: be99d34a-bb5e-46ed-84c1-8db141bc9264]
2025-08-07 11:41:47 - Data Ingestion Service - INFO - Data Ingestion Service - 🔥 GET /health/live started [correlation_id: 4146212e-2caa-46d8-bf85-fe7f1ccd6b88]
2025-08-07 11:41:47 - Data Ingestion Service - INFO - Data Ingestion Service - ✅ GET /health/live completed (200) in 0.003s [correlation_id: 4146212e-2caa-46d8-bf85-fe7f1ccd6b88]
2025-08-07 12:02:14 - Data Ingestion Service - INFO - Data Ingestion Service - 🔥 GET /health/live started [correlation_id: e4923f79-f062-4bd1-af2c-70d317120c9a]
2025-08-07 12:02:14 - Data Ingestion Service - INFO - Data Ingestion Service - ✅ GET /health/live completed (200) in 0.003s [correlation_id: e4923f79-f062-4bd1-af2c-70d317120c9a]
2025-08-07 13:25:01 - Data Ingestion Service - INFO - Data Ingestion Service - 🔥 GET /health/live started [correlation_id: 6fdcf6cd-56f2-42e6-abab-c60231e30eca]
2025-08-07 13:25:01 - Data Ingestion Service - INFO - Data Ingestion Service - ✅ GET /health/live completed (200) in 0.002s [correlation_id: 6fdcf6cd-56f2-42e6-abab-c60231e30eca]
2025-08-07 13:36:27 - Data Ingestion Service - INFO - Data Ingestion Service - 🔥 GET /health/live started [correlation_id: d5df6fd8-ea3d-4ace-b6aa-62b366791ce0]
2025-08-07 13:36:27 - Data Ingestion Service - INFO - Data Ingestion Service - ✅ GET /health/live completed (200) in 0.001s [correlation_id: d5df6fd8-ea3d-4ace-b6aa-62b366791ce0]
2025-08-07 13:46:03 - Data Ingestion Service - INFO - Data Ingestion Service - 🔥 GET /health/live started [correlation_id: 305de076-90ea-4c8e-930d-a7349b6ec8b1]
2025-08-07 13:46:03 - Data Ingestion Service - INFO - Data Ingestion Service - ✅ GET /health/live completed (200) in 0.004s [correlation_id: 305de076-90ea-4c8e-930d-a7349b6ec8b1]
2025-08-07 13:46:38 - Data Ingestion Service - INFO - Data Ingestion Service - 🔥 GET /health/live started [correlation_id: 2f1665fc-10fb-428b-80ac-08a14a01611c]
2025-08-07 13:46:38 - Data Ingestion Service - INFO - Data Ingestion Service - ✅ GET /health/live completed (200) in 0.001s [correlation_id: 2f1665fc-10fb-428b-80ac-08a14a01611c]
2025-08-07 14:04:05 - Data Ingestion Service - INFO - Data Ingestion Service - 🔥 GET /health/live started [correlation_id: 0d9260a3-df57-4c57-8196-6bb0459ce5e3]
2025-08-07 14:04:05 - Data Ingestion Service - INFO - Data Ingestion Service - ✅ GET /health/live completed (200) in 0.002s [correlation_id: 0d9260a3-df57-4c57-8196-6bb0459ce5e3]
2025-08-07 14:46:38 - Data Ingestion Service - INFO - Data Ingestion Service - 🔥 GET /health/live started [correlation_id: f1572bdb-6ffa-4431-9a88-ab2fae573314]
2025-08-07 14:46:38 - Data Ingestion Service - INFO - Data Ingestion Service - ✅ GET /health/live completed (200) in 0.001s [correlation_id: f1572bdb-6ffa-4431-9a88-ab2fae573314]
2025-08-07 14:46:50 - Data Ingestion Service - INFO - Data Ingestion Service - 🔥 GET /health/live started [correlation_id: 5f75fd4e-7744-4ddd-a1af-cef70c5e31d6]
2025-08-07 14:46:50 - Data Ingestion Service - INFO - Data Ingestion Service - ✅ GET /health/live completed (200) in 0.015s [correlation_id: 5f75fd4e-7744-4ddd-a1af-cef70c5e31d6]
2025-08-07 14:59:50 - Data Ingestion Service - INFO - Data Ingestion Service - 🔥 GET /health/live started [correlation_id: d712d09d-73b3-424e-ae9e-06aa8f34534a]
2025-08-07 14:59:50 - Data Ingestion Service - INFO - Data Ingestion Service - ✅ GET /health/live completed (200) in 0.004s [correlation_id: d712d09d-73b3-424e-ae9e-06aa8f34534a]
2025-08-07 15:00:20 - Data Ingestion Service - INFO - Data Ingestion Service - 🔥 GET /health/live started [correlation_id: eb3b0e6f-9593-44b4-803e-106c41baf3e4]
2025-08-07 15:00:20 - Data Ingestion Service - INFO - Data Ingestion Service - ✅ GET /health/live completed (200) in 0.001s [correlation_id: eb3b0e6f-9593-44b4-803e-106c41baf3e4]
2025-08-07 15:00:50 - Data Ingestion Service - INFO - Data Ingestion Service - 🔥 GET /health/live started [correlation_id: 716d217a-4469-4ccd-bc6b-65cfc2653f69]
2025-08-07 15:00:50 - Data Ingestion Service - INFO - Data Ingestion Service - ✅ GET /health/live completed (200) in 0.001s [correlation_id: 716d217a-4469-4ccd-bc6b-65cfc2653f69]
2025-08-07 15:01:20 - Data Ingestion Service - INFO - Data Ingestion Service - 🔥 GET /health/live started [correlation_id: 1f2e5c55-7a83-4c3d-ba66-b446519fd4b1]
2025-08-07 15:01:20 - Data Ingestion Service - INFO - Data Ingestion Service - ✅ GET /health/live completed (200) in 0.002s [correlation_id: 1f2e5c55-7a83-4c3d-ba66-b446519fd4b1]
2025-08-07 15:01:50 - Data Ingestion Service - INFO - Data Ingestion Service - 🔥 GET /health/live started [correlation_id: b9f7600f-f12d-465e-91ca-7ab7ab364fdd]
2025-08-07 15:01:50 - Data Ingestion Service - INFO - Data Ingestion Service - ✅ GET /health/live completed (200) in 0.002s [correlation_id: b9f7600f-f12d-465e-91ca-7ab7ab364fdd]
2025-08-07 15:02:21 - Data Ingestion Service - INFO - Data Ingestion Service - 🔥 GET /health/live started [correlation_id: d9450089-3327-4d6a-8bc2-84f5147e9ba1]
2025-08-07 15:02:21 - Data Ingestion Service - INFO - Data Ingestion Service - ✅ GET /health/live completed (200) in 0.002s [correlation_id: d9450089-3327-4d6a-8bc2-84f5147e9ba1]
2025-08-07 15:02:51 - Data Ingestion Service - INFO - Data Ingestion Service - 🔥 GET /health/live started [correlation_id: 3b9b081f-a85f-4812-94fb-f827650153ae]
2025-08-07 15:02:51 - Data Ingestion Service - INFO - Data Ingestion Service - ✅ GET /health/live completed (200) in 0.002s [correlation_id: 3b9b081f-a85f-4812-94fb-f827650153ae]
2025-08-07 15:03:21 - Data Ingestion Service - INFO - Data Ingestion Service - 🔥 GET /health/live started [correlation_id: 709d4b18-65d2-4fe5-a79c-049adaf664ce]
2025-08-07 15:03:21 - Data Ingestion Service - INFO - Data Ingestion Service - ✅ GET /health/live completed (200) in 0.003s [correlation_id: 709d4b18-65d2-4fe5-a79c-049adaf664ce]
2025-08-07 15:03:51 - Data Ingestion Service - INFO - Data Ingestion Service - 🔥 GET /health/live started [correlation_id: 204fea13-ad48-41b0-95b7-0281aa5c3cc7]
2025-08-07 15:03:51 - Data Ingestion Service - INFO - Data Ingestion Service - ✅ GET /health/live completed (200) in 0.002s [correlation_id: 204fea13-ad48-41b0-95b7-0281aa5c3cc7]
2025-08-07 15:04:21 - Data Ingestion Service - INFO - Data Ingestion Service - 🔥 GET /health/live started [correlation_id: f1c0145e-d494-414a-b3e5-868a7fd2d46f]
2025-08-07 15:04:21 - Data Ingestion Service - INFO - Data Ingestion Service - ✅ GET /health/live completed (200) in 0.002s [correlation_id: f1c0145e-d494-414a-b3e5-868a7fd2d46f]
2025-08-07 15:04:32 - Data Ingestion Service - INFO - Data Ingestion Service - 🔥 GET /health/live started [correlation_id: 6ff2a40d-6ae6-4be1-bcbd-f180954bbd9c]
2025-08-07 15:04:32 - Data Ingestion Service - INFO - Data Ingestion Service - ✅ GET /health/live completed (200) in 0.004s [correlation_id: 6ff2a40d-6ae6-4be1-bcbd-f180954bbd9c]
2025-08-07 15:04:51 - Data Ingestion Service - INFO - Data Ingestion Service - 🔥 GET /health/live started [correlation_id: ca7f5f97-5b4c-4849-9432-376753651b8b]
2025-08-07 15:04:51 - Data Ingestion Service - INFO - Data Ingestion Service - ✅ GET /health/live completed (200) in 0.001s [correlation_id: ca7f5f97-5b4c-4849-9432-376753651b8b]
2025-08-07 15:05:21 - Data Ingestion Service - INFO - Data Ingestion Service - 🔥 GET /health/live started [correlation_id: 14efc74f-e30e-4dad-a4d9-49f1eab9f5f0]
2025-08-07 15:05:21 - Data Ingestion Service - INFO - Data Ingestion Service - ✅ GET /health/live completed (200) in 0.005s [correlation_id: 14efc74f-e30e-4dad-a4d9-49f1eab9f5f0]
2025-08-07 15:05:51 - Data Ingestion Service - INFO - Data Ingestion Service - 🔥 GET /health/live started [correlation_id: 8582c38d-d521-4d73-ab1a-c50239b89548]
2025-08-07 15:05:51 - Data Ingestion Service - INFO - Data Ingestion Service - ✅ GET /health/live completed (200) in 0.001s [correlation_id: 8582c38d-d521-4d73-ab1a-c50239b89548]
2025-08-07 15:06:21 - Data Ingestion Service - INFO - Data Ingestion Service - 🔥 GET /health/live started [correlation_id: d9a09362-5b3f-45ed-8e27-63ae89296556]
2025-08-07 15:06:21 - Data Ingestion Service - INFO - Data Ingestion Service - ✅ GET /health/live completed (200) in 0.001s [correlation_id: d9a09362-5b3f-45ed-8e27-63ae89296556]
2025-08-07 15:06:51 - Data Ingestion Service - INFO - Data Ingestion Service - 🔥 GET /health/live started [correlation_id: 5501d29d-81e5-4b8f-9924-b3269730e089]
2025-08-07 15:06:51 - Data Ingestion Service - INFO - Data Ingestion Service - ✅ GET /health/live completed (200) in 0.001s [correlation_id: 5501d29d-81e5-4b8f-9924-b3269730e089]
2025-08-07 15:07:21 - Data Ingestion Service - INFO - Data Ingestion Service - 🔥 GET /health/live started [correlation_id: 0b9484cd-7305-4c4f-ba18-037bb1b14f4f]
2025-08-07 15:07:21 - Data Ingestion Service - INFO - Data Ingestion Service - ✅ GET /health/live completed (200) in 0.001s [correlation_id: 0b9484cd-7305-4c4f-ba18-037bb1b14f4f]
2025-08-07 15:07:51 - Data Ingestion Service - INFO - Data Ingestion Service - 🔥 GET /health/live started [correlation_id: 9723a1d7-f31f-4e64-8e1e-4945ac6fa82c]
2025-08-07 15:07:51 - Data Ingestion Service - INFO - Data Ingestion Service - ✅ GET /health/live completed (200) in 0.001s [correlation_id: 9723a1d7-f31f-4e64-8e1e-4945ac6fa82c]
2025-08-07 15:08:21 - Data Ingestion Service - INFO - Data Ingestion Service - 🔥 GET /health/live started [correlation_id: 6d4e8244-e1e7-4969-86b6-3c1df4a68223]
2025-08-07 15:08:21 - Data Ingestion Service - INFO - Data Ingestion Service - ✅ GET /health/live completed (200) in 0.001s [correlation_id: 6d4e8244-e1e7-4969-86b6-3c1df4a68223]
2025-08-07 15:08:51 - Data Ingestion Service - INFO - Data Ingestion Service - 🔥 GET /health/live started [correlation_id: 9a1ae6e6-7621-4ae5-aa0d-c7619a484edb]
2025-08-07 15:08:51 - Data Ingestion Service - INFO - Data Ingestion Service - ✅ GET /health/live completed (200) in 0.002s [correlation_id: 9a1ae6e6-7621-4ae5-aa0d-c7619a484edb]
2025-08-07 15:09:21 - Data Ingestion Service - INFO - Data Ingestion Service - 🔥 GET /health/live started [correlation_id: 1401bfb7-c772-4fbc-9cea-fcd6a5a7d125]
2025-08-07 15:09:21 - Data Ingestion Service - INFO - Data Ingestion Service - ✅ GET /health/live completed (200) in 0.001s [correlation_id: 1401bfb7-c772-4fbc-9cea-fcd6a5a7d125]
2025-08-07 15:09:32 - Data Ingestion Service - INFO - Data Ingestion Service - 🔥 GET /health/live started [correlation_id: 15adf2f0-5420-4432-b0a4-cba7e7b2ca89]
2025-08-07 15:09:32 - Data Ingestion Service - INFO - Data Ingestion Service - ✅ GET /health/live completed (200) in 0.006s [correlation_id: 15adf2f0-5420-4432-b0a4-cba7e7b2ca89]
2025-08-07 15:09:52 - Data Ingestion Service - INFO - Data Ingestion Service - 🔥 GET /health/live started [correlation_id: f5779b50-0699-44d1-8178-e9d618b3ddac]
2025-08-07 15:09:52 - Data Ingestion Service - INFO - Data Ingestion Service - ✅ GET /health/live completed (200) in 0.001s [correlation_id: f5779b50-0699-44d1-8178-e9d618b3ddac]
2025-08-07 15:10:22 - Data Ingestion Service - INFO - Data Ingestion Service - 🔥 GET /health/live started [correlation_id: 76f1a7f3-6f59-4543-8192-79babc57ab76]
2025-08-07 15:10:22 - Data Ingestion Service - INFO - Data Ingestion Service - ✅ GET /health/live completed (200) in 0.001s [correlation_id: 76f1a7f3-6f59-4543-8192-79babc57ab76]
2025-08-07 15:10:52 - Data Ingestion Service - INFO - Data Ingestion Service - 🔥 GET /health/live started [correlation_id: c2953f22-8959-4641-b1ad-d869a8c7dbc6]
2025-08-07 15:10:52 - Data Ingestion Service - INFO - Data Ingestion Service - ✅ GET /health/live completed (200) in 0.001s [correlation_id: c2953f22-8959-4641-b1ad-d869a8c7dbc6]
2025-08-07 15:11:22 - Data Ingestion Service - INFO - Data Ingestion Service - 🔥 GET /health/live started [correlation_id: adf65f2a-fc00-4819-8783-3b3a95cfb4a2]
2025-08-07 15:11:22 - Data Ingestion Service - INFO - Data Ingestion Service - ✅ GET /health/live completed (200) in 0.001s [correlation_id: adf65f2a-fc00-4819-8783-3b3a95cfb4a2]
2025-08-07 15:11:52 - Data Ingestion Service - INFO - Data Ingestion Service - 🔥 GET /health/live started [correlation_id: 5204448f-a975-4c1a-b2bc-6fa9d34858bb]
2025-08-07 15:11:52 - Data Ingestion Service - INFO - Data Ingestion Service - ✅ GET /health/live completed (200) in 0.001s [correlation_id: 5204448f-a975-4c1a-b2bc-6fa9d34858bb]
2025-08-07 15:12:22 - Data Ingestion Service - INFO - Data Ingestion Service - 🔥 GET /health/live started [correlation_id: 1f0b3bfc-8b4b-457b-9597-fde9f1b4aa40]
2025-08-07 15:12:22 - Data Ingestion Service - INFO - Data Ingestion Service - ✅ GET /health/live completed (200) in 0.001s [correlation_id: 1f0b3bfc-8b4b-457b-9597-fde9f1b4aa40]
2025-08-07 15:12:52 - Data Ingestion Service - INFO - Data Ingestion Service - 🔥 GET /health/live started [correlation_id: 5d468bc2-1636-4fca-bc2f-21aa298fe864]
2025-08-07 15:12:52 - Data Ingestion Service - INFO - Data Ingestion Service - ✅ GET /health/live completed (200) in 0.002s [correlation_id: 5d468bc2-1636-4fca-bc2f-21aa298fe864]
2025-08-07 15:13:22 - Data Ingestion Service - INFO - Data Ingestion Service - 🔥 GET /health/live started [correlation_id: 22a7cc35-6c14-4bba-8f71-cc934bd8a44d]
2025-08-07 15:13:22 - Data Ingestion Service - INFO - Data Ingestion Service - ✅ GET /health/live completed (200) in 0.003s [correlation_id: 22a7cc35-6c14-4bba-8f71-cc934bd8a44d]
2025-08-07 15:13:52 - Data Ingestion Service - INFO - Data Ingestion Service - 🔥 GET /health/live started [correlation_id: 1712d2d8-b834-489b-9a6b-571aeeb12c9e]
2025-08-07 15:13:52 - Data Ingestion Service - INFO - Data Ingestion Service - ✅ GET /health/live completed (200) in 0.002s [correlation_id: 1712d2d8-b834-489b-9a6b-571aeeb12c9e]
2025-08-07 15:14:22 - Data Ingestion Service - INFO - Data Ingestion Service - 🔥 GET /health/live started [correlation_id: f830a380-6dbd-49c8-a189-e0cb0fa5fa05]
2025-08-07 15:14:22 - Data Ingestion Service - INFO - Data Ingestion Service - ✅ GET /health/live completed (200) in 0.001s [correlation_id: f830a380-6dbd-49c8-a189-e0cb0fa5fa05]
2025-08-07 15:14:32 - Data Ingestion Service - INFO - Data Ingestion Service - 🔥 GET /health/live started [correlation_id: fbe853f2-6754-4a1b-bf8d-35a59e876888]
2025-08-07 15:14:32 - Data Ingestion Service - INFO - Data Ingestion Service - ✅ GET /health/live completed (200) in 0.004s [correlation_id: fbe853f2-6754-4a1b-bf8d-35a59e876888]
2025-08-07 15:14:52 - Data Ingestion Service - INFO - Data Ingestion Service - 🔥 GET /health/live started [correlation_id: 87562036-b6be-4128-82a0-82bf2fc4fb3f]
2025-08-07 15:14:52 - Data Ingestion Service - INFO - Data Ingestion Service - ✅ GET /health/live completed (200) in 0.001s [correlation_id: 87562036-b6be-4128-82a0-82bf2fc4fb3f]
2025-08-07 15:15:22 - Data Ingestion Service - INFO - Data Ingestion Service - 🔥 GET /health/live started [correlation_id: afaef6a6-a3ec-4592-9222-c5c8e25e9d10]
2025-08-07 15:15:22 - Data Ingestion Service - INFO - Data Ingestion Service - ✅ GET /health/live completed (200) in 0.001s [correlation_id: afaef6a6-a3ec-4592-9222-c5c8e25e9d10]
2025-08-07 15:15:52 - Data Ingestion Service - INFO - Data Ingestion Service - 🔥 GET /health/live started [correlation_id: 840b74ba-2c7b-445d-bb0c-116bf01988a7]
2025-08-07 15:15:52 - Data Ingestion Service - INFO - Data Ingestion Service - ✅ GET /health/live completed (200) in 0.001s [correlation_id: 840b74ba-2c7b-445d-bb0c-116bf01988a7]
2025-08-07 15:16:22 - Data Ingestion Service - INFO - Data Ingestion Service - 🔥 GET /health/live started [correlation_id: 886bf49a-489b-4c4a-b2c4-ef745caeb31f]
2025-08-07 15:16:22 - Data Ingestion Service - INFO - Data Ingestion Service - ✅ GET /health/live completed (200) in 0.001s [correlation_id: 886bf49a-489b-4c4a-b2c4-ef745caeb31f]
2025-08-07 15:16:52 - Data Ingestion Service - INFO - Data Ingestion Service - 🔥 GET /health/live started [correlation_id: 964ec71f-a926-425b-b91c-d29760b04fc6]
2025-08-07 15:16:52 - Data Ingestion Service - INFO - Data Ingestion Service - ✅ GET /health/live completed (200) in 0.001s [correlation_id: 964ec71f-a926-425b-b91c-d29760b04fc6]
2025-08-07 15:17:23 - Data Ingestion Service - INFO - Data Ingestion Service - 🔥 GET /health/live started [correlation_id: 893a36c0-d3b4-40a0-b3c3-a6cedfe9b310]
2025-08-07 15:17:23 - Data Ingestion Service - INFO - Data Ingestion Service - ✅ GET /health/live completed (200) in 0.001s [correlation_id: 893a36c0-d3b4-40a0-b3c3-a6cedfe9b310]
2025-08-07 15:17:53 - Data Ingestion Service - INFO - Data Ingestion Service - 🔥 GET /health/live started [correlation_id: 229e74db-96b8-4284-b6e6-e128c88758f6]
2025-08-07 15:17:53 - Data Ingestion Service - INFO - Data Ingestion Service - ✅ GET /health/live completed (200) in 0.001s [correlation_id: 229e74db-96b8-4284-b6e6-e128c88758f6]
2025-08-07 15:18:23 - Data Ingestion Service - INFO - Data Ingestion Service - 🔥 GET /health/live started [correlation_id: a6209acb-e8d0-455a-8153-8f8397cd411b]
2025-08-07 15:18:23 - Data Ingestion Service - INFO - Data Ingestion Service - ✅ GET /health/live completed (200) in 0.002s [correlation_id: a6209acb-e8d0-455a-8153-8f8397cd411b]
2025-08-07 15:18:53 - Data Ingestion Service - INFO - Data Ingestion Service - 🔥 GET /health/live started [correlation_id: 9a81062e-1130-499f-936b-4a4d7990eb53]
2025-08-07 15:18:53 - Data Ingestion Service - INFO - Data Ingestion Service - ✅ GET /health/live completed (200) in 0.001s [correlation_id: 9a81062e-1130-499f-936b-4a4d7990eb53]
2025-08-07 15:19:23 - Data Ingestion Service - INFO - Data Ingestion Service - 🔥 GET /health/live started [correlation_id: e2c0bf25-cc95-45d6-8655-fd013aa9368e]
2025-08-07 15:19:23 - Data Ingestion Service - INFO - Data Ingestion Service - ✅ GET /health/live completed (200) in 0.001s [correlation_id: e2c0bf25-cc95-45d6-8655-fd013aa9368e]
2025-08-07 15:19:32 - Data Ingestion Service - INFO - Data Ingestion Service - 🔥 GET /health/live started [correlation_id: 08360a78-abf0-4796-b296-be69c7ce7ad2]
2025-08-07 15:19:32 - Data Ingestion Service - INFO - Data Ingestion Service - ✅ GET /health/live completed (200) in 0.002s [correlation_id: 08360a78-abf0-4796-b296-be69c7ce7ad2]
2025-08-07 15:19:53 - Data Ingestion Service - INFO - Data Ingestion Service - 🔥 GET /health/live started [correlation_id: 969ef521-7025-4585-8075-14c751545c34]
2025-08-07 15:19:53 - Data Ingestion Service - INFO - Data Ingestion Service - ✅ GET /health/live completed (200) in 0.001s [correlation_id: 969ef521-7025-4585-8075-14c751545c34]
2025-08-07 15:20:23 - Data Ingestion Service - INFO - Data Ingestion Service - 🔥 GET /health/live started [correlation_id: 4681a385-c444-40d7-9f0f-e86e3cef7d14]
2025-08-07 15:20:23 - Data Ingestion Service - INFO - Data Ingestion Service - ✅ GET /health/live completed (200) in 0.001s [correlation_id: 4681a385-c444-40d7-9f0f-e86e3cef7d14]
2025-08-07 15:20:53 - Data Ingestion Service - INFO - Data Ingestion Service - 🔥 GET /health/live started [correlation_id: 3abab782-d744-45ec-a0b3-eec7cc0775e1]
2025-08-07 15:20:53 - Data Ingestion Service - INFO - Data Ingestion Service - ✅ GET /health/live completed (200) in 0.001s [correlation_id: 3abab782-d744-45ec-a0b3-eec7cc0775e1]
2025-08-07 15:21:23 - Data Ingestion Service - INFO - Data Ingestion Service - 🔥 GET /health/live started [correlation_id: 7ec43bb1-ccc2-4052-a0bc-a64748edcd27]
2025-08-07 15:21:23 - Data Ingestion Service - INFO - Data Ingestion Service - ✅ GET /health/live completed (200) in 0.001s [correlation_id: 7ec43bb1-ccc2-4052-a0bc-a64748edcd27]
2025-08-07 15:21:53 - Data Ingestion Service - INFO - Data Ingestion Service - 🔥 GET /health/live started [correlation_id: c122fe67-68c6-4122-a18e-19f70f95437b]
2025-08-07 15:21:53 - Data Ingestion Service - INFO - Data Ingestion Service - ✅ GET /health/live completed (200) in 0.002s [correlation_id: c122fe67-68c6-4122-a18e-19f70f95437b]
2025-08-07 15:22:23 - Data Ingestion Service - INFO - Data Ingestion Service - 🔥 GET /health/live started [correlation_id: 7d7ba6ba-37a6-43b7-bc38-1fd055bd02d1]
2025-08-07 15:22:23 - Data Ingestion Service - INFO - Data Ingestion Service - ✅ GET /health/live completed (200) in 0.001s [correlation_id: 7d7ba6ba-37a6-43b7-bc38-1fd055bd02d1]
2025-08-07 15:22:53 - Data Ingestion Service - INFO - Data Ingestion Service - 🔥 GET /health/live started [correlation_id: 199197c0-008a-408f-8c04-f7b072fee124]
2025-08-07 15:22:53 - Data Ingestion Service - INFO - Data Ingestion Service - ✅ GET /health/live completed (200) in 0.001s [correlation_id: 199197c0-008a-408f-8c04-f7b072fee124]
2025-08-07 15:23:23 - Data Ingestion Service - INFO - Data Ingestion Service - 🔥 GET /health/live started [correlation_id: 24d4ab83-8743-4392-8e04-7acb7ecec031]
2025-08-07 15:23:23 - Data Ingestion Service - INFO - Data Ingestion Service - ✅ GET /health/live completed (200) in 0.001s [correlation_id: 24d4ab83-8743-4392-8e04-7acb7ecec031]
2025-08-07 15:23:53 - Data Ingestion Service - INFO - Data Ingestion Service - 🔥 GET /health/live started [correlation_id: 666e7cd5-b156-4cb4-bfbc-e148d37cfff5]
2025-08-07 15:23:53 - Data Ingestion Service - INFO - Data Ingestion Service - ✅ GET /health/live completed (200) in 0.001s [correlation_id: 666e7cd5-b156-4cb4-bfbc-e148d37cfff5]
2025-08-07 15:24:23 - Data Ingestion Service - INFO - Data Ingestion Service - 🔥 GET /health/live started [correlation_id: de774abc-55d5-4ce2-9b50-3257a8f1d878]
2025-08-07 15:24:23 - Data Ingestion Service - INFO - Data Ingestion Service - ✅ GET /health/live completed (200) in 0.001s [correlation_id: de774abc-55d5-4ce2-9b50-3257a8f1d878]
2025-08-07 15:24:32 - Data Ingestion Service - INFO - Data Ingestion Service - 🔥 GET /health/live started [correlation_id: af30d23d-4043-4530-a5b1-88194c76e34e]
2025-08-07 15:24:32 - Data Ingestion Service - INFO - Data Ingestion Service - ✅ GET /health/live completed (200) in 0.002s [correlation_id: af30d23d-4043-4530-a5b1-88194c76e34e]
2025-08-07 15:24:53 - Data Ingestion Service - INFO - Data Ingestion Service - 🔥 GET /health/live started [correlation_id: 0614e08e-e668-48b3-a3a2-05f9bbe59d39]
2025-08-07 15:24:53 - Data Ingestion Service - INFO - Data Ingestion Service - ✅ GET /health/live completed (200) in 0.002s [correlation_id: 0614e08e-e668-48b3-a3a2-05f9bbe59d39]
2025-08-07 15:25:24 - Data Ingestion Service - INFO - Data Ingestion Service - 🔥 GET /health/live started [correlation_id: f008fc0c-6edb-4cb6-8cb1-ac0e82cfd927]
2025-08-07 15:25:24 - Data Ingestion Service - INFO - Data Ingestion Service - ✅ GET /health/live completed (200) in 0.002s [correlation_id: f008fc0c-6edb-4cb6-8cb1-ac0e82cfd927]
2025-08-07 15:25:54 - Data Ingestion Service - INFO - Data Ingestion Service - 🔥 GET /health/live started [correlation_id: e8305cfb-09e8-4e92-82b0-819d8c230ddb]
2025-08-07 15:25:54 - Data Ingestion Service - INFO - Data Ingestion Service - ✅ GET /health/live completed (200) in 0.001s [correlation_id: e8305cfb-09e8-4e92-82b0-819d8c230ddb]
2025-08-07 15:26:24 - Data Ingestion Service - INFO - Data Ingestion Service - 🔥 GET /health/live started [correlation_id: f847d992-aacf-4d05-a424-7ea10735b9d6]
2025-08-07 15:26:24 - Data Ingestion Service - INFO - Data Ingestion Service - ✅ GET /health/live completed (200) in 0.001s [correlation_id: f847d992-aacf-4d05-a424-7ea10735b9d6]
2025-08-07 15:26:54 - Data Ingestion Service - INFO - Data Ingestion Service - 🔥 GET /health/live started [correlation_id: 7679ecf3-0722-4e47-8d4f-faf30102e31f]
2025-08-07 15:26:54 - Data Ingestion Service - INFO - Data Ingestion Service - ✅ GET /health/live completed (200) in 0.001s [correlation_id: 7679ecf3-0722-4e47-8d4f-faf30102e31f]
2025-08-07 15:27:24 - Data Ingestion Service - INFO - Data Ingestion Service - 🔥 GET /health/live started [correlation_id: bdd59606-c6f0-4bd3-8816-b2b7ae84fb72]
2025-08-07 15:27:24 - Data Ingestion Service - INFO - Data Ingestion Service - ✅ GET /health/live completed (200) in 0.000s [correlation_id: bdd59606-c6f0-4bd3-8816-b2b7ae84fb72]
2025-08-07 15:27:54 - Data Ingestion Service - INFO - Data Ingestion Service - 🔥 GET /health/live started [correlation_id: a6e8853a-4336-42b8-89f6-efdc80ad84c0]
2025-08-07 15:27:54 - Data Ingestion Service - INFO - Data Ingestion Service - ✅ GET /health/live completed (200) in 0.001s [correlation_id: a6e8853a-4336-42b8-89f6-efdc80ad84c0]
2025-08-07 15:28:24 - Data Ingestion Service - INFO - Data Ingestion Service - 🔥 GET /health/live started [correlation_id: 2daf491d-3454-4426-be78-9cdd0b2f22bf]
2025-08-07 15:28:24 - Data Ingestion Service - INFO - Data Ingestion Service - ✅ GET /health/live completed (200) in 0.001s [correlation_id: 2daf491d-3454-4426-be78-9cdd0b2f22bf]
2025-08-07 15:28:54 - Data Ingestion Service - INFO - Data Ingestion Service - 🔥 GET /health/live started [correlation_id: 26440cbf-82e9-43a8-affa-d899c7dca6b0]
2025-08-07 15:28:54 - Data Ingestion Service - INFO - Data Ingestion Service - ✅ GET /health/live completed (200) in 0.001s [correlation_id: 26440cbf-82e9-43a8-affa-d899c7dca6b0]
2025-08-07 15:29:24 - Data Ingestion Service - INFO - Data Ingestion Service - 🔥 GET /health/live started [correlation_id: 70f0a0a4-38bf-4645-a9b3-bf08efb17d0a]
2025-08-07 15:29:24 - Data Ingestion Service - INFO - Data Ingestion Service - ✅ GET /health/live completed (200) in 0.001s [correlation_id: 70f0a0a4-38bf-4645-a9b3-bf08efb17d0a]
2025-08-07 15:29:32 - Data Ingestion Service - INFO - Data Ingestion Service - 🔥 GET /health/live started [correlation_id: 08852888-0343-4948-887d-788f871db390]
2025-08-07 15:29:32 - Data Ingestion Service - INFO - Data Ingestion Service - ✅ GET /health/live completed (200) in 0.004s [correlation_id: 08852888-0343-4948-887d-788f871db390]
2025-08-07 15:29:54 - Data Ingestion Service - INFO - Data Ingestion Service - 🔥 GET /health/live started [correlation_id: 88980b4b-fa7d-49ec-8261-941b62819596]
2025-08-07 15:29:54 - Data Ingestion Service - INFO - Data Ingestion Service - ✅ GET /health/live completed (200) in 0.001s [correlation_id: 88980b4b-fa7d-49ec-8261-941b62819596]
2025-08-07 15:30:24 - Data Ingestion Service - INFO - Data Ingestion Service - 🔥 GET /health/live started [correlation_id: 8c443f61-cd0a-4ca0-9c7f-5bf7290a480e]
2025-08-07 15:30:24 - Data Ingestion Service - INFO - Data Ingestion Service - ✅ GET /health/live completed (200) in 0.001s [correlation_id: 8c443f61-cd0a-4ca0-9c7f-5bf7290a480e]
2025-08-07 15:30:54 - Data Ingestion Service - INFO - Data Ingestion Service - 🔥 GET /health/live started [correlation_id: dd13919e-31e8-47dc-b17e-4004accf508a]
2025-08-07 15:30:54 - Data Ingestion Service - INFO - Data Ingestion Service - ✅ GET /health/live completed (200) in 0.001s [correlation_id: dd13919e-31e8-47dc-b17e-4004accf508a]
2025-08-07 15:31:24 - Data Ingestion Service - INFO - Data Ingestion Service - 🔥 GET /health/live started [correlation_id: 4ab05c15-0e87-4d51-92c8-0fd7181ea9e9]
2025-08-07 15:31:24 - Data Ingestion Service - INFO - Data Ingestion Service - ✅ GET /health/live completed (200) in 0.001s [correlation_id: 4ab05c15-0e87-4d51-92c8-0fd7181ea9e9]
2025-08-07 15:31:54 - Data Ingestion Service - INFO - Data Ingestion Service - 🔥 GET /health/live started [correlation_id: 798d1f6a-a522-4c53-aefe-5d2fb8ca9ac4]
2025-08-07 15:31:54 - Data Ingestion Service - INFO - Data Ingestion Service - ✅ GET /health/live completed (200) in 0.001s [correlation_id: 798d1f6a-a522-4c53-aefe-5d2fb8ca9ac4]
2025-08-07 15:32:24 - Data Ingestion Service - INFO - Data Ingestion Service - 🔥 GET /health/live started [correlation_id: 79ee177c-f2fe-4744-b5bd-9894ddacae41]
2025-08-07 15:32:24 - Data Ingestion Service - INFO - Data Ingestion Service - ✅ GET /health/live completed (200) in 0.001s [correlation_id: 79ee177c-f2fe-4744-b5bd-9894ddacae41]
2025-08-07 15:32:55 - Data Ingestion Service - INFO - Data Ingestion Service - 🔥 GET /health/live started [correlation_id: 36c5a19d-5f9b-412d-9397-7e971498117f]
2025-08-07 15:32:55 - Data Ingestion Service - INFO - Data Ingestion Service - ✅ GET /health/live completed (200) in 0.001s [correlation_id: 36c5a19d-5f9b-412d-9397-7e971498117f]
2025-08-07 15:33:25 - Data Ingestion Service - INFO - Data Ingestion Service - 🔥 GET /health/live started [correlation_id: c64bc40b-f233-4a97-99f3-9bd51d1305b7]
2025-08-07 15:33:25 - Data Ingestion Service - INFO - Data Ingestion Service - ✅ GET /health/live completed (200) in 0.001s [correlation_id: c64bc40b-f233-4a97-99f3-9bd51d1305b7]
2025-08-07 15:33:55 - Data Ingestion Service - INFO - Data Ingestion Service - 🔥 GET /health/live started [correlation_id: bc833802-a82a-41d3-9c70-8bc26c94d258]
2025-08-07 15:33:55 - Data Ingestion Service - INFO - Data Ingestion Service - ✅ GET /health/live completed (200) in 0.003s [correlation_id: bc833802-a82a-41d3-9c70-8bc26c94d258]
2025-08-07 15:34:25 - Data Ingestion Service - INFO - Data Ingestion Service - 🔥 GET /health/live started [correlation_id: 96b40593-250b-4121-954e-1a3e9e39a9dc]
2025-08-07 15:34:25 - Data Ingestion Service - INFO - Data Ingestion Service - ✅ GET /health/live completed (200) in 0.002s [correlation_id: 96b40593-250b-4121-954e-1a3e9e39a9dc]
2025-08-07 15:34:32 - Data Ingestion Service - INFO - Data Ingestion Service - 🔥 GET /health/live started [correlation_id: 263f7938-5e8a-4d63-9781-7425b6bf720d]
2025-08-07 15:34:32 - Data Ingestion Service - INFO - Data Ingestion Service - ✅ GET /health/live completed (200) in 0.005s [correlation_id: 263f7938-5e8a-4d63-9781-7425b6bf720d]
2025-08-07 15:34:55 - Data Ingestion Service - INFO - Data Ingestion Service - 🔥 GET /health/live started [correlation_id: 6389ee47-9536-4278-99ee-9f8c7c1c435b]
2025-08-07 15:34:55 - Data Ingestion Service - INFO - Data Ingestion Service - ✅ GET /health/live completed (200) in 0.001s [correlation_id: 6389ee47-9536-4278-99ee-9f8c7c1c435b]
