2025-08-06 03:09:57,550 - services.ranking.src.validation.ranking_validator - INFO - 🔍 RankingValidator initialized
2025-08-06 03:09:57,551 - services.ranking.src.calculation.vor_calculator - INFO - 📊 VOR Calculator initialized
2025-08-06 03:09:57,552 - services.ranking.src.outputs.cheatsheet_generator - INFO - 📋 Cheatsheet Generator initialized
2025-08-06 03:09:57,552 - services.ranking.src.scoring.scoring_engine - INFO - 🎯 Scoring Engine initialized
2025-08-06 03:09:57,552 - services.ranking.src.validation.ranking_validator - INFO - 🔍 RankingValidator initialized
INFO:     Started server process [17400]
INFO:     Waiting for application startup.
2025-08-06 03:09:57,594 - services.ranking.src.api.base_api - INFO - Starting Ranking Service service v1.0.0
2025-08-06 03:09:57,594 - __main__ - INFO - 🏆 Ranking Service starting up...
2025-08-06 03:09:57,594 - services.ranking.src.calculation.vor_calculator - INFO - 🎯 Initializing VOR baselines...
2025-08-06 03:09:57,612 - services.ranking.src.calculation.vor_calculator - WARNING - Could not get configuration: 404
2025-08-06 03:09:57,612 - services.ranking.src.calculation.vor_calculator - INFO - 📊 Current VOR baselines:
2025-08-06 03:09:57,612 - services.ranking.src.calculation.vor_calculator - INFO -    QB: 15 (replacement level)
2025-08-06 03:09:57,612 - services.ranking.src.calculation.vor_calculator - INFO -    RB: 36 (replacement level)
2025-08-06 03:09:57,612 - services.ranking.src.calculation.vor_calculator - INFO -    WR: 36 (replacement level)
2025-08-06 03:09:57,612 - services.ranking.src.calculation.vor_calculator - INFO -    TE: 15 (replacement level)
2025-08-06 03:09:57,612 - __main__ - INFO - ✅ VOR baselines initialized
2025-08-06 03:09:57,612 - __main__ - INFO - ✅ Ranking Service started successfully
INFO:     Application startup complete.
INFO:     Uvicorn running on http://0.0.0.0:8007 (Press CTRL+C to quit)
2025-08-06 03:10:06,459 - services.ranking.src.api.base_api - INFO - Request started: POST /api/v1/rankings/generate [correlation_id: 9d0ad842-8e76-47a4-9739-d0c41d374360]
2025-08-06 03:10:06,459 - services.ranking.src.api.base_api - INFO - Request completed: POST /api/v1/rankings/generate Status: 200 Duration: 0.001s [correlation_id: 9d0ad842-8e76-47a4-9739-d0c41d374360]
INFO:     127.0.0.1:64990 - "POST /api/v1/rankings/generate HTTP/1.1" 200 OK
2025-08-06 03:10:06,460 - services.ranking.src.scoring.scoring_engine - INFO - 🏆 Generating overall rankings for ['QB', 'RB', 'WR', 'TE']...
2025-08-06 03:10:06,465 - services.ranking.src.scoring.scoring_engine - INFO - 📊 Loading player data for QB...
2025-08-06 03:10:06,465 - services.ranking.src.calculation.vor_calculator - INFO - 📊 VOR Calculator initialized
2025-08-06 03:10:06,465 - services.ranking.src.calculation.vor_calculator - INFO - 📊 Calculating VOR for QB position...
2025-08-06 03:10:06,465 - services.ranking.src.calculation.vor_calculator - INFO - 🔄 Getting predictions from ML Models service for QB...
2025-08-06 03:10:06,465 - services.ranking.src.calculation.vor_calculator - INFO - 🎯 Generating 2025 projection features for QB players...
2025-08-06 03:10:06,465 - services.ranking.src.calculation.vor_calculator - INFO - 🔧 Generating 2025 projections for QB using feature engineering pipeline...
2025-08-06 03:10:06,467 - feature_engineering - ERROR - CRITICAL: Opportunity metrics components not available: attempted relative import with no known parent package
2025-08-06 03:10:06,467 - feature_engineering - ERROR - This indicates a critical service structure issue
2025-08-06 03:10:06,467 - feature_engineering - ERROR - CRITICAL: Position-specific feature engineering not available: attempted relative import with no known parent package
2025-08-06 03:10:06,467 - feature_engineering - ERROR - This indicates a critical service structure issue
2025-08-06 03:10:06,467 - feature_engineering - ERROR - CRITICAL: Matchup intelligence components not available: attempted relative import with no known parent package
2025-08-06 03:10:06,467 - feature_engineering - ERROR - This indicates a critical service structure issue
2025-08-06 03:10:06,467 - services.ranking.src.calculation.vor_calculator - INFO -    Engineering features: 2024 → 2025 projections
2025-08-06 03:10:06,472 - feature_engineering - ERROR - Error getting configuration: HTTPConnectionPool(host='configuration', port=8000): Max retries exceeded with url: /api/v1/config/data (Caused by NameResolutionError("<urllib3.connection.HTTPConnection object at 0x12f961a50>: Failed to resolve 'configuration' ([Errno 8] nodename nor servname provided, or not known)"))
2025-08-06 03:10:06,472 - feature_engineering - ERROR - USING DEFAULT CONFIG DUE TO SERVICE COMMUNICATION FAILURE
2025-08-06 03:10:06,472 - feature_engineering - INFO - 🏗️ FEATURE ENGINEERING START: 2024 → 2025
2025-08-06 03:10:06,472 - feature_engineering - INFO - ================================================================================
2025-08-06 03:10:06,472 - feature_engineering - INFO - 📊 Configuration:
2025-08-06 03:10:06,472 - feature_engineering - INFO -    Target season: 2024
2025-08-06 03:10:06,472 - feature_engineering - INFO -    Prediction season: 2025
2025-08-06 03:10:06,472 - feature_engineering - INFO -    Matchup intelligence: False
2025-08-06 03:10:06,472 - feature_engineering - INFO -    Position-specific features: False
2025-08-06 03:10:06,472 - feature_engineering - INFO -    Weeks ahead SOS: 4
2025-08-06 03:10:06,472 - feature_engineering - INFO -    Historical seasons: [2023, 2024]
2025-08-06 03:10:06,472 - feature_engineering - INFO - ================================================================================
2025-08-06 03:10:06,472 - feature_engineering - INFO - 🎯 INFERENCE MODE: Preserving 2024 fantasy points for draft rankings
2025-08-06 03:10:06,520 - feature_engineering - INFO - Raw data validation passed for season 2024: 569 records
2025-08-06 03:10:06,521 - feature_engineering - INFO - Converted 'birth_date' column to datetime for season 2024 in current_season_df
2025-08-06 03:10:06,521 - feature_engineering - INFO - 🔧 Using raw data directly for feature engineering (skipping roster enhancement)
2025-08-06 03:10:06,522 - feature_engineering - INFO - ✅ Raw data loaded for 2024
2025-08-06 03:10:06,522 - feature_engineering - INFO -    Data shape: (569, 81)
2025-08-06 03:10:06,522 - feature_engineering - INFO -    Position breakdown: {'WR': 227, 'RB': 145, 'TE': 119, 'QB': 78}
2025-08-06 03:10:06,522 - feature_engineering - INFO - ✅ Data validation passed - required columns present: ['position', 'games', 'player_id']
2025-08-06 03:10:06,522 - feature_engineering - INFO -    Data shape: (569, 81)
2025-08-06 03:10:06,522 - feature_engineering - INFO -    Available positions: ['QB', 'RB', 'TE', 'WR']
2025-08-06 03:10:06,522 - feature_engineering - INFO - Calculating per-game statistics
2025-08-06 03:10:06,530 - feature_engineering - INFO - Calculating efficiency metrics
2025-08-06 03:10:06,536 - feature_engineering - INFO - Calculating team-level aggregates
2025-08-06 03:10:06,538 - feature_engineering - INFO - Calculating usage metrics
2025-08-06 03:10:06,545 - feature_engineering - INFO - Creating lagged features from previous season
2025-08-06 03:10:06,549 - feature_engineering - INFO - Handling rookies for prediction
2025-08-06 03:10:06,553 - feature_engineering - ERROR - Error getting configuration: HTTPConnectionPool(host='configuration', port=8000): Max retries exceeded with url: /api/v1/config/data (Caused by NameResolutionError("<urllib3.connection.HTTPConnection object at 0x12f96d9d0>: Failed to resolve 'configuration' ([Errno 8] nodename nor servname provided, or not known)"))
2025-08-06 03:10:06,553 - feature_engineering - ERROR - USING DEFAULT CONFIG DUE TO SERVICE COMMUNICATION FAILURE
2025-08-06 03:10:06,563 - feature_engineering - INFO - Identified 0 rookies for 2025 season
2025-08-06 03:10:06,563 - feature_engineering - WARNING - 'draftround' column not found, cannot apply rookie projections based on draft capital
2025-08-06 03:10:06,563 - feature_engineering - INFO - Handling players with minimal data (less than 4 games)
2025-08-06 03:10:06,567 - feature_engineering - ERROR - Error getting configuration: HTTPConnectionPool(host='configuration', port=8000): Max retries exceeded with url: /api/v1/config/data (Caused by NameResolutionError("<urllib3.connection.HTTPConnection object at 0x12f9623d0>: Failed to resolve 'configuration' ([Errno 8] nodename nor servname provided, or not known)"))
2025-08-06 03:10:06,567 - feature_engineering - ERROR - USING DEFAULT CONFIG DUE TO SERVICE COMMUNICATION FAILURE
2025-08-06 03:10:06,568 - feature_engineering - INFO - Applied baseline FPPG of 1.0 to 24 QB players with minimal data
2025-08-06 03:10:06,568 - feature_engineering - INFO - Applied baseline FPPG of 1.0 to 50 RB players with minimal data
2025-08-06 03:10:06,568 - feature_engineering - INFO - Applied baseline FPPG of 1.0 to 82 WR players with minimal data
2025-08-06 03:10:06,568 - feature_engineering - INFO - Applied baseline FPPG of 1.0 to 38 TE players with minimal data
2025-08-06 03:10:06,568 - feature_engineering - INFO - 🎯 STEP 9: Adding Opportunity Metrics
2025-08-06 03:10:06,568 - feature_engineering - WARNING - ⚠️ Opportunity metrics not available - skipping industry-standard calculations
2025-08-06 03:10:06,568 - feature_engineering - INFO - 📊 STEP 10: Adding Usage Analytics
2025-08-06 03:10:06,568 - feature_engineering - WARNING - ⚠️ Usage analytics not available - skipping advanced usage calculations
2025-08-06 03:10:06,568 - feature_engineering - INFO - 🎯 INFERENCE MODE: Generating projection features for 2025 rankings
2025-08-06 03:10:06,568 - feature_engineering - INFO -    Features based on 2024 data → 2025 projections
2025-08-06 03:10:06,569 - feature_engineering - INFO - ✅ Generated projection features for 569 players
2025-08-06 03:10:06,569 - feature_engineering - INFO -    Target variable set to NaN - ML models will generate predictions
2025-08-06 03:10:06,569 - feature_engineering - INFO - ================================================================================
2025-08-06 03:10:06,569 - feature_engineering - INFO - 🎯 COMPREHENSIVE FEATURE ENGINEERING SUMMARY
2025-08-06 03:10:06,569 - feature_engineering - INFO - ================================================================================
2025-08-06 03:10:06,569 - feature_engineering - INFO - 📊 Total Players: 569
2025-08-06 03:10:06,569 - feature_engineering - INFO - 📊 Total Features: 144
2025-08-06 03:10:06,569 - feature_engineering - INFO -    • Opportunity Metrics: 8
2025-08-06 03:10:06,569 - feature_engineering - INFO -    • Usage Analytics: 0
2025-08-06 03:10:06,569 - feature_engineering - INFO -    • Position-Specific: 0
2025-08-06 03:10:06,569 - feature_engineering - INFO -    • Matchup Intelligence: 0
2025-08-06 03:10:06,569 - feature_engineering - INFO - 🔍 Key Feature Validation:
2025-08-06 03:10:06,569 - feature_engineering - INFO -    • target_share: 478 non-zero (avg: 0.055)
2025-08-06 03:10:06,569 - feature_engineering - INFO -    • air_yards_share: 474 non-zero (avg: 0.956)
2025-08-06 03:10:06,569 - feature_engineering - INFO - 🏗️  Feature Enhancement Status:
2025-08-06 03:10:06,569 - feature_engineering - INFO -    ❌ Opportunity Metrics
2025-08-06 03:10:06,569 - feature_engineering - INFO -    ❌ Position-Specific Features
2025-08-06 03:10:06,569 - feature_engineering - INFO -    ❌ Matchup Intelligence
2025-08-06 03:10:06,569 - feature_engineering - INFO - 🔖 Feature Engineering Version: v1_traditional
2025-08-06 03:10:06,569 - feature_engineering - INFO - 
2025-08-06 03:10:06,570 - feature_engineering - INFO - 🔍 DETAILED COMPONENT STATUS REPORT
2025-08-06 03:10:06,570 - feature_engineering - INFO - --------------------------------------------------------------------------------
2025-08-06 03:10:06,570 - feature_engineering - INFO - 📊 Core Features:
2025-08-06 03:10:06,570 - feature_engineering - INFO -    ✅ Per-game statistics: SUCCESSFUL
2025-08-06 03:10:06,570 - feature_engineering - INFO -    ✅ Efficiency metrics: SUCCESSFUL
2025-08-06 03:10:06,570 - feature_engineering - INFO -    ✅ Team aggregates: SUCCESSFUL
2025-08-06 03:10:06,570 - feature_engineering - INFO -    ✅ Usage metrics: SUCCESSFUL
2025-08-06 03:10:06,570 - feature_engineering - INFO -    ✅ Lagged features: SUCCESSFUL
2025-08-06 03:10:06,570 - feature_engineering - INFO -    ✅ Age calculation: SUCCESSFUL
2025-08-06 03:10:06,570 - feature_engineering - INFO -    ✅ Rookie handling: SUCCESSFUL
2025-08-06 03:10:06,570 - feature_engineering - INFO - 🎯 Enhanced Features:
2025-08-06 03:10:06,570 - feature_engineering - INFO -    ❌ Opportunity Metrics: FAILED OR DISABLED
2025-08-06 03:10:06,570 - feature_engineering - INFO -       • Reason: Import failed - components not available
2025-08-06 03:10:06,570 - feature_engineering - INFO -    ❌ Usage Analytics: FAILED OR DISABLED
2025-08-06 03:10:06,570 - feature_engineering - INFO -       • Reason: Import failed - components not available
2025-08-06 03:10:06,570 - feature_engineering - INFO -    ⚪ Position-Specific Features: DISABLED (not requested)
2025-08-06 03:10:06,570 - feature_engineering - INFO -    ⚪ Matchup Intelligence: DISABLED (not requested)
2025-08-06 03:10:06,570 - feature_engineering - INFO - 
2025-08-06 03:10:06,570 - feature_engineering - INFO - 📋 Data Quality Report:
2025-08-06 03:10:06,570 - feature_engineering - INFO -    • Total players processed: 569
2025-08-06 03:10:06,571 - feature_engineering - INFO -    • Players with complete data: 0
2025-08-06 03:10:06,571 - feature_engineering - INFO -    • Missing data percentage: 17.5%
2025-08-06 03:10:06,572 - feature_engineering - INFO -    • Position breakdown: {'WR': 227, 'RB': 145, 'TE': 119, 'QB': 78}
2025-08-06 03:10:06,572 - feature_engineering - INFO - 
2025-08-06 03:10:06,572 - feature_engineering - INFO - 🏆 FEATURE ENGINEERING SUCCESS RATE: 25.0% (1/4 components)
2025-08-06 03:10:06,572 - feature_engineering - INFO - ❌ POOR PERFORMANCE. Multiple components failed - review configuration.
2025-08-06 03:10:06,572 - feature_engineering - INFO - ================================================================================
2025-08-06 03:10:06,572 - feature_engineering - INFO - Feature engineered data validation passed for season 2024: 569 records
2025-08-06 03:10:06,572 - feature_engineering - INFO - Data Quality Summary - Feature Engineering Complete (2024): 569 records, 144 features
2025-08-06 03:10:06,572 - feature_engineering - INFO - ✅ Calculated dual_threat_score for 145 RBs
2025-08-06 03:10:06,575 - feature_engineering - WARNING - ⚠️ Could not merge team rushing data, setting rushing_share to 0
2025-08-06 03:10:06,576 - feature_engineering - INFO - 🎯 PRODUCTION MODE: Filtered to 28 core features
2025-08-06 03:10:06,576 - feature_engineering - INFO -    Core features: ['games', 'age', 'attempts', 'completions', 'passing_yards', 'passing_tds', 'interceptions', 'carries', 'rushing_yards', 'rushing_tds', 'targets', 'receptions', 'receiving_yards', 'receiving_tds', 'yards_per_attempt', 'completion_percentage', 'yards_per_carry', 'catch_rate', 'dual_threat_score', 'rushing_share', 'target_share', 'yards_per_target', 'yards_per_reception', 'player_id', 'player_name', 'team', 'position', 'fantasy_points_ppr']
2025-08-06 03:10:06,576 - services.ranking.src.calculation.vor_calculator - INFO -    Found 78 QB players in projection features
2025-08-06 03:10:07,738 - services.ranking.src.calculation.vor_calculator - INFO - ✅ Generated 2025 projection data for 78 QB players
2025-08-06 03:10:07,738 - services.ranking.src.calculation.vor_calculator - INFO - ✅ Generated 78 2025 projections for QB
2025-08-06 03:10:07,764 - services.ranking.src.calculation.vor_calculator - INFO - ✅ Got 78 predictions from ML Models Service
2025-08-06 03:10:07,765 - services.ranking.src.calculation.vor_calculator - INFO - ✅ Got predictions from ML Models Service for QB
2025-08-06 03:10:07,765 - services.ranking.src.calculation.vor_calculator - INFO - ✅ Loaded 78 predictions for QB
2025-08-06 03:10:07,765 - services.ranking.src.calculation.vor_calculator - INFO - ✅ VOR calculated for QB: 78 players, replacement level: 17.03
2025-08-06 03:10:07,765 - services.ranking.src.scoring.scoring_engine - INFO - ✅ Loaded 78 players for QB
2025-08-06 03:10:07,765 - services.ranking.src.scoring.scoring_engine - INFO - 📊 Loading player data for RB...
2025-08-06 03:10:07,765 - services.ranking.src.calculation.vor_calculator - INFO - 📊 VOR Calculator initialized
2025-08-06 03:10:07,765 - services.ranking.src.calculation.vor_calculator - INFO - 📊 Calculating VOR for RB position...
2025-08-06 03:10:07,765 - services.ranking.src.calculation.vor_calculator - INFO - 🔄 Getting predictions from ML Models service for RB...
2025-08-06 03:10:07,765 - services.ranking.src.calculation.vor_calculator - INFO - 🎯 Generating 2025 projection features for RB players...
2025-08-06 03:10:07,765 - services.ranking.src.calculation.vor_calculator - INFO - 🔧 Generating 2025 projections for RB using feature engineering pipeline...
2025-08-06 03:10:07,765 - services.ranking.src.calculation.vor_calculator - INFO -    Engineering features: 2024 → 2025 projections
2025-08-06 03:10:07,770 - feature_engineering - ERROR - Error getting configuration: HTTPConnectionPool(host='configuration', port=8000): Max retries exceeded with url: /api/v1/config/data (Caused by NameResolutionError("<urllib3.connection.HTTPConnection object at 0x12fb91450>: Failed to resolve 'configuration' ([Errno 8] nodename nor servname provided, or not known)"))
2025-08-06 03:10:07,770 - feature_engineering - ERROR - USING DEFAULT CONFIG DUE TO SERVICE COMMUNICATION FAILURE
2025-08-06 03:10:07,770 - feature_engineering - INFO - 🏗️ FEATURE ENGINEERING START: 2024 → 2025
2025-08-06 03:10:07,770 - feature_engineering - INFO - ================================================================================
2025-08-06 03:10:07,770 - feature_engineering - INFO - 📊 Configuration:
2025-08-06 03:10:07,770 - feature_engineering - INFO -    Target season: 2024
2025-08-06 03:10:07,770 - feature_engineering - INFO -    Prediction season: 2025
2025-08-06 03:10:07,770 - feature_engineering - INFO -    Matchup intelligence: False
2025-08-06 03:10:07,770 - feature_engineering - INFO -    Position-specific features: False
2025-08-06 03:10:07,770 - feature_engineering - INFO -    Weeks ahead SOS: 4
2025-08-06 03:10:07,770 - feature_engineering - INFO -    Historical seasons: [2023, 2024]
2025-08-06 03:10:07,770 - feature_engineering - INFO - ================================================================================
2025-08-06 03:10:07,770 - feature_engineering - INFO - 🎯 INFERENCE MODE: Preserving 2024 fantasy points for draft rankings
2025-08-06 03:10:07,778 - feature_engineering - INFO - Raw data validation passed for season 2024: 569 records
2025-08-06 03:10:07,779 - feature_engineering - INFO - Converted 'birth_date' column to datetime for season 2024 in current_season_df
2025-08-06 03:10:07,779 - feature_engineering - INFO - 🔧 Using raw data directly for feature engineering (skipping roster enhancement)
2025-08-06 03:10:07,779 - feature_engineering - INFO - ✅ Raw data loaded for 2024
2025-08-06 03:10:07,779 - feature_engineering - INFO -    Data shape: (569, 81)
2025-08-06 03:10:07,779 - feature_engineering - INFO -    Position breakdown: {'WR': 227, 'RB': 145, 'TE': 119, 'QB': 78}
2025-08-06 03:10:07,779 - feature_engineering - INFO - ✅ Data validation passed - required columns present: ['position', 'games', 'player_id']
2025-08-06 03:10:07,779 - feature_engineering - INFO -    Data shape: (569, 81)
2025-08-06 03:10:07,779 - feature_engineering - INFO -    Available positions: ['QB', 'RB', 'TE', 'WR']
2025-08-06 03:10:07,779 - feature_engineering - INFO - Calculating per-game statistics
2025-08-06 03:10:07,786 - feature_engineering - INFO - Calculating efficiency metrics
2025-08-06 03:10:07,791 - feature_engineering - INFO - Calculating team-level aggregates
2025-08-06 03:10:07,792 - feature_engineering - INFO - Calculating usage metrics
2025-08-06 03:10:07,796 - feature_engineering - INFO - Creating lagged features from previous season
2025-08-06 03:10:07,799 - feature_engineering - INFO - Handling rookies for prediction
2025-08-06 03:10:07,804 - feature_engineering - ERROR - Error getting configuration: HTTPConnectionPool(host='configuration', port=8000): Max retries exceeded with url: /api/v1/config/data (Caused by NameResolutionError("<urllib3.connection.HTTPConnection object at 0x12fb8bdd0>: Failed to resolve 'configuration' ([Errno 8] nodename nor servname provided, or not known)"))
2025-08-06 03:10:07,804 - feature_engineering - ERROR - USING DEFAULT CONFIG DUE TO SERVICE COMMUNICATION FAILURE
2025-08-06 03:10:07,813 - feature_engineering - INFO - Identified 0 rookies for 2025 season
2025-08-06 03:10:07,813 - feature_engineering - WARNING - 'draftround' column not found, cannot apply rookie projections based on draft capital
2025-08-06 03:10:07,814 - feature_engineering - INFO - Handling players with minimal data (less than 4 games)
2025-08-06 03:10:07,818 - feature_engineering - ERROR - Error getting configuration: HTTPConnectionPool(host='configuration', port=8000): Max retries exceeded with url: /api/v1/config/data (Caused by NameResolutionError("<urllib3.connection.HTTPConnection object at 0x15e2ef790>: Failed to resolve 'configuration' ([Errno 8] nodename nor servname provided, or not known)"))
2025-08-06 03:10:07,818 - feature_engineering - ERROR - USING DEFAULT CONFIG DUE TO SERVICE COMMUNICATION FAILURE
2025-08-06 03:10:07,819 - feature_engineering - INFO - Applied baseline FPPG of 1.0 to 24 QB players with minimal data
2025-08-06 03:10:07,819 - feature_engineering - INFO - Applied baseline FPPG of 1.0 to 50 RB players with minimal data
2025-08-06 03:10:07,819 - feature_engineering - INFO - Applied baseline FPPG of 1.0 to 82 WR players with minimal data
2025-08-06 03:10:07,819 - feature_engineering - INFO - Applied baseline FPPG of 1.0 to 38 TE players with minimal data
2025-08-06 03:10:07,819 - feature_engineering - INFO - 🎯 STEP 9: Adding Opportunity Metrics
2025-08-06 03:10:07,819 - feature_engineering - WARNING - ⚠️ Opportunity metrics not available - skipping industry-standard calculations
2025-08-06 03:10:07,819 - feature_engineering - INFO - 📊 STEP 10: Adding Usage Analytics
2025-08-06 03:10:07,819 - feature_engineering - WARNING - ⚠️ Usage analytics not available - skipping advanced usage calculations
2025-08-06 03:10:07,819 - feature_engineering - INFO - 🎯 INFERENCE MODE: Generating projection features for 2025 rankings
2025-08-06 03:10:07,819 - feature_engineering - INFO -    Features based on 2024 data → 2025 projections
2025-08-06 03:10:07,819 - feature_engineering - INFO - ✅ Generated projection features for 569 players
2025-08-06 03:10:07,819 - feature_engineering - INFO -    Target variable set to NaN - ML models will generate predictions
2025-08-06 03:10:07,820 - feature_engineering - INFO - ================================================================================
2025-08-06 03:10:07,820 - feature_engineering - INFO - 🎯 COMPREHENSIVE FEATURE ENGINEERING SUMMARY
2025-08-06 03:10:07,820 - feature_engineering - INFO - ================================================================================
2025-08-06 03:10:07,820 - feature_engineering - INFO - 📊 Total Players: 569
2025-08-06 03:10:07,820 - feature_engineering - INFO - 📊 Total Features: 144
2025-08-06 03:10:07,820 - feature_engineering - INFO -    • Opportunity Metrics: 8
2025-08-06 03:10:07,820 - feature_engineering - INFO -    • Usage Analytics: 0
2025-08-06 03:10:07,820 - feature_engineering - INFO -    • Position-Specific: 0
2025-08-06 03:10:07,820 - feature_engineering - INFO -    • Matchup Intelligence: 0
2025-08-06 03:10:07,820 - feature_engineering - INFO - 🔍 Key Feature Validation:
2025-08-06 03:10:07,820 - feature_engineering - INFO -    • target_share: 478 non-zero (avg: 0.055)
2025-08-06 03:10:07,820 - feature_engineering - INFO -    • air_yards_share: 474 non-zero (avg: 0.956)
2025-08-06 03:10:07,820 - feature_engineering - INFO - 🏗️  Feature Enhancement Status:
2025-08-06 03:10:07,820 - feature_engineering - INFO -    ❌ Opportunity Metrics
2025-08-06 03:10:07,820 - feature_engineering - INFO -    ❌ Position-Specific Features
2025-08-06 03:10:07,820 - feature_engineering - INFO -    ❌ Matchup Intelligence
2025-08-06 03:10:07,820 - feature_engineering - INFO - 🔖 Feature Engineering Version: v1_traditional
2025-08-06 03:10:07,820 - feature_engineering - INFO - 
2025-08-06 03:10:07,820 - feature_engineering - INFO - 🔍 DETAILED COMPONENT STATUS REPORT
2025-08-06 03:10:07,820 - feature_engineering - INFO - --------------------------------------------------------------------------------
2025-08-06 03:10:07,820 - feature_engineering - INFO - 📊 Core Features:
2025-08-06 03:10:07,820 - feature_engineering - INFO -    ✅ Per-game statistics: SUCCESSFUL
2025-08-06 03:10:07,820 - feature_engineering - INFO -    ✅ Efficiency metrics: SUCCESSFUL
2025-08-06 03:10:07,820 - feature_engineering - INFO -    ✅ Team aggregates: SUCCESSFUL
2025-08-06 03:10:07,820 - feature_engineering - INFO -    ✅ Usage metrics: SUCCESSFUL
2025-08-06 03:10:07,820 - feature_engineering - INFO -    ✅ Lagged features: SUCCESSFUL
2025-08-06 03:10:07,820 - feature_engineering - INFO -    ✅ Age calculation: SUCCESSFUL
2025-08-06 03:10:07,820 - feature_engineering - INFO -    ✅ Rookie handling: SUCCESSFUL
2025-08-06 03:10:07,820 - feature_engineering - INFO - 🎯 Enhanced Features:
2025-08-06 03:10:07,820 - feature_engineering - INFO -    ❌ Opportunity Metrics: FAILED OR DISABLED
2025-08-06 03:10:07,820 - feature_engineering - INFO -       • Reason: Import failed - components not available
2025-08-06 03:10:07,820 - feature_engineering - INFO -    ❌ Usage Analytics: FAILED OR DISABLED
2025-08-06 03:10:07,820 - feature_engineering - INFO -       • Reason: Import failed - components not available
2025-08-06 03:10:07,820 - feature_engineering - INFO -    ⚪ Position-Specific Features: DISABLED (not requested)
2025-08-06 03:10:07,821 - feature_engineering - INFO -    ⚪ Matchup Intelligence: DISABLED (not requested)
2025-08-06 03:10:07,821 - feature_engineering - INFO - 
2025-08-06 03:10:07,821 - feature_engineering - INFO - 📋 Data Quality Report:
2025-08-06 03:10:07,821 - feature_engineering - INFO -    • Total players processed: 569
2025-08-06 03:10:07,821 - feature_engineering - INFO -    • Players with complete data: 0
2025-08-06 03:10:07,822 - feature_engineering - INFO -    • Missing data percentage: 17.5%
2025-08-06 03:10:07,822 - feature_engineering - INFO -    • Position breakdown: {'WR': 227, 'RB': 145, 'TE': 119, 'QB': 78}
2025-08-06 03:10:07,822 - feature_engineering - INFO - 
2025-08-06 03:10:07,822 - feature_engineering - INFO - 🏆 FEATURE ENGINEERING SUCCESS RATE: 25.0% (1/4 components)
2025-08-06 03:10:07,822 - feature_engineering - INFO - ❌ POOR PERFORMANCE. Multiple components failed - review configuration.
2025-08-06 03:10:07,822 - feature_engineering - INFO - ================================================================================
2025-08-06 03:10:07,822 - feature_engineering - INFO - Feature engineered data validation passed for season 2024: 569 records
2025-08-06 03:10:07,822 - feature_engineering - INFO - Data Quality Summary - Feature Engineering Complete (2024): 569 records, 144 features
2025-08-06 03:10:07,823 - feature_engineering - INFO - ✅ Calculated dual_threat_score for 145 RBs
2025-08-06 03:10:07,825 - feature_engineering - WARNING - ⚠️ Could not merge team rushing data, setting rushing_share to 0
2025-08-06 03:10:07,826 - feature_engineering - INFO - 🎯 PRODUCTION MODE: Filtered to 28 core features
2025-08-06 03:10:07,826 - feature_engineering - INFO -    Core features: ['games', 'age', 'attempts', 'completions', 'passing_yards', 'passing_tds', 'interceptions', 'carries', 'rushing_yards', 'rushing_tds', 'targets', 'receptions', 'receiving_yards', 'receiving_tds', 'yards_per_attempt', 'completion_percentage', 'yards_per_carry', 'catch_rate', 'dual_threat_score', 'rushing_share', 'target_share', 'yards_per_target', 'yards_per_reception', 'player_id', 'player_name', 'team', 'position', 'fantasy_points_ppr']
2025-08-06 03:10:07,826 - services.ranking.src.calculation.vor_calculator - INFO -    Found 145 RB players in projection features
2025-08-06 03:10:08,763 - services.ranking.src.calculation.vor_calculator - INFO - ✅ Generated 2025 projection data for 145 RB players
2025-08-06 03:10:08,763 - services.ranking.src.calculation.vor_calculator - INFO - ✅ Generated 145 2025 projections for RB
2025-08-06 03:10:08,786 - services.ranking.src.calculation.vor_calculator - INFO - ✅ Got 145 predictions from ML Models Service
2025-08-06 03:10:08,786 - services.ranking.src.calculation.vor_calculator - INFO - ✅ Got predictions from ML Models Service for RB
2025-08-06 03:10:08,786 - services.ranking.src.calculation.vor_calculator - INFO - ✅ Loaded 145 predictions for RB
2025-08-06 03:10:08,786 - services.ranking.src.calculation.vor_calculator - INFO - ✅ VOR calculated for RB: 145 players, replacement level: 4.65
2025-08-06 03:10:08,787 - services.ranking.src.scoring.scoring_engine - INFO - ✅ Loaded 145 players for RB
2025-08-06 03:10:08,787 - services.ranking.src.scoring.scoring_engine - INFO - 📊 Loading player data for WR...
2025-08-06 03:10:08,787 - services.ranking.src.calculation.vor_calculator - INFO - 📊 VOR Calculator initialized
2025-08-06 03:10:08,787 - services.ranking.src.calculation.vor_calculator - INFO - 📊 Calculating VOR for WR position...
2025-08-06 03:10:08,787 - services.ranking.src.calculation.vor_calculator - INFO - 🔄 Getting predictions from ML Models service for WR...
2025-08-06 03:10:08,787 - services.ranking.src.calculation.vor_calculator - INFO - 🎯 Generating 2025 projection features for WR players...
2025-08-06 03:10:08,787 - services.ranking.src.calculation.vor_calculator - INFO - 🔧 Generating 2025 projections for WR using feature engineering pipeline...
2025-08-06 03:10:08,787 - services.ranking.src.calculation.vor_calculator - INFO -    Engineering features: 2024 → 2025 projections
2025-08-06 03:10:08,792 - feature_engineering - ERROR - Error getting configuration: HTTPConnectionPool(host='configuration', port=8000): Max retries exceeded with url: /api/v1/config/data (Caused by NameResolutionError("<urllib3.connection.HTTPConnection object at 0x15e272e90>: Failed to resolve 'configuration' ([Errno 8] nodename nor servname provided, or not known)"))
2025-08-06 03:10:08,792 - feature_engineering - ERROR - USING DEFAULT CONFIG DUE TO SERVICE COMMUNICATION FAILURE
2025-08-06 03:10:08,792 - feature_engineering - INFO - 🏗️ FEATURE ENGINEERING START: 2024 → 2025
2025-08-06 03:10:08,792 - feature_engineering - INFO - ================================================================================
2025-08-06 03:10:08,792 - feature_engineering - INFO - 📊 Configuration:
2025-08-06 03:10:08,792 - feature_engineering - INFO -    Target season: 2024
2025-08-06 03:10:08,792 - feature_engineering - INFO -    Prediction season: 2025
2025-08-06 03:10:08,792 - feature_engineering - INFO -    Matchup intelligence: False
2025-08-06 03:10:08,792 - feature_engineering - INFO -    Position-specific features: False
2025-08-06 03:10:08,792 - feature_engineering - INFO -    Weeks ahead SOS: 4
2025-08-06 03:10:08,792 - feature_engineering - INFO -    Historical seasons: [2023, 2024]
2025-08-06 03:10:08,792 - feature_engineering - INFO - ================================================================================
2025-08-06 03:10:08,792 - feature_engineering - INFO - 🎯 INFERENCE MODE: Preserving 2024 fantasy points for draft rankings
2025-08-06 03:10:08,799 - feature_engineering - INFO - Raw data validation passed for season 2024: 569 records
2025-08-06 03:10:08,800 - feature_engineering - INFO - Converted 'birth_date' column to datetime for season 2024 in current_season_df
2025-08-06 03:10:08,800 - feature_engineering - INFO - 🔧 Using raw data directly for feature engineering (skipping roster enhancement)
2025-08-06 03:10:08,800 - feature_engineering - INFO - ✅ Raw data loaded for 2024
2025-08-06 03:10:08,800 - feature_engineering - INFO -    Data shape: (569, 81)
2025-08-06 03:10:08,800 - feature_engineering - INFO -    Position breakdown: {'WR': 227, 'RB': 145, 'TE': 119, 'QB': 78}
2025-08-06 03:10:08,800 - feature_engineering - INFO - ✅ Data validation passed - required columns present: ['position', 'games', 'player_id']
2025-08-06 03:10:08,800 - feature_engineering - INFO -    Data shape: (569, 81)
2025-08-06 03:10:08,800 - feature_engineering - INFO -    Available positions: ['QB', 'RB', 'TE', 'WR']
2025-08-06 03:10:08,800 - feature_engineering - INFO - Calculating per-game statistics
2025-08-06 03:10:08,807 - feature_engineering - INFO - Calculating efficiency metrics
2025-08-06 03:10:08,812 - feature_engineering - INFO - Calculating team-level aggregates
2025-08-06 03:10:08,813 - feature_engineering - INFO - Calculating usage metrics
2025-08-06 03:10:08,817 - feature_engineering - INFO - Creating lagged features from previous season
2025-08-06 03:10:08,820 - feature_engineering - INFO - Handling rookies for prediction
2025-08-06 03:10:08,825 - feature_engineering - ERROR - Error getting configuration: HTTPConnectionPool(host='configuration', port=8000): Max retries exceeded with url: /api/v1/config/data (Caused by NameResolutionError("<urllib3.connection.HTTPConnection object at 0x12fb9f090>: Failed to resolve 'configuration' ([Errno 8] nodename nor servname provided, or not known)"))
2025-08-06 03:10:08,825 - feature_engineering - ERROR - USING DEFAULT CONFIG DUE TO SERVICE COMMUNICATION FAILURE
2025-08-06 03:10:08,834 - feature_engineering - INFO - Identified 0 rookies for 2025 season
2025-08-06 03:10:08,834 - feature_engineering - WARNING - 'draftround' column not found, cannot apply rookie projections based on draft capital
2025-08-06 03:10:08,834 - feature_engineering - INFO - Handling players with minimal data (less than 4 games)
2025-08-06 03:10:08,838 - feature_engineering - ERROR - Error getting configuration: HTTPConnectionPool(host='configuration', port=8000): Max retries exceeded with url: /api/v1/config/data (Caused by NameResolutionError("<urllib3.connection.HTTPConnection object at 0x15e29db50>: Failed to resolve 'configuration' ([Errno 8] nodename nor servname provided, or not known)"))
2025-08-06 03:10:08,838 - feature_engineering - ERROR - USING DEFAULT CONFIG DUE TO SERVICE COMMUNICATION FAILURE
2025-08-06 03:10:08,839 - feature_engineering - INFO - Applied baseline FPPG of 1.0 to 24 QB players with minimal data
2025-08-06 03:10:08,839 - feature_engineering - INFO - Applied baseline FPPG of 1.0 to 50 RB players with minimal data
2025-08-06 03:10:08,839 - feature_engineering - INFO - Applied baseline FPPG of 1.0 to 82 WR players with minimal data
2025-08-06 03:10:08,839 - feature_engineering - INFO - Applied baseline FPPG of 1.0 to 38 TE players with minimal data
2025-08-06 03:10:08,839 - feature_engineering - INFO - 🎯 STEP 9: Adding Opportunity Metrics
2025-08-06 03:10:08,839 - feature_engineering - WARNING - ⚠️ Opportunity metrics not available - skipping industry-standard calculations
2025-08-06 03:10:08,839 - feature_engineering - INFO - 📊 STEP 10: Adding Usage Analytics
2025-08-06 03:10:08,839 - feature_engineering - WARNING - ⚠️ Usage analytics not available - skipping advanced usage calculations
2025-08-06 03:10:08,839 - feature_engineering - INFO - 🎯 INFERENCE MODE: Generating projection features for 2025 rankings
2025-08-06 03:10:08,839 - feature_engineering - INFO -    Features based on 2024 data → 2025 projections
2025-08-06 03:10:08,840 - feature_engineering - INFO - ✅ Generated projection features for 569 players
2025-08-06 03:10:08,840 - feature_engineering - INFO -    Target variable set to NaN - ML models will generate predictions
2025-08-06 03:10:08,840 - feature_engineering - INFO - ================================================================================
2025-08-06 03:10:08,840 - feature_engineering - INFO - 🎯 COMPREHENSIVE FEATURE ENGINEERING SUMMARY
2025-08-06 03:10:08,840 - feature_engineering - INFO - ================================================================================
2025-08-06 03:10:08,840 - feature_engineering - INFO - 📊 Total Players: 569
2025-08-06 03:10:08,840 - feature_engineering - INFO - 📊 Total Features: 144
2025-08-06 03:10:08,840 - feature_engineering - INFO -    • Opportunity Metrics: 8
2025-08-06 03:10:08,840 - feature_engineering - INFO -    • Usage Analytics: 0
2025-08-06 03:10:08,840 - feature_engineering - INFO -    • Position-Specific: 0
2025-08-06 03:10:08,840 - feature_engineering - INFO -    • Matchup Intelligence: 0
2025-08-06 03:10:08,840 - feature_engineering - INFO - 🔍 Key Feature Validation:
2025-08-06 03:10:08,840 - feature_engineering - INFO -    • target_share: 478 non-zero (avg: 0.055)
2025-08-06 03:10:08,840 - feature_engineering - INFO -    • air_yards_share: 474 non-zero (avg: 0.956)
2025-08-06 03:10:08,840 - feature_engineering - INFO - 🏗️  Feature Enhancement Status:
2025-08-06 03:10:08,840 - feature_engineering - INFO -    ❌ Opportunity Metrics
2025-08-06 03:10:08,840 - feature_engineering - INFO -    ❌ Position-Specific Features
2025-08-06 03:10:08,840 - feature_engineering - INFO -    ❌ Matchup Intelligence
2025-08-06 03:10:08,840 - feature_engineering - INFO - 🔖 Feature Engineering Version: v1_traditional
2025-08-06 03:10:08,841 - feature_engineering - INFO - 
2025-08-06 03:10:08,841 - feature_engineering - INFO - 🔍 DETAILED COMPONENT STATUS REPORT
2025-08-06 03:10:08,841 - feature_engineering - INFO - --------------------------------------------------------------------------------
2025-08-06 03:10:08,841 - feature_engineering - INFO - 📊 Core Features:
2025-08-06 03:10:08,841 - feature_engineering - INFO -    ✅ Per-game statistics: SUCCESSFUL
2025-08-06 03:10:08,841 - feature_engineering - INFO -    ✅ Efficiency metrics: SUCCESSFUL
2025-08-06 03:10:08,841 - feature_engineering - INFO -    ✅ Team aggregates: SUCCESSFUL
2025-08-06 03:10:08,841 - feature_engineering - INFO -    ✅ Usage metrics: SUCCESSFUL
2025-08-06 03:10:08,841 - feature_engineering - INFO -    ✅ Lagged features: SUCCESSFUL
2025-08-06 03:10:08,841 - feature_engineering - INFO -    ✅ Age calculation: SUCCESSFUL
2025-08-06 03:10:08,841 - feature_engineering - INFO -    ✅ Rookie handling: SUCCESSFUL
2025-08-06 03:10:08,841 - feature_engineering - INFO - 🎯 Enhanced Features:
2025-08-06 03:10:08,841 - feature_engineering - INFO -    ❌ Opportunity Metrics: FAILED OR DISABLED
2025-08-06 03:10:08,841 - feature_engineering - INFO -       • Reason: Import failed - components not available
2025-08-06 03:10:08,841 - feature_engineering - INFO -    ❌ Usage Analytics: FAILED OR DISABLED
2025-08-06 03:10:08,841 - feature_engineering - INFO -       • Reason: Import failed - components not available
2025-08-06 03:10:08,841 - feature_engineering - INFO -    ⚪ Position-Specific Features: DISABLED (not requested)
2025-08-06 03:10:08,841 - feature_engineering - INFO -    ⚪ Matchup Intelligence: DISABLED (not requested)
2025-08-06 03:10:08,841 - feature_engineering - INFO - 
2025-08-06 03:10:08,841 - feature_engineering - INFO - 📋 Data Quality Report:
2025-08-06 03:10:08,841 - feature_engineering - INFO -    • Total players processed: 569
2025-08-06 03:10:08,842 - feature_engineering - INFO -    • Players with complete data: 0
2025-08-06 03:10:08,842 - feature_engineering - INFO -    • Missing data percentage: 17.5%
2025-08-06 03:10:08,842 - feature_engineering - INFO -    • Position breakdown: {'WR': 227, 'RB': 145, 'TE': 119, 'QB': 78}
2025-08-06 03:10:08,842 - feature_engineering - INFO - 
2025-08-06 03:10:08,842 - feature_engineering - INFO - 🏆 FEATURE ENGINEERING SUCCESS RATE: 25.0% (1/4 components)
2025-08-06 03:10:08,842 - feature_engineering - INFO - ❌ POOR PERFORMANCE. Multiple components failed - review configuration.
2025-08-06 03:10:08,842 - feature_engineering - INFO - ================================================================================
2025-08-06 03:10:08,842 - feature_engineering - INFO - Feature engineered data validation passed for season 2024: 569 records
2025-08-06 03:10:08,842 - feature_engineering - INFO - Data Quality Summary - Feature Engineering Complete (2024): 569 records, 144 features
2025-08-06 03:10:08,843 - feature_engineering - INFO - ✅ Calculated dual_threat_score for 145 RBs
2025-08-06 03:10:08,845 - feature_engineering - WARNING - ⚠️ Could not merge team rushing data, setting rushing_share to 0
2025-08-06 03:10:08,846 - feature_engineering - INFO - 🎯 PRODUCTION MODE: Filtered to 28 core features
2025-08-06 03:10:08,846 - feature_engineering - INFO -    Core features: ['games', 'age', 'attempts', 'completions', 'passing_yards', 'passing_tds', 'interceptions', 'carries', 'rushing_yards', 'rushing_tds', 'targets', 'receptions', 'receiving_yards', 'receiving_tds', 'yards_per_attempt', 'completion_percentage', 'yards_per_carry', 'catch_rate', 'dual_threat_score', 'rushing_share', 'target_share', 'yards_per_target', 'yards_per_reception', 'player_id', 'player_name', 'team', 'position', 'fantasy_points_ppr']
2025-08-06 03:10:08,846 - services.ranking.src.calculation.vor_calculator - INFO -    Found 227 WR players in projection features
2025-08-06 03:10:10,328 - services.ranking.src.calculation.vor_calculator - INFO - ✅ Generated 2025 projection data for 227 WR players
2025-08-06 03:10:10,328 - services.ranking.src.calculation.vor_calculator - INFO - ✅ Generated 227 2025 projections for WR
2025-08-06 03:10:10,354 - services.ranking.src.calculation.vor_calculator - INFO - ✅ Got 227 predictions from ML Models Service
2025-08-06 03:10:10,354 - services.ranking.src.calculation.vor_calculator - INFO - ✅ Got predictions from ML Models Service for WR
2025-08-06 03:10:10,354 - services.ranking.src.calculation.vor_calculator - INFO - ✅ Loaded 227 predictions for WR
2025-08-06 03:10:10,354 - services.ranking.src.calculation.vor_calculator - INFO - ✅ VOR calculated for WR: 227 players, replacement level: 6.91
2025-08-06 03:10:10,354 - services.ranking.src.scoring.scoring_engine - INFO - ✅ Loaded 227 players for WR
2025-08-06 03:10:10,354 - services.ranking.src.scoring.scoring_engine - INFO - 📊 Loading player data for TE...
2025-08-06 03:10:10,354 - services.ranking.src.calculation.vor_calculator - INFO - 📊 VOR Calculator initialized
2025-08-06 03:10:10,354 - services.ranking.src.calculation.vor_calculator - INFO - 📊 Calculating VOR for TE position...
2025-08-06 03:10:10,354 - services.ranking.src.calculation.vor_calculator - INFO - 🔄 Getting predictions from ML Models service for TE...
2025-08-06 03:10:10,354 - services.ranking.src.calculation.vor_calculator - INFO - 🎯 Generating 2025 projection features for TE players...
2025-08-06 03:10:10,354 - services.ranking.src.calculation.vor_calculator - INFO - 🔧 Generating 2025 projections for TE using feature engineering pipeline...
2025-08-06 03:10:10,354 - services.ranking.src.calculation.vor_calculator - INFO -    Engineering features: 2024 → 2025 projections
2025-08-06 03:10:10,368 - feature_engineering - ERROR - Error getting configuration: HTTPConnectionPool(host='configuration', port=8000): Max retries exceeded with url: /api/v1/config/data (Caused by NameResolutionError("<urllib3.connection.HTTPConnection object at 0x15e298710>: Failed to resolve 'configuration' ([Errno 8] nodename nor servname provided, or not known)"))
2025-08-06 03:10:10,368 - feature_engineering - ERROR - USING DEFAULT CONFIG DUE TO SERVICE COMMUNICATION FAILURE
2025-08-06 03:10:10,368 - feature_engineering - INFO - 🏗️ FEATURE ENGINEERING START: 2024 → 2025
2025-08-06 03:10:10,368 - feature_engineering - INFO - ================================================================================
2025-08-06 03:10:10,368 - feature_engineering - INFO - 📊 Configuration:
2025-08-06 03:10:10,368 - feature_engineering - INFO -    Target season: 2024
2025-08-06 03:10:10,368 - feature_engineering - INFO -    Prediction season: 2025
2025-08-06 03:10:10,368 - feature_engineering - INFO -    Matchup intelligence: False
2025-08-06 03:10:10,368 - feature_engineering - INFO -    Position-specific features: False
2025-08-06 03:10:10,368 - feature_engineering - INFO -    Weeks ahead SOS: 4
2025-08-06 03:10:10,368 - feature_engineering - INFO -    Historical seasons: [2023, 2024]
2025-08-06 03:10:10,368 - feature_engineering - INFO - ================================================================================
2025-08-06 03:10:10,368 - feature_engineering - INFO - 🎯 INFERENCE MODE: Preserving 2024 fantasy points for draft rankings
2025-08-06 03:10:10,376 - feature_engineering - INFO - Raw data validation passed for season 2024: 569 records
2025-08-06 03:10:10,377 - feature_engineering - INFO - Converted 'birth_date' column to datetime for season 2024 in current_season_df
2025-08-06 03:10:10,377 - feature_engineering - INFO - 🔧 Using raw data directly for feature engineering (skipping roster enhancement)
2025-08-06 03:10:10,377 - feature_engineering - INFO - ✅ Raw data loaded for 2024
2025-08-06 03:10:10,377 - feature_engineering - INFO -    Data shape: (569, 81)
2025-08-06 03:10:10,377 - feature_engineering - INFO -    Position breakdown: {'WR': 227, 'RB': 145, 'TE': 119, 'QB': 78}
2025-08-06 03:10:10,377 - feature_engineering - INFO - ✅ Data validation passed - required columns present: ['position', 'games', 'player_id']
2025-08-06 03:10:10,377 - feature_engineering - INFO -    Data shape: (569, 81)
2025-08-06 03:10:10,377 - feature_engineering - INFO -    Available positions: ['QB', 'RB', 'TE', 'WR']
2025-08-06 03:10:10,377 - feature_engineering - INFO - Calculating per-game statistics
2025-08-06 03:10:10,384 - feature_engineering - INFO - Calculating efficiency metrics
2025-08-06 03:10:10,388 - feature_engineering - INFO - Calculating team-level aggregates
2025-08-06 03:10:10,389 - feature_engineering - INFO - Calculating usage metrics
2025-08-06 03:10:10,393 - feature_engineering - INFO - Creating lagged features from previous season
2025-08-06 03:10:10,396 - feature_engineering - INFO - Handling rookies for prediction
2025-08-06 03:10:10,401 - feature_engineering - ERROR - Error getting configuration: HTTPConnectionPool(host='configuration', port=8000): Max retries exceeded with url: /api/v1/config/data (Caused by NameResolutionError("<urllib3.connection.HTTPConnection object at 0x15e64f850>: Failed to resolve 'configuration' ([Errno 8] nodename nor servname provided, or not known)"))
2025-08-06 03:10:10,401 - feature_engineering - ERROR - USING DEFAULT CONFIG DUE TO SERVICE COMMUNICATION FAILURE
2025-08-06 03:10:10,410 - feature_engineering - INFO - Identified 0 rookies for 2025 season
2025-08-06 03:10:10,410 - feature_engineering - WARNING - 'draftround' column not found, cannot apply rookie projections based on draft capital
2025-08-06 03:10:10,410 - feature_engineering - INFO - Handling players with minimal data (less than 4 games)
2025-08-06 03:10:10,414 - feature_engineering - ERROR - Error getting configuration: HTTPConnectionPool(host='configuration', port=8000): Max retries exceeded with url: /api/v1/config/data (Caused by NameResolutionError("<urllib3.connection.HTTPConnection object at 0x15e312990>: Failed to resolve 'configuration' ([Errno 8] nodename nor servname provided, or not known)"))
2025-08-06 03:10:10,414 - feature_engineering - ERROR - USING DEFAULT CONFIG DUE TO SERVICE COMMUNICATION FAILURE
2025-08-06 03:10:10,415 - feature_engineering - INFO - Applied baseline FPPG of 1.0 to 24 QB players with minimal data
2025-08-06 03:10:10,415 - feature_engineering - INFO - Applied baseline FPPG of 1.0 to 50 RB players with minimal data
2025-08-06 03:10:10,415 - feature_engineering - INFO - Applied baseline FPPG of 1.0 to 82 WR players with minimal data
2025-08-06 03:10:10,415 - feature_engineering - INFO - Applied baseline FPPG of 1.0 to 38 TE players with minimal data
2025-08-06 03:10:10,415 - feature_engineering - INFO - 🎯 STEP 9: Adding Opportunity Metrics
2025-08-06 03:10:10,415 - feature_engineering - WARNING - ⚠️ Opportunity metrics not available - skipping industry-standard calculations
2025-08-06 03:10:10,415 - feature_engineering - INFO - 📊 STEP 10: Adding Usage Analytics
2025-08-06 03:10:10,415 - feature_engineering - WARNING - ⚠️ Usage analytics not available - skipping advanced usage calculations
2025-08-06 03:10:10,415 - feature_engineering - INFO - 🎯 INFERENCE MODE: Generating projection features for 2025 rankings
2025-08-06 03:10:10,415 - feature_engineering - INFO -    Features based on 2024 data → 2025 projections
2025-08-06 03:10:10,415 - feature_engineering - INFO - ✅ Generated projection features for 569 players
2025-08-06 03:10:10,415 - feature_engineering - INFO -    Target variable set to NaN - ML models will generate predictions
2025-08-06 03:10:10,416 - feature_engineering - INFO - ================================================================================
2025-08-06 03:10:10,416 - feature_engineering - INFO - 🎯 COMPREHENSIVE FEATURE ENGINEERING SUMMARY
2025-08-06 03:10:10,416 - feature_engineering - INFO - ================================================================================
2025-08-06 03:10:10,416 - feature_engineering - INFO - 📊 Total Players: 569
2025-08-06 03:10:10,416 - feature_engineering - INFO - 📊 Total Features: 144
2025-08-06 03:10:10,416 - feature_engineering - INFO -    • Opportunity Metrics: 8
2025-08-06 03:10:10,416 - feature_engineering - INFO -    • Usage Analytics: 0
2025-08-06 03:10:10,416 - feature_engineering - INFO -    • Position-Specific: 0
2025-08-06 03:10:10,416 - feature_engineering - INFO -    • Matchup Intelligence: 0
2025-08-06 03:10:10,416 - feature_engineering - INFO - 🔍 Key Feature Validation:
2025-08-06 03:10:10,416 - feature_engineering - INFO -    • target_share: 478 non-zero (avg: 0.055)
2025-08-06 03:10:10,416 - feature_engineering - INFO -    • air_yards_share: 474 non-zero (avg: 0.956)
2025-08-06 03:10:10,416 - feature_engineering - INFO - 🏗️  Feature Enhancement Status:
2025-08-06 03:10:10,416 - feature_engineering - INFO -    ❌ Opportunity Metrics
2025-08-06 03:10:10,416 - feature_engineering - INFO -    ❌ Position-Specific Features
2025-08-06 03:10:10,416 - feature_engineering - INFO -    ❌ Matchup Intelligence
2025-08-06 03:10:10,416 - feature_engineering - INFO - 🔖 Feature Engineering Version: v1_traditional
2025-08-06 03:10:10,416 - feature_engineering - INFO - 
2025-08-06 03:10:10,416 - feature_engineering - INFO - 🔍 DETAILED COMPONENT STATUS REPORT
2025-08-06 03:10:10,416 - feature_engineering - INFO - --------------------------------------------------------------------------------
2025-08-06 03:10:10,416 - feature_engineering - INFO - 📊 Core Features:
2025-08-06 03:10:10,416 - feature_engineering - INFO -    ✅ Per-game statistics: SUCCESSFUL
2025-08-06 03:10:10,416 - feature_engineering - INFO -    ✅ Efficiency metrics: SUCCESSFUL
2025-08-06 03:10:10,416 - feature_engineering - INFO -    ✅ Team aggregates: SUCCESSFUL
2025-08-06 03:10:10,416 - feature_engineering - INFO -    ✅ Usage metrics: SUCCESSFUL
2025-08-06 03:10:10,416 - feature_engineering - INFO -    ✅ Lagged features: SUCCESSFUL
2025-08-06 03:10:10,417 - feature_engineering - INFO -    ✅ Age calculation: SUCCESSFUL
2025-08-06 03:10:10,417 - feature_engineering - INFO -    ✅ Rookie handling: SUCCESSFUL
2025-08-06 03:10:10,417 - feature_engineering - INFO - 🎯 Enhanced Features:
2025-08-06 03:10:10,417 - feature_engineering - INFO -    ❌ Opportunity Metrics: FAILED OR DISABLED
2025-08-06 03:10:10,417 - feature_engineering - INFO -       • Reason: Import failed - components not available
2025-08-06 03:10:10,417 - feature_engineering - INFO -    ❌ Usage Analytics: FAILED OR DISABLED
2025-08-06 03:10:10,417 - feature_engineering - INFO -       • Reason: Import failed - components not available
2025-08-06 03:10:10,417 - feature_engineering - INFO -    ⚪ Position-Specific Features: DISABLED (not requested)
2025-08-06 03:10:10,417 - feature_engineering - INFO -    ⚪ Matchup Intelligence: DISABLED (not requested)
2025-08-06 03:10:10,417 - feature_engineering - INFO - 
2025-08-06 03:10:10,417 - feature_engineering - INFO - 📋 Data Quality Report:
2025-08-06 03:10:10,417 - feature_engineering - INFO -    • Total players processed: 569
2025-08-06 03:10:10,417 - feature_engineering - INFO -    • Players with complete data: 0
2025-08-06 03:10:10,418 - feature_engineering - INFO -    • Missing data percentage: 17.5%
2025-08-06 03:10:10,418 - feature_engineering - INFO -    • Position breakdown: {'WR': 227, 'RB': 145, 'TE': 119, 'QB': 78}
2025-08-06 03:10:10,418 - feature_engineering - INFO - 
2025-08-06 03:10:10,418 - feature_engineering - INFO - 🏆 FEATURE ENGINEERING SUCCESS RATE: 25.0% (1/4 components)
2025-08-06 03:10:10,418 - feature_engineering - INFO - ❌ POOR PERFORMANCE. Multiple components failed - review configuration.
2025-08-06 03:10:10,418 - feature_engineering - INFO - ================================================================================
2025-08-06 03:10:10,418 - feature_engineering - INFO - Feature engineered data validation passed for season 2024: 569 records
2025-08-06 03:10:10,418 - feature_engineering - INFO - Data Quality Summary - Feature Engineering Complete (2024): 569 records, 144 features
2025-08-06 03:10:10,419 - feature_engineering - INFO - ✅ Calculated dual_threat_score for 145 RBs
2025-08-06 03:10:10,421 - feature_engineering - WARNING - ⚠️ Could not merge team rushing data, setting rushing_share to 0
2025-08-06 03:10:10,421 - feature_engineering - INFO - 🎯 PRODUCTION MODE: Filtered to 28 core features
2025-08-06 03:10:10,421 - feature_engineering - INFO -    Core features: ['games', 'age', 'attempts', 'completions', 'passing_yards', 'passing_tds', 'interceptions', 'carries', 'rushing_yards', 'rushing_tds', 'targets', 'receptions', 'receiving_yards', 'receiving_tds', 'yards_per_attempt', 'completion_percentage', 'yards_per_carry', 'catch_rate', 'dual_threat_score', 'rushing_share', 'target_share', 'yards_per_target', 'yards_per_reception', 'player_id', 'player_name', 'team', 'position', 'fantasy_points_ppr']
2025-08-06 03:10:10,422 - services.ranking.src.calculation.vor_calculator - INFO -    Found 119 TE players in projection features
2025-08-06 03:10:11,187 - services.ranking.src.calculation.vor_calculator - INFO - ✅ Generated 2025 projection data for 119 TE players
2025-08-06 03:10:11,187 - services.ranking.src.calculation.vor_calculator - INFO - ✅ Generated 119 2025 projections for TE
2025-08-06 03:10:11,208 - services.ranking.src.calculation.vor_calculator - INFO - ✅ Got 119 predictions from ML Models Service
2025-08-06 03:10:11,209 - services.ranking.src.calculation.vor_calculator - INFO - ✅ Got predictions from ML Models Service for TE
2025-08-06 03:10:11,209 - services.ranking.src.calculation.vor_calculator - INFO - ✅ Loaded 119 predictions for TE
2025-08-06 03:10:11,209 - services.ranking.src.calculation.vor_calculator - INFO - ✅ VOR calculated for TE: 119 players, replacement level: 5.13
2025-08-06 03:10:11,209 - services.ranking.src.scoring.scoring_engine - INFO - ✅ Loaded 119 players for TE
2025-08-06 03:10:11,209 - services.ranking.src.scoring.scoring_engine - INFO - ✅ Applied position scarcity adjustments
2025-08-06 03:10:11,209 - services.ranking.src.scoring.scoring_engine - INFO - ✅ Players sorted by vor
2025-08-06 03:10:11,209 - services.ranking.src.scoring.scoring_engine - INFO - ✅ Assigned tiers across 8 overall tiers
2025-08-06 03:10:11,210 - services.ranking.src.scoring.scoring_engine - INFO - ✅ Overall rankings generated: 569 players
2025-08-06 03:10:11,210 - __main__ - INFO - ✅ Ranking generation completed for positions: ['QB', 'RB', 'WR', 'TE']
2025-08-06 03:10:23,708 - services.ranking.src.api.base_api - INFO - Request started: GET /api/v1/rankings/status [correlation_id: 127c4d42-9e13-4b8d-b6f3-0a52f3ffd01d]
2025-08-06 03:10:23,709 - services.ranking.src.api.base_api - INFO - Request completed: GET /api/v1/rankings/status Status: 200 Duration: 0.001s [correlation_id: 127c4d42-9e13-4b8d-b6f3-0a52f3ffd01d]
INFO:     127.0.0.1:65027 - "GET /api/v1/rankings/status HTTP/1.1" 200 OK
2025-08-06 03:10:32,625 - services.ranking.src.api.base_api - INFO - Request started: GET /api/v1/rankings/list [correlation_id: c33745ca-a441-4048-9a40-e28db41db557]
2025-08-06 03:10:32,625 - services.ranking.src.api.base_api - INFO - Request completed: GET /api/v1/rankings/list Status: 200 Duration: 0.001s [correlation_id: c33745ca-a441-4048-9a40-e28db41db557]
INFO:     127.0.0.1:65054 - "GET /api/v1/rankings/list HTTP/1.1" 200 OK
2025-08-06 03:10:38,758 - services.ranking.src.api.base_api - INFO - Request started: GET /api/v1/rankings/retrieve [correlation_id: 8aa461b2-bc43-4054-9fb3-b23180264504]
2025-08-06 03:10:38,759 - services.ranking.src.api.base_api - INFO - Request completed: GET /api/v1/rankings/retrieve Status: 404 Duration: 0.000s [correlation_id: 8aa461b2-bc43-4054-9fb3-b23180264504]
INFO:     127.0.0.1:65074 - "GET /api/v1/rankings/retrieve?ranking_id=rankings_20250806_031011 HTTP/1.1" 404 Not Found
2025-08-06 03:10:44,560 - services.ranking.src.api.base_api - INFO - Request started: POST /api/v1/rankings/export [correlation_id: 10d12d2a-c149-445d-b6a7-ab8c33662feb]
2025-08-06 03:10:44,561 - services.ranking.src.outputs.cheatsheet_generator - INFO - 📤 Exporting rankings in csv format...
2025-08-06 03:10:44,561 - services.ranking.src.outputs.cheatsheet_generator - INFO - 📊 Loading ranking data for export...
2025-08-06 03:10:44,561 - services.ranking.src.scoring.scoring_engine - INFO - 🎯 Scoring Engine initialized
2025-08-06 03:10:44,561 - services.ranking.src.scoring.scoring_engine - INFO - 🏆 Generating overall rankings for ['QB', 'RB', 'WR', 'TE']...
2025-08-06 03:10:44,561 - services.ranking.src.scoring.scoring_engine - INFO - 📊 Loading player data for QB...
2025-08-06 03:10:44,561 - services.ranking.src.calculation.vor_calculator - INFO - 📊 VOR Calculator initialized
2025-08-06 03:10:44,561 - services.ranking.src.calculation.vor_calculator - INFO - 📊 Calculating VOR for QB position...
2025-08-06 03:10:44,561 - services.ranking.src.calculation.vor_calculator - INFO - 🔄 Getting predictions from ML Models service for QB...
2025-08-06 03:10:44,561 - services.ranking.src.calculation.vor_calculator - INFO - 🎯 Generating 2025 projection features for QB players...
2025-08-06 03:10:44,561 - services.ranking.src.calculation.vor_calculator - INFO - 🔧 Generating 2025 projections for QB using feature engineering pipeline...
2025-08-06 03:10:44,561 - services.ranking.src.calculation.vor_calculator - INFO -    Engineering features: 2024 → 2025 projections
2025-08-06 03:10:44,567 - feature_engineering - ERROR - Error getting configuration: HTTPConnectionPool(host='configuration', port=8000): Max retries exceeded with url: /api/v1/config/data (Caused by NameResolutionError("<urllib3.connection.HTTPConnection object at 0x15e2d00d0>: Failed to resolve 'configuration' ([Errno 8] nodename nor servname provided, or not known)"))
2025-08-06 03:10:44,567 - feature_engineering - ERROR - USING DEFAULT CONFIG DUE TO SERVICE COMMUNICATION FAILURE
2025-08-06 03:10:44,567 - feature_engineering - INFO - 🏗️ FEATURE ENGINEERING START: 2024 → 2025
2025-08-06 03:10:44,567 - feature_engineering - INFO - ================================================================================
2025-08-06 03:10:44,567 - feature_engineering - INFO - 📊 Configuration:
2025-08-06 03:10:44,567 - feature_engineering - INFO -    Target season: 2024
2025-08-06 03:10:44,567 - feature_engineering - INFO -    Prediction season: 2025
2025-08-06 03:10:44,567 - feature_engineering - INFO -    Matchup intelligence: False
2025-08-06 03:10:44,567 - feature_engineering - INFO -    Position-specific features: False
2025-08-06 03:10:44,567 - feature_engineering - INFO -    Weeks ahead SOS: 4
2025-08-06 03:10:44,567 - feature_engineering - INFO -    Historical seasons: [2023, 2024]
2025-08-06 03:10:44,567 - feature_engineering - INFO - ================================================================================
2025-08-06 03:10:44,567 - feature_engineering - INFO - 🎯 INFERENCE MODE: Preserving 2024 fantasy points for draft rankings
2025-08-06 03:10:44,579 - feature_engineering - INFO - Raw data validation passed for season 2024: 569 records
2025-08-06 03:10:44,579 - feature_engineering - INFO - Converted 'birth_date' column to datetime for season 2024 in current_season_df
2025-08-06 03:10:44,579 - feature_engineering - INFO - 🔧 Using raw data directly for feature engineering (skipping roster enhancement)
2025-08-06 03:10:44,580 - feature_engineering - INFO - ✅ Raw data loaded for 2024
2025-08-06 03:10:44,580 - feature_engineering - INFO -    Data shape: (569, 81)
2025-08-06 03:10:44,580 - feature_engineering - INFO -    Position breakdown: {'WR': 227, 'RB': 145, 'TE': 119, 'QB': 78}
2025-08-06 03:10:44,580 - feature_engineering - INFO - ✅ Data validation passed - required columns present: ['position', 'games', 'player_id']
2025-08-06 03:10:44,580 - feature_engineering - INFO -    Data shape: (569, 81)
2025-08-06 03:10:44,580 - feature_engineering - INFO -    Available positions: ['QB', 'RB', 'TE', 'WR']
2025-08-06 03:10:44,580 - feature_engineering - INFO - Calculating per-game statistics
2025-08-06 03:10:44,587 - feature_engineering - INFO - Calculating efficiency metrics
2025-08-06 03:10:44,593 - feature_engineering - INFO - Calculating team-level aggregates
2025-08-06 03:10:44,594 - feature_engineering - INFO - Calculating usage metrics
2025-08-06 03:10:44,598 - feature_engineering - INFO - Creating lagged features from previous season
2025-08-06 03:10:44,602 - feature_engineering - INFO - Handling rookies for prediction
2025-08-06 03:10:44,607 - feature_engineering - ERROR - Error getting configuration: HTTPConnectionPool(host='configuration', port=8000): Max retries exceeded with url: /api/v1/config/data (Caused by NameResolutionError("<urllib3.connection.HTTPConnection object at 0x15e275490>: Failed to resolve 'configuration' ([Errno 8] nodename nor servname provided, or not known)"))
2025-08-06 03:10:44,607 - feature_engineering - ERROR - USING DEFAULT CONFIG DUE TO SERVICE COMMUNICATION FAILURE
2025-08-06 03:10:44,617 - feature_engineering - INFO - Identified 0 rookies for 2025 season
2025-08-06 03:10:44,617 - feature_engineering - WARNING - 'draftround' column not found, cannot apply rookie projections based on draft capital
2025-08-06 03:10:44,617 - feature_engineering - INFO - Handling players with minimal data (less than 4 games)
2025-08-06 03:10:44,621 - feature_engineering - ERROR - Error getting configuration: HTTPConnectionPool(host='configuration', port=8000): Max retries exceeded with url: /api/v1/config/data (Caused by NameResolutionError("<urllib3.connection.HTTPConnection object at 0x15e2d0d50>: Failed to resolve 'configuration' ([Errno 8] nodename nor servname provided, or not known)"))
2025-08-06 03:10:44,621 - feature_engineering - ERROR - USING DEFAULT CONFIG DUE TO SERVICE COMMUNICATION FAILURE
2025-08-06 03:10:44,622 - feature_engineering - INFO - Applied baseline FPPG of 1.0 to 24 QB players with minimal data
2025-08-06 03:10:44,622 - feature_engineering - INFO - Applied baseline FPPG of 1.0 to 50 RB players with minimal data
2025-08-06 03:10:44,622 - feature_engineering - INFO - Applied baseline FPPG of 1.0 to 82 WR players with minimal data
2025-08-06 03:10:44,622 - feature_engineering - INFO - Applied baseline FPPG of 1.0 to 38 TE players with minimal data
2025-08-06 03:10:44,622 - feature_engineering - INFO - 🎯 STEP 9: Adding Opportunity Metrics
2025-08-06 03:10:44,623 - feature_engineering - WARNING - ⚠️ Opportunity metrics not available - skipping industry-standard calculations
2025-08-06 03:10:44,623 - feature_engineering - INFO - 📊 STEP 10: Adding Usage Analytics
2025-08-06 03:10:44,623 - feature_engineering - WARNING - ⚠️ Usage analytics not available - skipping advanced usage calculations
2025-08-06 03:10:44,623 - feature_engineering - INFO - 🎯 INFERENCE MODE: Generating projection features for 2025 rankings
2025-08-06 03:10:44,623 - feature_engineering - INFO -    Features based on 2024 data → 2025 projections
2025-08-06 03:10:44,623 - feature_engineering - INFO - ✅ Generated projection features for 569 players
2025-08-06 03:10:44,623 - feature_engineering - INFO -    Target variable set to NaN - ML models will generate predictions
2025-08-06 03:10:44,623 - feature_engineering - INFO - ================================================================================
2025-08-06 03:10:44,623 - feature_engineering - INFO - 🎯 COMPREHENSIVE FEATURE ENGINEERING SUMMARY
2025-08-06 03:10:44,623 - feature_engineering - INFO - ================================================================================
2025-08-06 03:10:44,623 - feature_engineering - INFO - 📊 Total Players: 569
2025-08-06 03:10:44,623 - feature_engineering - INFO - 📊 Total Features: 144
2025-08-06 03:10:44,623 - feature_engineering - INFO -    • Opportunity Metrics: 8
2025-08-06 03:10:44,623 - feature_engineering - INFO -    • Usage Analytics: 0
2025-08-06 03:10:44,623 - feature_engineering - INFO -    • Position-Specific: 0
2025-08-06 03:10:44,623 - feature_engineering - INFO -    • Matchup Intelligence: 0
2025-08-06 03:10:44,624 - feature_engineering - INFO - 🔍 Key Feature Validation:
2025-08-06 03:10:44,624 - feature_engineering - INFO -    • target_share: 478 non-zero (avg: 0.055)
2025-08-06 03:10:44,624 - feature_engineering - INFO -    • air_yards_share: 474 non-zero (avg: 0.956)
2025-08-06 03:10:44,624 - feature_engineering - INFO - 🏗️  Feature Enhancement Status:
2025-08-06 03:10:44,624 - feature_engineering - INFO -    ❌ Opportunity Metrics
2025-08-06 03:10:44,624 - feature_engineering - INFO -    ❌ Position-Specific Features
2025-08-06 03:10:44,624 - feature_engineering - INFO -    ❌ Matchup Intelligence
2025-08-06 03:10:44,624 - feature_engineering - INFO - 🔖 Feature Engineering Version: v1_traditional
2025-08-06 03:10:44,624 - feature_engineering - INFO - 
2025-08-06 03:10:44,624 - feature_engineering - INFO - 🔍 DETAILED COMPONENT STATUS REPORT
2025-08-06 03:10:44,624 - feature_engineering - INFO - --------------------------------------------------------------------------------
2025-08-06 03:10:44,624 - feature_engineering - INFO - 📊 Core Features:
2025-08-06 03:10:44,624 - feature_engineering - INFO -    ✅ Per-game statistics: SUCCESSFUL
2025-08-06 03:10:44,624 - feature_engineering - INFO -    ✅ Efficiency metrics: SUCCESSFUL
2025-08-06 03:10:44,624 - feature_engineering - INFO -    ✅ Team aggregates: SUCCESSFUL
2025-08-06 03:10:44,624 - feature_engineering - INFO -    ✅ Usage metrics: SUCCESSFUL
2025-08-06 03:10:44,624 - feature_engineering - INFO -    ✅ Lagged features: SUCCESSFUL
2025-08-06 03:10:44,624 - feature_engineering - INFO -    ✅ Age calculation: SUCCESSFUL
2025-08-06 03:10:44,624 - feature_engineering - INFO -    ✅ Rookie handling: SUCCESSFUL
2025-08-06 03:10:44,624 - feature_engineering - INFO - 🎯 Enhanced Features:
2025-08-06 03:10:44,624 - feature_engineering - INFO -    ❌ Opportunity Metrics: FAILED OR DISABLED
2025-08-06 03:10:44,624 - feature_engineering - INFO -       • Reason: Import failed - components not available
2025-08-06 03:10:44,624 - feature_engineering - INFO -    ❌ Usage Analytics: FAILED OR DISABLED
2025-08-06 03:10:44,624 - feature_engineering - INFO -       • Reason: Import failed - components not available
2025-08-06 03:10:44,624 - feature_engineering - INFO -    ⚪ Position-Specific Features: DISABLED (not requested)
2025-08-06 03:10:44,624 - feature_engineering - INFO -    ⚪ Matchup Intelligence: DISABLED (not requested)
2025-08-06 03:10:44,624 - feature_engineering - INFO - 
2025-08-06 03:10:44,624 - feature_engineering - INFO - 📋 Data Quality Report:
2025-08-06 03:10:44,624 - feature_engineering - INFO -    • Total players processed: 569
2025-08-06 03:10:44,625 - feature_engineering - INFO -    • Players with complete data: 0
2025-08-06 03:10:44,626 - feature_engineering - INFO -    • Missing data percentage: 17.5%
2025-08-06 03:10:44,626 - feature_engineering - INFO -    • Position breakdown: {'WR': 227, 'RB': 145, 'TE': 119, 'QB': 78}
2025-08-06 03:10:44,626 - feature_engineering - INFO - 
2025-08-06 03:10:44,626 - feature_engineering - INFO - 🏆 FEATURE ENGINEERING SUCCESS RATE: 25.0% (1/4 components)
2025-08-06 03:10:44,626 - feature_engineering - INFO - ❌ POOR PERFORMANCE. Multiple components failed - review configuration.
2025-08-06 03:10:44,626 - feature_engineering - INFO - ================================================================================
2025-08-06 03:10:44,626 - feature_engineering - INFO - Feature engineered data validation passed for season 2024: 569 records
2025-08-06 03:10:44,626 - feature_engineering - INFO - Data Quality Summary - Feature Engineering Complete (2024): 569 records, 144 features
2025-08-06 03:10:44,627 - feature_engineering - INFO - ✅ Calculated dual_threat_score for 145 RBs
2025-08-06 03:10:44,629 - feature_engineering - WARNING - ⚠️ Could not merge team rushing data, setting rushing_share to 0
2025-08-06 03:10:44,630 - feature_engineering - INFO - 🎯 PRODUCTION MODE: Filtered to 28 core features
2025-08-06 03:10:44,630 - feature_engineering - INFO -    Core features: ['games', 'age', 'attempts', 'completions', 'passing_yards', 'passing_tds', 'interceptions', 'carries', 'rushing_yards', 'rushing_tds', 'targets', 'receptions', 'receiving_yards', 'receiving_tds', 'yards_per_attempt', 'completion_percentage', 'yards_per_carry', 'catch_rate', 'dual_threat_score', 'rushing_share', 'target_share', 'yards_per_target', 'yards_per_reception', 'player_id', 'player_name', 'team', 'position', 'fantasy_points_ppr']
2025-08-06 03:10:44,630 - services.ranking.src.calculation.vor_calculator - INFO -    Found 78 QB players in projection features
2025-08-06 03:10:45,118 - services.ranking.src.calculation.vor_calculator - INFO - ✅ Generated 2025 projection data for 78 QB players
2025-08-06 03:10:45,118 - services.ranking.src.calculation.vor_calculator - INFO - ✅ Generated 78 2025 projections for QB
2025-08-06 03:10:45,138 - services.ranking.src.calculation.vor_calculator - INFO - ✅ Got 78 predictions from ML Models Service
2025-08-06 03:10:45,138 - services.ranking.src.calculation.vor_calculator - INFO - ✅ Got predictions from ML Models Service for QB
2025-08-06 03:10:45,138 - services.ranking.src.calculation.vor_calculator - INFO - ✅ Loaded 78 predictions for QB
2025-08-06 03:10:45,139 - services.ranking.src.calculation.vor_calculator - INFO - ✅ VOR calculated for QB: 78 players, replacement level: 17.03
2025-08-06 03:10:45,139 - services.ranking.src.scoring.scoring_engine - INFO - ✅ Loaded 78 players for QB
2025-08-06 03:10:45,139 - services.ranking.src.scoring.scoring_engine - INFO - 📊 Loading player data for RB...
2025-08-06 03:10:45,139 - services.ranking.src.calculation.vor_calculator - INFO - 📊 VOR Calculator initialized
2025-08-06 03:10:45,139 - services.ranking.src.calculation.vor_calculator - INFO - 📊 Calculating VOR for RB position...
2025-08-06 03:10:45,139 - services.ranking.src.calculation.vor_calculator - INFO - 🔄 Getting predictions from ML Models service for RB...
2025-08-06 03:10:45,139 - services.ranking.src.calculation.vor_calculator - INFO - 🎯 Generating 2025 projection features for RB players...
2025-08-06 03:10:45,139 - services.ranking.src.calculation.vor_calculator - INFO - 🔧 Generating 2025 projections for RB using feature engineering pipeline...
2025-08-06 03:10:45,139 - services.ranking.src.calculation.vor_calculator - INFO -    Engineering features: 2024 → 2025 projections
2025-08-06 03:10:45,143 - feature_engineering - ERROR - Error getting configuration: HTTPConnectionPool(host='configuration', port=8000): Max retries exceeded with url: /api/v1/config/data (Caused by NameResolutionError("<urllib3.connection.HTTPConnection object at 0x15e28b5d0>: Failed to resolve 'configuration' ([Errno 8] nodename nor servname provided, or not known)"))
2025-08-06 03:10:45,143 - feature_engineering - ERROR - USING DEFAULT CONFIG DUE TO SERVICE COMMUNICATION FAILURE
2025-08-06 03:10:45,143 - feature_engineering - INFO - 🏗️ FEATURE ENGINEERING START: 2024 → 2025
2025-08-06 03:10:45,143 - feature_engineering - INFO - ================================================================================
2025-08-06 03:10:45,143 - feature_engineering - INFO - 📊 Configuration:
2025-08-06 03:10:45,143 - feature_engineering - INFO -    Target season: 2024
2025-08-06 03:10:45,143 - feature_engineering - INFO -    Prediction season: 2025
2025-08-06 03:10:45,143 - feature_engineering - INFO -    Matchup intelligence: False
2025-08-06 03:10:45,143 - feature_engineering - INFO -    Position-specific features: False
2025-08-06 03:10:45,143 - feature_engineering - INFO -    Weeks ahead SOS: 4
2025-08-06 03:10:45,143 - feature_engineering - INFO -    Historical seasons: [2023, 2024]
2025-08-06 03:10:45,143 - feature_engineering - INFO - ================================================================================
2025-08-06 03:10:45,144 - feature_engineering - INFO - 🎯 INFERENCE MODE: Preserving 2024 fantasy points for draft rankings
2025-08-06 03:10:45,151 - feature_engineering - INFO - Raw data validation passed for season 2024: 569 records
2025-08-06 03:10:45,152 - feature_engineering - INFO - Converted 'birth_date' column to datetime for season 2024 in current_season_df
2025-08-06 03:10:45,152 - feature_engineering - INFO - 🔧 Using raw data directly for feature engineering (skipping roster enhancement)
2025-08-06 03:10:45,152 - feature_engineering - INFO - ✅ Raw data loaded for 2024
2025-08-06 03:10:45,152 - feature_engineering - INFO -    Data shape: (569, 81)
2025-08-06 03:10:45,152 - feature_engineering - INFO -    Position breakdown: {'WR': 227, 'RB': 145, 'TE': 119, 'QB': 78}
2025-08-06 03:10:45,152 - feature_engineering - INFO - ✅ Data validation passed - required columns present: ['position', 'games', 'player_id']
2025-08-06 03:10:45,152 - feature_engineering - INFO -    Data shape: (569, 81)
2025-08-06 03:10:45,152 - feature_engineering - INFO -    Available positions: ['QB', 'RB', 'TE', 'WR']
2025-08-06 03:10:45,152 - feature_engineering - INFO - Calculating per-game statistics
2025-08-06 03:10:45,159 - feature_engineering - INFO - Calculating efficiency metrics
2025-08-06 03:10:45,163 - feature_engineering - INFO - Calculating team-level aggregates
2025-08-06 03:10:45,165 - feature_engineering - INFO - Calculating usage metrics
2025-08-06 03:10:45,168 - feature_engineering - INFO - Creating lagged features from previous season
2025-08-06 03:10:45,171 - feature_engineering - INFO - Handling rookies for prediction
2025-08-06 03:10:45,176 - feature_engineering - ERROR - Error getting configuration: HTTPConnectionPool(host='configuration', port=8000): Max retries exceeded with url: /api/v1/config/data (Caused by NameResolutionError("<urllib3.connection.HTTPConnection object at 0x15e28b390>: Failed to resolve 'configuration' ([Errno 8] nodename nor servname provided, or not known)"))
2025-08-06 03:10:45,176 - feature_engineering - ERROR - USING DEFAULT CONFIG DUE TO SERVICE COMMUNICATION FAILURE
2025-08-06 03:10:45,185 - feature_engineering - INFO - Identified 0 rookies for 2025 season
2025-08-06 03:10:45,185 - feature_engineering - WARNING - 'draftround' column not found, cannot apply rookie projections based on draft capital
2025-08-06 03:10:45,185 - feature_engineering - INFO - Handling players with minimal data (less than 4 games)
2025-08-06 03:10:45,190 - feature_engineering - ERROR - Error getting configuration: HTTPConnectionPool(host='configuration', port=8000): Max retries exceeded with url: /api/v1/config/data (Caused by NameResolutionError("<urllib3.connection.HTTPConnection object at 0x15e671090>: Failed to resolve 'configuration' ([Errno 8] nodename nor servname provided, or not known)"))
2025-08-06 03:10:45,190 - feature_engineering - ERROR - USING DEFAULT CONFIG DUE TO SERVICE COMMUNICATION FAILURE
2025-08-06 03:10:45,191 - feature_engineering - INFO - Applied baseline FPPG of 1.0 to 24 QB players with minimal data
2025-08-06 03:10:45,191 - feature_engineering - INFO - Applied baseline FPPG of 1.0 to 50 RB players with minimal data
2025-08-06 03:10:45,191 - feature_engineering - INFO - Applied baseline FPPG of 1.0 to 82 WR players with minimal data
2025-08-06 03:10:45,191 - feature_engineering - INFO - Applied baseline FPPG of 1.0 to 38 TE players with minimal data
2025-08-06 03:10:45,191 - feature_engineering - INFO - 🎯 STEP 9: Adding Opportunity Metrics
2025-08-06 03:10:45,191 - feature_engineering - WARNING - ⚠️ Opportunity metrics not available - skipping industry-standard calculations
2025-08-06 03:10:45,191 - feature_engineering - INFO - 📊 STEP 10: Adding Usage Analytics
2025-08-06 03:10:45,191 - feature_engineering - WARNING - ⚠️ Usage analytics not available - skipping advanced usage calculations
2025-08-06 03:10:45,191 - feature_engineering - INFO - 🎯 INFERENCE MODE: Generating projection features for 2025 rankings
2025-08-06 03:10:45,191 - feature_engineering - INFO -    Features based on 2024 data → 2025 projections
2025-08-06 03:10:45,192 - feature_engineering - INFO - ✅ Generated projection features for 569 players
2025-08-06 03:10:45,192 - feature_engineering - INFO -    Target variable set to NaN - ML models will generate predictions
2025-08-06 03:10:45,192 - feature_engineering - INFO - ================================================================================
2025-08-06 03:10:45,192 - feature_engineering - INFO - 🎯 COMPREHENSIVE FEATURE ENGINEERING SUMMARY
2025-08-06 03:10:45,192 - feature_engineering - INFO - ================================================================================
2025-08-06 03:10:45,192 - feature_engineering - INFO - 📊 Total Players: 569
2025-08-06 03:10:45,192 - feature_engineering - INFO - 📊 Total Features: 144
2025-08-06 03:10:45,192 - feature_engineering - INFO -    • Opportunity Metrics: 8
2025-08-06 03:10:45,192 - feature_engineering - INFO -    • Usage Analytics: 0
2025-08-06 03:10:45,192 - feature_engineering - INFO -    • Position-Specific: 0
2025-08-06 03:10:45,192 - feature_engineering - INFO -    • Matchup Intelligence: 0
2025-08-06 03:10:45,192 - feature_engineering - INFO - 🔍 Key Feature Validation:
2025-08-06 03:10:45,192 - feature_engineering - INFO -    • target_share: 478 non-zero (avg: 0.055)
2025-08-06 03:10:45,192 - feature_engineering - INFO -    • air_yards_share: 474 non-zero (avg: 0.956)
2025-08-06 03:10:45,192 - feature_engineering - INFO - 🏗️  Feature Enhancement Status:
2025-08-06 03:10:45,192 - feature_engineering - INFO -    ❌ Opportunity Metrics
2025-08-06 03:10:45,192 - feature_engineering - INFO -    ❌ Position-Specific Features
2025-08-06 03:10:45,192 - feature_engineering - INFO -    ❌ Matchup Intelligence
2025-08-06 03:10:45,192 - feature_engineering - INFO - 🔖 Feature Engineering Version: v1_traditional
2025-08-06 03:10:45,192 - feature_engineering - INFO - 
2025-08-06 03:10:45,192 - feature_engineering - INFO - 🔍 DETAILED COMPONENT STATUS REPORT
2025-08-06 03:10:45,192 - feature_engineering - INFO - --------------------------------------------------------------------------------
2025-08-06 03:10:45,192 - feature_engineering - INFO - 📊 Core Features:
2025-08-06 03:10:45,192 - feature_engineering - INFO -    ✅ Per-game statistics: SUCCESSFUL
2025-08-06 03:10:45,192 - feature_engineering - INFO -    ✅ Efficiency metrics: SUCCESSFUL
2025-08-06 03:10:45,192 - feature_engineering - INFO -    ✅ Team aggregates: SUCCESSFUL
2025-08-06 03:10:45,192 - feature_engineering - INFO -    ✅ Usage metrics: SUCCESSFUL
2025-08-06 03:10:45,193 - feature_engineering - INFO -    ✅ Lagged features: SUCCESSFUL
2025-08-06 03:10:45,193 - feature_engineering - INFO -    ✅ Age calculation: SUCCESSFUL
2025-08-06 03:10:45,193 - feature_engineering - INFO -    ✅ Rookie handling: SUCCESSFUL
2025-08-06 03:10:45,193 - feature_engineering - INFO - 🎯 Enhanced Features:
2025-08-06 03:10:45,193 - feature_engineering - INFO -    ❌ Opportunity Metrics: FAILED OR DISABLED
2025-08-06 03:10:45,193 - feature_engineering - INFO -       • Reason: Import failed - components not available
2025-08-06 03:10:45,193 - feature_engineering - INFO -    ❌ Usage Analytics: FAILED OR DISABLED
2025-08-06 03:10:45,193 - feature_engineering - INFO -       • Reason: Import failed - components not available
2025-08-06 03:10:45,193 - feature_engineering - INFO -    ⚪ Position-Specific Features: DISABLED (not requested)
2025-08-06 03:10:45,193 - feature_engineering - INFO -    ⚪ Matchup Intelligence: DISABLED (not requested)
2025-08-06 03:10:45,193 - feature_engineering - INFO - 
2025-08-06 03:10:45,193 - feature_engineering - INFO - 📋 Data Quality Report:
2025-08-06 03:10:45,193 - feature_engineering - INFO -    • Total players processed: 569
2025-08-06 03:10:45,193 - feature_engineering - INFO -    • Players with complete data: 0
2025-08-06 03:10:45,194 - feature_engineering - INFO -    • Missing data percentage: 17.5%
2025-08-06 03:10:45,194 - feature_engineering - INFO -    • Position breakdown: {'WR': 227, 'RB': 145, 'TE': 119, 'QB': 78}
2025-08-06 03:10:45,194 - feature_engineering - INFO - 
2025-08-06 03:10:45,194 - feature_engineering - INFO - 🏆 FEATURE ENGINEERING SUCCESS RATE: 25.0% (1/4 components)
2025-08-06 03:10:45,194 - feature_engineering - INFO - ❌ POOR PERFORMANCE. Multiple components failed - review configuration.
2025-08-06 03:10:45,194 - feature_engineering - INFO - ================================================================================
2025-08-06 03:10:45,194 - feature_engineering - INFO - Feature engineered data validation passed for season 2024: 569 records
2025-08-06 03:10:45,194 - feature_engineering - INFO - Data Quality Summary - Feature Engineering Complete (2024): 569 records, 144 features
2025-08-06 03:10:45,195 - feature_engineering - INFO - ✅ Calculated dual_threat_score for 145 RBs
2025-08-06 03:10:45,197 - feature_engineering - WARNING - ⚠️ Could not merge team rushing data, setting rushing_share to 0
2025-08-06 03:10:45,197 - feature_engineering - INFO - 🎯 PRODUCTION MODE: Filtered to 28 core features
2025-08-06 03:10:45,197 - feature_engineering - INFO -    Core features: ['games', 'age', 'attempts', 'completions', 'passing_yards', 'passing_tds', 'interceptions', 'carries', 'rushing_yards', 'rushing_tds', 'targets', 'receptions', 'receiving_yards', 'receiving_tds', 'yards_per_attempt', 'completion_percentage', 'yards_per_carry', 'catch_rate', 'dual_threat_score', 'rushing_share', 'target_share', 'yards_per_target', 'yards_per_reception', 'player_id', 'player_name', 'team', 'position', 'fantasy_points_ppr']
2025-08-06 03:10:45,198 - services.ranking.src.calculation.vor_calculator - INFO -    Found 145 RB players in projection features
2025-08-06 03:10:46,102 - services.ranking.src.calculation.vor_calculator - INFO - ✅ Generated 2025 projection data for 145 RB players
2025-08-06 03:10:46,102 - services.ranking.src.calculation.vor_calculator - INFO - ✅ Generated 145 2025 projections for RB
2025-08-06 03:10:46,125 - services.ranking.src.calculation.vor_calculator - INFO - ✅ Got 145 predictions from ML Models Service
2025-08-06 03:10:46,125 - services.ranking.src.calculation.vor_calculator - INFO - ✅ Got predictions from ML Models Service for RB
2025-08-06 03:10:46,125 - services.ranking.src.calculation.vor_calculator - INFO - ✅ Loaded 145 predictions for RB
2025-08-06 03:10:46,125 - services.ranking.src.calculation.vor_calculator - INFO - ✅ VOR calculated for RB: 145 players, replacement level: 4.65
2025-08-06 03:10:46,125 - services.ranking.src.scoring.scoring_engine - INFO - ✅ Loaded 145 players for RB
2025-08-06 03:10:46,125 - services.ranking.src.scoring.scoring_engine - INFO - 📊 Loading player data for WR...
2025-08-06 03:10:46,125 - services.ranking.src.calculation.vor_calculator - INFO - 📊 VOR Calculator initialized
2025-08-06 03:10:46,125 - services.ranking.src.calculation.vor_calculator - INFO - 📊 Calculating VOR for WR position...
2025-08-06 03:10:46,125 - services.ranking.src.calculation.vor_calculator - INFO - 🔄 Getting predictions from ML Models service for WR...
2025-08-06 03:10:46,125 - services.ranking.src.calculation.vor_calculator - INFO - 🎯 Generating 2025 projection features for WR players...
2025-08-06 03:10:46,125 - services.ranking.src.calculation.vor_calculator - INFO - 🔧 Generating 2025 projections for WR using feature engineering pipeline...
2025-08-06 03:10:46,125 - services.ranking.src.calculation.vor_calculator - INFO -    Engineering features: 2024 → 2025 projections
2025-08-06 03:10:46,130 - feature_engineering - ERROR - Error getting configuration: HTTPConnectionPool(host='configuration', port=8000): Max retries exceeded with url: /api/v1/config/data (Caused by NameResolutionError("<urllib3.connection.HTTPConnection object at 0x15e31f650>: Failed to resolve 'configuration' ([Errno 8] nodename nor servname provided, or not known)"))
2025-08-06 03:10:46,130 - feature_engineering - ERROR - USING DEFAULT CONFIG DUE TO SERVICE COMMUNICATION FAILURE
2025-08-06 03:10:46,130 - feature_engineering - INFO - 🏗️ FEATURE ENGINEERING START: 2024 → 2025
2025-08-06 03:10:46,130 - feature_engineering - INFO - ================================================================================
2025-08-06 03:10:46,130 - feature_engineering - INFO - 📊 Configuration:
2025-08-06 03:10:46,130 - feature_engineering - INFO -    Target season: 2024
2025-08-06 03:10:46,130 - feature_engineering - INFO -    Prediction season: 2025
2025-08-06 03:10:46,130 - feature_engineering - INFO -    Matchup intelligence: False
2025-08-06 03:10:46,130 - feature_engineering - INFO -    Position-specific features: False
2025-08-06 03:10:46,131 - feature_engineering - INFO -    Weeks ahead SOS: 4
2025-08-06 03:10:46,131 - feature_engineering - INFO -    Historical seasons: [2023, 2024]
2025-08-06 03:10:46,131 - feature_engineering - INFO - ================================================================================
2025-08-06 03:10:46,131 - feature_engineering - INFO - 🎯 INFERENCE MODE: Preserving 2024 fantasy points for draft rankings
2025-08-06 03:10:46,138 - feature_engineering - INFO - Raw data validation passed for season 2024: 569 records
2025-08-06 03:10:46,138 - feature_engineering - INFO - Converted 'birth_date' column to datetime for season 2024 in current_season_df
2025-08-06 03:10:46,138 - feature_engineering - INFO - 🔧 Using raw data directly for feature engineering (skipping roster enhancement)
2025-08-06 03:10:46,139 - feature_engineering - INFO - ✅ Raw data loaded for 2024
2025-08-06 03:10:46,139 - feature_engineering - INFO -    Data shape: (569, 81)
2025-08-06 03:10:46,139 - feature_engineering - INFO -    Position breakdown: {'WR': 227, 'RB': 145, 'TE': 119, 'QB': 78}
2025-08-06 03:10:46,139 - feature_engineering - INFO - ✅ Data validation passed - required columns present: ['position', 'games', 'player_id']
2025-08-06 03:10:46,139 - feature_engineering - INFO -    Data shape: (569, 81)
2025-08-06 03:10:46,139 - feature_engineering - INFO -    Available positions: ['QB', 'RB', 'TE', 'WR']
2025-08-06 03:10:46,139 - feature_engineering - INFO - Calculating per-game statistics
2025-08-06 03:10:46,145 - feature_engineering - INFO - Calculating efficiency metrics
2025-08-06 03:10:46,150 - feature_engineering - INFO - Calculating team-level aggregates
2025-08-06 03:10:46,151 - feature_engineering - INFO - Calculating usage metrics
2025-08-06 03:10:46,155 - feature_engineering - INFO - Creating lagged features from previous season
2025-08-06 03:10:46,158 - feature_engineering - INFO - Handling rookies for prediction
2025-08-06 03:10:46,163 - feature_engineering - ERROR - Error getting configuration: HTTPConnectionPool(host='configuration', port=8000): Max retries exceeded with url: /api/v1/config/data (Caused by NameResolutionError("<urllib3.connection.HTTPConnection object at 0x12fba0c90>: Failed to resolve 'configuration' ([Errno 8] nodename nor servname provided, or not known)"))
2025-08-06 03:10:46,163 - feature_engineering - ERROR - USING DEFAULT CONFIG DUE TO SERVICE COMMUNICATION FAILURE
2025-08-06 03:10:46,172 - feature_engineering - INFO - Identified 0 rookies for 2025 season
2025-08-06 03:10:46,172 - feature_engineering - WARNING - 'draftround' column not found, cannot apply rookie projections based on draft capital
2025-08-06 03:10:46,172 - feature_engineering - INFO - Handling players with minimal data (less than 4 games)
2025-08-06 03:10:46,177 - feature_engineering - ERROR - Error getting configuration: HTTPConnectionPool(host='configuration', port=8000): Max retries exceeded with url: /api/v1/config/data (Caused by NameResolutionError("<urllib3.connection.HTTPConnection object at 0x15e2a0250>: Failed to resolve 'configuration' ([Errno 8] nodename nor servname provided, or not known)"))
2025-08-06 03:10:46,177 - feature_engineering - ERROR - USING DEFAULT CONFIG DUE TO SERVICE COMMUNICATION FAILURE
2025-08-06 03:10:46,177 - feature_engineering - INFO - Applied baseline FPPG of 1.0 to 24 QB players with minimal data
2025-08-06 03:10:46,177 - feature_engineering - INFO - Applied baseline FPPG of 1.0 to 50 RB players with minimal data
2025-08-06 03:10:46,177 - feature_engineering - INFO - Applied baseline FPPG of 1.0 to 82 WR players with minimal data
2025-08-06 03:10:46,178 - feature_engineering - INFO - Applied baseline FPPG of 1.0 to 38 TE players with minimal data
2025-08-06 03:10:46,178 - feature_engineering - INFO - 🎯 STEP 9: Adding Opportunity Metrics
2025-08-06 03:10:46,178 - feature_engineering - WARNING - ⚠️ Opportunity metrics not available - skipping industry-standard calculations
2025-08-06 03:10:46,178 - feature_engineering - INFO - 📊 STEP 10: Adding Usage Analytics
2025-08-06 03:10:46,178 - feature_engineering - WARNING - ⚠️ Usage analytics not available - skipping advanced usage calculations
2025-08-06 03:10:46,178 - feature_engineering - INFO - 🎯 INFERENCE MODE: Generating projection features for 2025 rankings
2025-08-06 03:10:46,178 - feature_engineering - INFO -    Features based on 2024 data → 2025 projections
2025-08-06 03:10:46,178 - feature_engineering - INFO - ✅ Generated projection features for 569 players
2025-08-06 03:10:46,178 - feature_engineering - INFO -    Target variable set to NaN - ML models will generate predictions
2025-08-06 03:10:46,178 - feature_engineering - INFO - ================================================================================
2025-08-06 03:10:46,178 - feature_engineering - INFO - 🎯 COMPREHENSIVE FEATURE ENGINEERING SUMMARY
2025-08-06 03:10:46,178 - feature_engineering - INFO - ================================================================================
2025-08-06 03:10:46,178 - feature_engineering - INFO - 📊 Total Players: 569
2025-08-06 03:10:46,178 - feature_engineering - INFO - 📊 Total Features: 144
2025-08-06 03:10:46,178 - feature_engineering - INFO -    • Opportunity Metrics: 8
2025-08-06 03:10:46,178 - feature_engineering - INFO -    • Usage Analytics: 0
2025-08-06 03:10:46,178 - feature_engineering - INFO -    • Position-Specific: 0
2025-08-06 03:10:46,178 - feature_engineering - INFO -    • Matchup Intelligence: 0
2025-08-06 03:10:46,178 - feature_engineering - INFO - 🔍 Key Feature Validation:
2025-08-06 03:10:46,178 - feature_engineering - INFO -    • target_share: 478 non-zero (avg: 0.055)
2025-08-06 03:10:46,178 - feature_engineering - INFO -    • air_yards_share: 474 non-zero (avg: 0.956)
2025-08-06 03:10:46,178 - feature_engineering - INFO - 🏗️  Feature Enhancement Status:
2025-08-06 03:10:46,179 - feature_engineering - INFO -    ❌ Opportunity Metrics
2025-08-06 03:10:46,179 - feature_engineering - INFO -    ❌ Position-Specific Features
2025-08-06 03:10:46,179 - feature_engineering - INFO -    ❌ Matchup Intelligence
2025-08-06 03:10:46,179 - feature_engineering - INFO - 🔖 Feature Engineering Version: v1_traditional
2025-08-06 03:10:46,179 - feature_engineering - INFO - 
2025-08-06 03:10:46,179 - feature_engineering - INFO - 🔍 DETAILED COMPONENT STATUS REPORT
2025-08-06 03:10:46,179 - feature_engineering - INFO - --------------------------------------------------------------------------------
2025-08-06 03:10:46,179 - feature_engineering - INFO - 📊 Core Features:
2025-08-06 03:10:46,179 - feature_engineering - INFO -    ✅ Per-game statistics: SUCCESSFUL
2025-08-06 03:10:46,179 - feature_engineering - INFO -    ✅ Efficiency metrics: SUCCESSFUL
2025-08-06 03:10:46,179 - feature_engineering - INFO -    ✅ Team aggregates: SUCCESSFUL
2025-08-06 03:10:46,179 - feature_engineering - INFO -    ✅ Usage metrics: SUCCESSFUL
2025-08-06 03:10:46,179 - feature_engineering - INFO -    ✅ Lagged features: SUCCESSFUL
2025-08-06 03:10:46,179 - feature_engineering - INFO -    ✅ Age calculation: SUCCESSFUL
2025-08-06 03:10:46,179 - feature_engineering - INFO -    ✅ Rookie handling: SUCCESSFUL
2025-08-06 03:10:46,179 - feature_engineering - INFO - 🎯 Enhanced Features:
2025-08-06 03:10:46,179 - feature_engineering - INFO -    ❌ Opportunity Metrics: FAILED OR DISABLED
2025-08-06 03:10:46,179 - feature_engineering - INFO -       • Reason: Import failed - components not available
2025-08-06 03:10:46,179 - feature_engineering - INFO -    ❌ Usage Analytics: FAILED OR DISABLED
2025-08-06 03:10:46,179 - feature_engineering - INFO -       • Reason: Import failed - components not available
2025-08-06 03:10:46,179 - feature_engineering - INFO -    ⚪ Position-Specific Features: DISABLED (not requested)
2025-08-06 03:10:46,179 - feature_engineering - INFO -    ⚪ Matchup Intelligence: DISABLED (not requested)
2025-08-06 03:10:46,179 - feature_engineering - INFO - 
2025-08-06 03:10:46,179 - feature_engineering - INFO - 📋 Data Quality Report:
2025-08-06 03:10:46,179 - feature_engineering - INFO -    • Total players processed: 569
2025-08-06 03:10:46,180 - feature_engineering - INFO -    • Players with complete data: 0
2025-08-06 03:10:46,180 - feature_engineering - INFO -    • Missing data percentage: 17.5%
2025-08-06 03:10:46,180 - feature_engineering - INFO -    • Position breakdown: {'WR': 227, 'RB': 145, 'TE': 119, 'QB': 78}
2025-08-06 03:10:46,180 - feature_engineering - INFO - 
2025-08-06 03:10:46,180 - feature_engineering - INFO - 🏆 FEATURE ENGINEERING SUCCESS RATE: 25.0% (1/4 components)
2025-08-06 03:10:46,180 - feature_engineering - INFO - ❌ POOR PERFORMANCE. Multiple components failed - review configuration.
2025-08-06 03:10:46,180 - feature_engineering - INFO - ================================================================================
2025-08-06 03:10:46,180 - feature_engineering - INFO - Feature engineered data validation passed for season 2024: 569 records
2025-08-06 03:10:46,181 - feature_engineering - INFO - Data Quality Summary - Feature Engineering Complete (2024): 569 records, 144 features
2025-08-06 03:10:46,181 - feature_engineering - INFO - ✅ Calculated dual_threat_score for 145 RBs
2025-08-06 03:10:46,183 - feature_engineering - WARNING - ⚠️ Could not merge team rushing data, setting rushing_share to 0
2025-08-06 03:10:46,184 - feature_engineering - INFO - 🎯 PRODUCTION MODE: Filtered to 28 core features
2025-08-06 03:10:46,184 - feature_engineering - INFO -    Core features: ['games', 'age', 'attempts', 'completions', 'passing_yards', 'passing_tds', 'interceptions', 'carries', 'rushing_yards', 'rushing_tds', 'targets', 'receptions', 'receiving_yards', 'receiving_tds', 'yards_per_attempt', 'completion_percentage', 'yards_per_carry', 'catch_rate', 'dual_threat_score', 'rushing_share', 'target_share', 'yards_per_target', 'yards_per_reception', 'player_id', 'player_name', 'team', 'position', 'fantasy_points_ppr']
2025-08-06 03:10:46,184 - services.ranking.src.calculation.vor_calculator - INFO -    Found 227 WR players in projection features
2025-08-06 03:10:47,667 - services.ranking.src.calculation.vor_calculator - INFO - ✅ Generated 2025 projection data for 227 WR players
2025-08-06 03:10:47,668 - services.ranking.src.calculation.vor_calculator - INFO - ✅ Generated 227 2025 projections for WR
2025-08-06 03:10:47,693 - services.ranking.src.calculation.vor_calculator - INFO - ✅ Got 227 predictions from ML Models Service
2025-08-06 03:10:47,693 - services.ranking.src.calculation.vor_calculator - INFO - ✅ Got predictions from ML Models Service for WR
2025-08-06 03:10:47,693 - services.ranking.src.calculation.vor_calculator - INFO - ✅ Loaded 227 predictions for WR
2025-08-06 03:10:47,693 - services.ranking.src.calculation.vor_calculator - INFO - ✅ VOR calculated for WR: 227 players, replacement level: 6.91
2025-08-06 03:10:47,693 - services.ranking.src.scoring.scoring_engine - INFO - ✅ Loaded 227 players for WR
2025-08-06 03:10:47,693 - services.ranking.src.scoring.scoring_engine - INFO - 📊 Loading player data for TE...
2025-08-06 03:10:47,693 - services.ranking.src.calculation.vor_calculator - INFO - 📊 VOR Calculator initialized
2025-08-06 03:10:47,693 - services.ranking.src.calculation.vor_calculator - INFO - 📊 Calculating VOR for TE position...
2025-08-06 03:10:47,693 - services.ranking.src.calculation.vor_calculator - INFO - 🔄 Getting predictions from ML Models service for TE...
2025-08-06 03:10:47,693 - services.ranking.src.calculation.vor_calculator - INFO - 🎯 Generating 2025 projection features for TE players...
2025-08-06 03:10:47,693 - services.ranking.src.calculation.vor_calculator - INFO - 🔧 Generating 2025 projections for TE using feature engineering pipeline...
2025-08-06 03:10:47,693 - services.ranking.src.calculation.vor_calculator - INFO -    Engineering features: 2024 → 2025 projections
2025-08-06 03:10:47,698 - feature_engineering - ERROR - Error getting configuration: HTTPConnectionPool(host='configuration', port=8000): Max retries exceeded with url: /api/v1/config/data (Caused by NameResolutionError("<urllib3.connection.HTTPConnection object at 0x15e644690>: Failed to resolve 'configuration' ([Errno 8] nodename nor servname provided, or not known)"))
2025-08-06 03:10:47,698 - feature_engineering - ERROR - USING DEFAULT CONFIG DUE TO SERVICE COMMUNICATION FAILURE
2025-08-06 03:10:47,699 - feature_engineering - INFO - 🏗️ FEATURE ENGINEERING START: 2024 → 2025
2025-08-06 03:10:47,699 - feature_engineering - INFO - ================================================================================
2025-08-06 03:10:47,699 - feature_engineering - INFO - 📊 Configuration:
2025-08-06 03:10:47,699 - feature_engineering - INFO -    Target season: 2024
2025-08-06 03:10:47,699 - feature_engineering - INFO -    Prediction season: 2025
2025-08-06 03:10:47,699 - feature_engineering - INFO -    Matchup intelligence: False
2025-08-06 03:10:47,699 - feature_engineering - INFO -    Position-specific features: False
2025-08-06 03:10:47,699 - feature_engineering - INFO -    Weeks ahead SOS: 4
2025-08-06 03:10:47,699 - feature_engineering - INFO -    Historical seasons: [2023, 2024]
2025-08-06 03:10:47,699 - feature_engineering - INFO - ================================================================================
2025-08-06 03:10:47,699 - feature_engineering - INFO - 🎯 INFERENCE MODE: Preserving 2024 fantasy points for draft rankings
2025-08-06 03:10:47,706 - feature_engineering - INFO - Raw data validation passed for season 2024: 569 records
2025-08-06 03:10:47,707 - feature_engineering - INFO - Converted 'birth_date' column to datetime for season 2024 in current_season_df
2025-08-06 03:10:47,707 - feature_engineering - INFO - 🔧 Using raw data directly for feature engineering (skipping roster enhancement)
2025-08-06 03:10:47,707 - feature_engineering - INFO - ✅ Raw data loaded for 2024
2025-08-06 03:10:47,707 - feature_engineering - INFO -    Data shape: (569, 81)
2025-08-06 03:10:47,707 - feature_engineering - INFO -    Position breakdown: {'WR': 227, 'RB': 145, 'TE': 119, 'QB': 78}
2025-08-06 03:10:47,707 - feature_engineering - INFO - ✅ Data validation passed - required columns present: ['position', 'games', 'player_id']
2025-08-06 03:10:47,707 - feature_engineering - INFO -    Data shape: (569, 81)
2025-08-06 03:10:47,707 - feature_engineering - INFO -    Available positions: ['QB', 'RB', 'TE', 'WR']
2025-08-06 03:10:47,707 - feature_engineering - INFO - Calculating per-game statistics
2025-08-06 03:10:47,713 - feature_engineering - INFO - Calculating efficiency metrics
2025-08-06 03:10:47,718 - feature_engineering - INFO - Calculating team-level aggregates
2025-08-06 03:10:47,719 - feature_engineering - INFO - Calculating usage metrics
2025-08-06 03:10:47,723 - feature_engineering - INFO - Creating lagged features from previous season
2025-08-06 03:10:47,726 - feature_engineering - INFO - Handling rookies for prediction
2025-08-06 03:10:47,730 - feature_engineering - ERROR - Error getting configuration: HTTPConnectionPool(host='configuration', port=8000): Max retries exceeded with url: /api/v1/config/data (Caused by NameResolutionError("<urllib3.connection.HTTPConnection object at 0x15e2a2950>: Failed to resolve 'configuration' ([Errno 8] nodename nor servname provided, or not known)"))
2025-08-06 03:10:47,730 - feature_engineering - ERROR - USING DEFAULT CONFIG DUE TO SERVICE COMMUNICATION FAILURE
2025-08-06 03:10:47,740 - feature_engineering - INFO - Identified 0 rookies for 2025 season
2025-08-06 03:10:47,740 - feature_engineering - WARNING - 'draftround' column not found, cannot apply rookie projections based on draft capital
2025-08-06 03:10:47,740 - feature_engineering - INFO - Handling players with minimal data (less than 4 games)
2025-08-06 03:10:47,744 - feature_engineering - ERROR - Error getting configuration: HTTPConnectionPool(host='configuration', port=8000): Max retries exceeded with url: /api/v1/config/data (Caused by NameResolutionError("<urllib3.connection.HTTPConnection object at 0x15e3109d0>: Failed to resolve 'configuration' ([Errno 8] nodename nor servname provided, or not known)"))
2025-08-06 03:10:47,744 - feature_engineering - ERROR - USING DEFAULT CONFIG DUE TO SERVICE COMMUNICATION FAILURE
2025-08-06 03:10:47,745 - feature_engineering - INFO - Applied baseline FPPG of 1.0 to 24 QB players with minimal data
2025-08-06 03:10:47,745 - feature_engineering - INFO - Applied baseline FPPG of 1.0 to 50 RB players with minimal data
2025-08-06 03:10:47,745 - feature_engineering - INFO - Applied baseline FPPG of 1.0 to 82 WR players with minimal data
2025-08-06 03:10:47,745 - feature_engineering - INFO - Applied baseline FPPG of 1.0 to 38 TE players with minimal data
2025-08-06 03:10:47,745 - feature_engineering - INFO - 🎯 STEP 9: Adding Opportunity Metrics
2025-08-06 03:10:47,745 - feature_engineering - WARNING - ⚠️ Opportunity metrics not available - skipping industry-standard calculations
2025-08-06 03:10:47,745 - feature_engineering - INFO - 📊 STEP 10: Adding Usage Analytics
2025-08-06 03:10:47,745 - feature_engineering - WARNING - ⚠️ Usage analytics not available - skipping advanced usage calculations
2025-08-06 03:10:47,745 - feature_engineering - INFO - 🎯 INFERENCE MODE: Generating projection features for 2025 rankings
2025-08-06 03:10:47,745 - feature_engineering - INFO -    Features based on 2024 data → 2025 projections
2025-08-06 03:10:47,745 - feature_engineering - INFO - ✅ Generated projection features for 569 players
2025-08-06 03:10:47,745 - feature_engineering - INFO -    Target variable set to NaN - ML models will generate predictions
2025-08-06 03:10:47,745 - feature_engineering - INFO - ================================================================================
2025-08-06 03:10:47,745 - feature_engineering - INFO - 🎯 COMPREHENSIVE FEATURE ENGINEERING SUMMARY
2025-08-06 03:10:47,745 - feature_engineering - INFO - ================================================================================
2025-08-06 03:10:47,746 - feature_engineering - INFO - 📊 Total Players: 569
2025-08-06 03:10:47,746 - feature_engineering - INFO - 📊 Total Features: 144
2025-08-06 03:10:47,746 - feature_engineering - INFO -    • Opportunity Metrics: 8
2025-08-06 03:10:47,746 - feature_engineering - INFO -    • Usage Analytics: 0
2025-08-06 03:10:47,746 - feature_engineering - INFO -    • Position-Specific: 0
2025-08-06 03:10:47,746 - feature_engineering - INFO -    • Matchup Intelligence: 0
2025-08-06 03:10:47,746 - feature_engineering - INFO - 🔍 Key Feature Validation:
2025-08-06 03:10:47,746 - feature_engineering - INFO -    • target_share: 478 non-zero (avg: 0.055)
2025-08-06 03:10:47,746 - feature_engineering - INFO -    • air_yards_share: 474 non-zero (avg: 0.956)
2025-08-06 03:10:47,746 - feature_engineering - INFO - 🏗️  Feature Enhancement Status:
2025-08-06 03:10:47,746 - feature_engineering - INFO -    ❌ Opportunity Metrics
2025-08-06 03:10:47,746 - feature_engineering - INFO -    ❌ Position-Specific Features
2025-08-06 03:10:47,746 - feature_engineering - INFO -    ❌ Matchup Intelligence
2025-08-06 03:10:47,746 - feature_engineering - INFO - 🔖 Feature Engineering Version: v1_traditional
2025-08-06 03:10:47,746 - feature_engineering - INFO - 
2025-08-06 03:10:47,746 - feature_engineering - INFO - 🔍 DETAILED COMPONENT STATUS REPORT
2025-08-06 03:10:47,746 - feature_engineering - INFO - --------------------------------------------------------------------------------
2025-08-06 03:10:47,746 - feature_engineering - INFO - 📊 Core Features:
2025-08-06 03:10:47,746 - feature_engineering - INFO -    ✅ Per-game statistics: SUCCESSFUL
2025-08-06 03:10:47,746 - feature_engineering - INFO -    ✅ Efficiency metrics: SUCCESSFUL
2025-08-06 03:10:47,746 - feature_engineering - INFO -    ✅ Team aggregates: SUCCESSFUL
2025-08-06 03:10:47,746 - feature_engineering - INFO -    ✅ Usage metrics: SUCCESSFUL
2025-08-06 03:10:47,746 - feature_engineering - INFO -    ✅ Lagged features: SUCCESSFUL
2025-08-06 03:10:47,746 - feature_engineering - INFO -    ✅ Age calculation: SUCCESSFUL
2025-08-06 03:10:47,746 - feature_engineering - INFO -    ✅ Rookie handling: SUCCESSFUL
2025-08-06 03:10:47,746 - feature_engineering - INFO - 🎯 Enhanced Features:
2025-08-06 03:10:47,746 - feature_engineering - INFO -    ❌ Opportunity Metrics: FAILED OR DISABLED
2025-08-06 03:10:47,746 - feature_engineering - INFO -       • Reason: Import failed - components not available
2025-08-06 03:10:47,746 - feature_engineering - INFO -    ❌ Usage Analytics: FAILED OR DISABLED
2025-08-06 03:10:47,746 - feature_engineering - INFO -       • Reason: Import failed - components not available
2025-08-06 03:10:47,746 - feature_engineering - INFO -    ⚪ Position-Specific Features: DISABLED (not requested)
2025-08-06 03:10:47,746 - feature_engineering - INFO -    ⚪ Matchup Intelligence: DISABLED (not requested)
2025-08-06 03:10:47,746 - feature_engineering - INFO - 
2025-08-06 03:10:47,746 - feature_engineering - INFO - 📋 Data Quality Report:
2025-08-06 03:10:47,746 - feature_engineering - INFO -    • Total players processed: 569
2025-08-06 03:10:47,747 - feature_engineering - INFO -    • Players with complete data: 0
2025-08-06 03:10:47,748 - feature_engineering - INFO -    • Missing data percentage: 17.5%
2025-08-06 03:10:47,748 - feature_engineering - INFO -    • Position breakdown: {'WR': 227, 'RB': 145, 'TE': 119, 'QB': 78}
2025-08-06 03:10:47,748 - feature_engineering - INFO - 
2025-08-06 03:10:47,748 - feature_engineering - INFO - 🏆 FEATURE ENGINEERING SUCCESS RATE: 25.0% (1/4 components)
2025-08-06 03:10:47,748 - feature_engineering - INFO - ❌ POOR PERFORMANCE. Multiple components failed - review configuration.
2025-08-06 03:10:47,748 - feature_engineering - INFO - ================================================================================
2025-08-06 03:10:47,748 - feature_engineering - INFO - Feature engineered data validation passed for season 2024: 569 records
2025-08-06 03:10:47,748 - feature_engineering - INFO - Data Quality Summary - Feature Engineering Complete (2024): 569 records, 144 features
2025-08-06 03:10:47,748 - feature_engineering - INFO - ✅ Calculated dual_threat_score for 145 RBs
2025-08-06 03:10:47,750 - feature_engineering - WARNING - ⚠️ Could not merge team rushing data, setting rushing_share to 0
2025-08-06 03:10:47,751 - feature_engineering - INFO - 🎯 PRODUCTION MODE: Filtered to 28 core features
2025-08-06 03:10:47,751 - feature_engineering - INFO -    Core features: ['games', 'age', 'attempts', 'completions', 'passing_yards', 'passing_tds', 'interceptions', 'carries', 'rushing_yards', 'rushing_tds', 'targets', 'receptions', 'receiving_yards', 'receiving_tds', 'yards_per_attempt', 'completion_percentage', 'yards_per_carry', 'catch_rate', 'dual_threat_score', 'rushing_share', 'target_share', 'yards_per_target', 'yards_per_reception', 'player_id', 'player_name', 'team', 'position', 'fantasy_points_ppr']
2025-08-06 03:10:47,751 - services.ranking.src.calculation.vor_calculator - INFO -    Found 119 TE players in projection features
2025-08-06 03:10:48,488 - services.ranking.src.calculation.vor_calculator - INFO - ✅ Generated 2025 projection data for 119 TE players
2025-08-06 03:10:48,488 - services.ranking.src.calculation.vor_calculator - INFO - ✅ Generated 119 2025 projections for TE
2025-08-06 03:10:48,510 - services.ranking.src.calculation.vor_calculator - INFO - ✅ Got 119 predictions from ML Models Service
2025-08-06 03:10:48,510 - services.ranking.src.calculation.vor_calculator - INFO - ✅ Got predictions from ML Models Service for TE
2025-08-06 03:10:48,510 - services.ranking.src.calculation.vor_calculator - INFO - ✅ Loaded 119 predictions for TE
2025-08-06 03:10:48,510 - services.ranking.src.calculation.vor_calculator - INFO - ✅ VOR calculated for TE: 119 players, replacement level: 5.13
2025-08-06 03:10:48,510 - services.ranking.src.scoring.scoring_engine - INFO - ✅ Loaded 119 players for TE
2025-08-06 03:10:48,510 - services.ranking.src.scoring.scoring_engine - INFO - ✅ Applied position scarcity adjustments
2025-08-06 03:10:48,510 - services.ranking.src.scoring.scoring_engine - INFO - ✅ Players sorted by vor
2025-08-06 03:10:48,511 - services.ranking.src.scoring.scoring_engine - INFO - ✅ Assigned tiers across 8 overall tiers
2025-08-06 03:10:48,511 - services.ranking.src.scoring.scoring_engine - INFO - ✅ Overall rankings generated: 569 players
2025-08-06 03:10:48,511 - services.ranking.src.outputs.cheatsheet_generator - INFO - ✅ Loaded 569 players for export
2025-08-06 03:10:48,516 - services.ranking.src.outputs.cheatsheet_generator - INFO - ✅ Rankings exported successfully in csv format
2025-08-06 03:10:48,517 - services.ranking.src.api.base_api - INFO - Request completed: POST /api/v1/rankings/export Status: 200 Duration: 3.956s [correlation_id: 10d12d2a-c149-445d-b6a7-ab8c33662feb]
INFO:     127.0.0.1:65094 - "POST /api/v1/rankings/export HTTP/1.1" 200 OK
INFO:     Shutting down
INFO:     Waiting for application shutdown.
2025-08-06 10:32:16,930 - services.ranking.src.api.base_api - INFO - Shutting down Ranking Service service
2025-08-06 10:32:16,933 - services.ranking.src.api.base_api - INFO - Ranking Service shutdown completed
INFO:     Application shutdown complete.
INFO:     Finished server process [17400]
